case,grid,cells,faces,arm,scheme,repeat,outer_budget,outer_iterations,wall_seconds,setup_s,momentum_assembly_s,momentum_solve_s,response_s,predicted_flux_s,pressure_assembly_s,pressure_solve_s,velocity_correction_s,face_flux_correction_s,bookkeeping_s,other_s,discretization_s,linear_solve_s,status,gpu_discretization,all_finite,mass_imbalance,u_residual,v_residual,p_residual,continuity_residual,momentum_lin_iters,pressure_lin_iters,h2d_calls,h2d_bytes,d2h_calls,d2h_bytes,allocations,reallocations,kernels,syncs,peak_device_bytes,device_used_bytes_after,gpu_solve_s
cavity2d,20x20,400,840,cpu,upwind,0,200,200,0.370434,3.0745e-05,0.190696,0.0364014,0.000400654,0.00569123,0.0226163,0.0752049,0.0353583,0.000738336,0.00236568,0.000921806,0.255501,0.111606,MaxIterations,0,1,0,1.1405e-05,1.11106e-05,0.00029653,6.80774e-08,3338,7166,0,0,0,0,0,0,0,0,0,1351815168,0
cavity2d,20x20,400,840,cpu,upwind,1,200,200,0.370134,3.5048e-05,0.19222,0.0360776,0.0003791,0.0057019,0.0227986,0.0734965,0.0354127,0.000707285,0.00231119,0.000965179,0.25722,0.109574,MaxIterations,0,1,0,1.1405e-05,1.11106e-05,0.00029653,6.80774e-08,3338,7166,0,0,0,0,0,0,0,0,0,1351815168,0
cavity2d,20x20,400,840,cpu,upwind,2,200,200,0.362622,3.7959e-05,0.188054,0.0359825,0.000370798,0.00598734,0.0221063,0.0713361,0.0348651,0.000699814,0.00225448,0.000912789,0.252083,0.107319,MaxIterations,0,1,0,1.1405e-05,1.11106e-05,0.00029653,6.80774e-08,3338,7166,0,0,0,0,0,0,0,0,0,1351815168,0
cavity2d,20x20,400,840,cpu,upwind,3,200,200,0.361672,3.1296e-05,0.186798,0.0359173,0.000367114,0.0057462,0.0228477,0.072081,0.0339695,0.000705719,0.00232565,0.00087206,0.250434,0.107998,MaxIterations,0,1,0,1.1405e-05,1.11106e-05,0.00029653,6.80774e-08,3338,7166,0,0,0,0,0,0,0,0,0,1351815168,0
cavity2d,20x20,400,840,cpu,upwind,4,200,200,0.350629,3.4079e-05,0.181999,0.0356691,0.000356679,0.00525868,0.0211805,0.0691636,0.0328641,0.000656531,0.00258396,0.000849841,0.242315,0.104833,MaxIterations,0,1,0,1.1405e-05,1.11106e-05,0.00029653,6.80774e-08,3338,7166,0,0,0,0,0,0,0,0,0,1351815168,0
cavity2d,20x20,400,840,gpu-pipe,upwind,0,200,200,6.12902,3.1612e-05,0.175706,1.98285,0.00074089,0.00561969,0.0221381,3.90512,0.0318323,0.000657381,0.00264651,0.00160562,0.236694,5.88798,MaxIterations,0,1,0,1.1405e-05,1.11106e-05,0.00029653,6.80497e-08,3340,7176,1804,13089920,42616,3086656,28,2,127570,42016,131848,1351815168,5.88688
cavity2d,20x20,400,840,gpu-pipe,upwind,1,200,200,6.74258,2.9906e-05,0.164129,2.2252,0.000799719,0.0051237,0.0210394,4.29189,0.0300024,0.000614893,0.00246687,0.00122574,0.221709,6.51709,MaxIterations,0,1,0,1.1405e-05,1.11106e-05,0.00029653,6.80497e-08,3340,7176,1804,13089920,42616,3086656,26,0,127570,42016,131824,1351815168,6.51611
cavity2d,20x20,400,840,gpu-pipe,upwind,2,200,200,8.0672,2.9291e-05,0.158372,2.60665,0.000629755,0.00492736,0.0200537,5.24317,0.0292522,0.000591497,0.00233866,0.00112912,0.213827,7.84983,MaxIterations,0,1,0,1.1405e-05,1.11106e-05,0.00029653,6.80497e-08,3340,7176,1804,13089920,42616,3086656,26,0,127570,42016,131824,1351815168,7.84881
cavity2d,20x20,400,840,gpu-pipe,upwind,3,200,200,7.90023,2.4716e-05,0.159919,2.51634,0.000656296,0.00517455,0.0203177,5.16392,0.0295604,0.00060108,0.0024389,0.00122388,0.216229,7.68026,MaxIterations,0,1,0,1.1405e-05,1.11106e-05,0.00029653,6.80497e-08,3340,7176,1804,13089920,42616,3086656,26,0,127570,42016,131824,1351815168,7.67924
cavity2d,20x20,400,840,gpu-pipe,upwind,4,200,200,7.77055,2.73e-05,0.160785,2.49643,0.000616114,0.00486143,0.0201789,5.05421,0.0289243,0.000598567,0.00244645,0.00141779,0.215964,7.55064,MaxIterations,0,1,0,1.1405e-05,1.11106e-05,0.00029653,6.80497e-08,3340,7176,1804,13089920,42616,3086656,26,0,127570,42016,131824,1351815168,7.54956
cavity2d,20x20,400,840,gpu-disc,upwind,0,200,200,8.50872,0.00874,0.672018,2.45483,0.00798637,0.00143256,0.12791,5.04065,0.152749,0.0270841,0.00317228,0.0113137,0.98918,7.49548,MaxIterations,1,1,0,1.1405e-05,1.11106e-05,0.00029653,6.80497e-08,3340,7176,4495,23123952,45816,28627456,371,0,137370,42016,2057720,1351815168,7.48459
cavity2d,20x20,400,840,gpu-disc,upwind,1,200,200,8.45752,0.0122335,0.661918,2.44673,0.0072761,0.00123637,0.123287,5.01309,0.15019,0.0267266,0.00326245,0.0107509,0.970634,7.45982,MaxIterations,1,1,0,1.1405e-05,1.11106e-05,0.00029653,6.80497e-08,3340,7176,4495,23123952,45816,28627456,371,0,137370,42016,2057720,1351815168,7.44917
cavity2d,20x20,400,840,gpu-disc,upwind,2,200,200,8.03883,0.00938438,0.713853,2.26348,0.0065649,0.00103483,0.115943,4.69865,0.17995,0.0364177,0.00298509,0.00957917,1.05376,6.96214,MaxIterations,1,1,0,1.1405e-05,1.11106e-05,0.00029653,6.80497e-08,3340,7176,4495,23123952,45816,28627456,371,0,137370,42016,2057720,1351815168,6.95259
cavity2d,20x20,400,840,gpu-disc,upwind,3,200,200,8.291,0.00796567,0.676298,2.38309,0.00757583,0.00137376,0.126728,4.88842,0.15644,0.0285928,0.00325028,0.0105413,0.997008,7.27151,MaxIterations,1,1,0,1.1405e-05,1.11106e-05,0.00029653,6.80497e-08,3340,7176,4495,23123952,45816,28627456,371,0,137370,42016,2057720,1351815168,7.26075
cavity2d,20x20,400,840,gpu-disc,upwind,4,200,200,8.53754,0.00907403,0.680081,2.47536,0.00788284,0.00139507,0.125998,5.0373,0.158077,0.0278334,0.00328548,0.0104525,1.00127,7.51266,MaxIterations,1,1,0,1.1405e-05,1.11106e-05,0.00029653,6.80497e-08,3340,7176,4495,23123952,45816,28627456,371,0,137370,42016,2057720,1351815168,7.50202
cavity2d,20x20,400,840,disc-only,upwind,0,200,200,1.07142,0.0144528,0.61855,0.0527354,0.0133462,0.00163074,0.122759,0.0592497,0.142361,0.028061,0.00212339,0.0156443,0.926707,0.111985,MaxIterations,1,1,0,1.1405e-05,1.11106e-05,0.00029653,6.80774e-08,3338,7166,2691,10034032,3200,25540800,345,0,9800,0,1925896,1351815168,0
cavity2d,20x20,400,840,disc-only,upwind,1,200,200,1.03454,0.0157761,0.584721,0.0532039,0.013196,0.00119611,0.120668,0.0599495,0.140244,0.02889,0.0021642,0.0140982,0.888915,0.113153,MaxIterations,1,1,0,1.1405e-05,1.11106e-05,0.00029653,6.80774e-08,3338,7166,2691,10034032,3200,25540800,345,0,9800,0,1925896,1351815168,0
cavity2d,20x20,400,840,disc-only,upwind,2,200,200,1.01322,0.0157059,0.568538,0.0528331,0.0126171,0.00129987,0.122195,0.0585983,0.133506,0.0305535,0.00218708,0.0147344,0.868709,0.111431,MaxIterations,1,1,0,1.1405e-05,1.11106e-05,0.00029653,6.80774e-08,3338,7166,2691,10034032,3200,25540800,345,0,9800,0,1925896,1351815168,0
cavity2d,20x20,400,840,disc-only,upwind,3,200,200,0.963999,0.0126135,0.539888,0.0505413,0.0118295,0.00143319,0.117795,0.0567757,0.127195,0.0273165,0.00223789,0.0158887,0.825456,0.107317,MaxIterations,1,1,0,1.1405e-05,1.11106e-05,0.00029653,6.80774e-08,3338,7166,2691,10034032,3200,25540800,345,0,9800,0,1925896,1351815168,0
cavity2d,20x20,400,840,disc-only,upwind,4,200,200,0.944475,0.0157658,0.513931,0.0526083,0.0111688,0.00152451,0.116167,0.0582458,0.127004,0.0279949,0.00216349,0.0174358,0.79779,0.110854,MaxIterations,1,1,0,1.1405e-05,1.11106e-05,0.00029653,6.80774e-08,3338,7166,2691,10034032,3200,25540800,345,0,9800,0,1925896,1351815168,0
cavity2d,40x40,1600,3280,cpu,upwind,0,200,200,1.56221,9.1331e-05,0.649277,0.14598,0.00141796,0.0180984,0.0872656,0.540484,0.106426,0.00260466,0.00857584,0.00196621,0.86509,0.686464,MaxIterations,0,1,0,3.86067e-05,3.67029e-05,0.000131926,5.92166e-08,3870,15098,0,0,0,0,0,0,0,0,0,1351815168,0
cavity2d,40x40,1600,3280,cpu,upwind,1,200,200,1.51545,9.1912e-05,0.636071,0.139573,0.00171028,0.0179251,0.0816808,0.522357,0.103784,0.00223548,0.008097,0.00191321,0.843407,0.66193,MaxIterations,0,1,0,3.86067e-05,3.67029e-05,0.000131926,5.92166e-08,3870,15098,0,0,0,0,0,0,0,0,0,1351815168,0
cavity2d,40x40,1600,3280,cpu,upwind,2,200,200,1.47808,9.111e-05,0.620201,0.136342,0.00140284,0.0167997,0.0803823,0.509243,0.10139,0.00226007,0.00810144,0.00184931,0.822436,0.645585,MaxIterations,0,1,0,3.86067e-05,3.67029e-05,0.000131926,5.92166e-08,3870,15098,0,0,0,0,0,0,0,0,0,1351815168,0
cavity2d,40x40,1600,3280,cpu,upwind,3,200,200,1.45541,9.8795e-05,0.607778,0.133333,0.00134927,0.0174204,0.0792304,0.503175,0.101299,0.00215008,0.00775267,0.00181236,0.809226,0.636508,MaxIterations,0,1,0,3.86067e-05,3.67029e-05,0.000131926,5.92166e-08,3870,15098,0,0,0,0,0,0,0,0,0,1351815168,0
cavity2d,40x40,1600,3280,cpu,upwind,4,200,200,1.43215,8.8485e-05,0.597032,0.130003,0.00132011,0.0169543,0.0770162,0.498573,0.0996777,0.00213991,0.00757843,0.00174873,0.79414,0.628575,MaxIterations,0,1,0,3.86067e-05,3.67029e-05,0.000131926,5.92166e-08,3870,15098,0,0,0,0,0,0,0,0,0,1351815168,0
cavity2d,40x40,1600,3280,gpu-pipe,upwind,0,200,200,14.0612,8.9025e-05,0.568833,2.87342,0.00219789,0.0159545,0.0781445,10.4189,0.0902963,0.0020181,0.00851905,0.00270417,0.757445,13.2924,MaxIterations,0,1,0,3.8832e-05,3.64814e-05,0.000131925,6.45029e-08,3869,15178,1804,53139840,76686,15101400,28,2,229807,76086,532584,1351815168,13.29
cavity2d,40x40,1600,3280,gpu-pipe,upwind,1,200,200,14.1211,8.0785e-05,0.565521,2.89754,0.0021816,0.0162599,0.0786292,10.4559,0.0917283,0.00199382,0.00842643,0.00276196,0.756314,13.3535,MaxIterations,0,1,0,3.8832e-05,3.64814e-05,0.000131925,6.45029e-08,3869,15178,1804,53139840,76686,15101400,26,0,229807,76086,532464,1351815168,13.3511
cavity2d,40x40,1600,3280,gpu-pipe,upwind,2,200,200,14.0094,7.814e-05,0.574548,2.87815,0.00213842,0.01625,0.0782714,10.3548,0.0917345,0.0020237,0.0084877,0.00285019,0.764966,13.2329,MaxIterations,0,1,0,3.8832e-05,3.64814e-05,0.000131925,6.45029e-08,3869,15178,1804,53139840,76686,15101400,26,0,229807,76086,532464,1351815168,13.2304
cavity2d,40x40,1600,3280,gpu-pipe,upwind,3,200,200,14.0863,8.3308e-05,0.57389,2.87247,0.00214872,0.0162983,0.0787319,10.4375,0.0917971,0.00208195,0.00840599,0.0028139,0.764948,13.31,MaxIterations,0,1,0,3.8832e-05,3.64814e-05,0.000131925,6.45029e-08,3869,15178,1804,53139840,76686,15101400,26,0,229807,76086,532464,1351815168,13.3075
cavity2d,40x40,1600,3280,gpu-pipe,upwind,4,200,200,13.8737,8.4133e-05,0.57484,2.82879,0.00218461,0.0162444,0.0789418,10.2678,0.091784,0.00204175,0.00828032,0.00265386,0.766036,13.0966,MaxIterations,0,1,0,3.8832e-05,3.64814e-05,0.000131925,6.45029e-08,3869,15178,1804,53139840,76686,15101400,26,0,229807,76086,532464,1351815168,13.0942
cavity2d,40x40,1600,3280,gpu-disc,upwind,0,200,200,14.3506,0.0160215,0.766007,2.7516,0.00847959,0.00120267,0.164586,10.4258,0.163867,0.0302138,0.0111016,0.0106636,1.13436,13.1774,MaxIterations,1,1,0,3.8832e-05,3.64814e-05,0.000131925,6.45029e-08,3869,15178,4495,92983792,79886,118658200,371,0,239607,76086,8070520,1351815168,13.1606
cavity2d,40x40,1600,3280,gpu-disc,upwind,1,200,200,13.936,0.0147984,0.792669,2.69954,0.00778734,0.0012342,0.160503,10.0303,0.172292,0.0338562,0.0111906,0.0106615,1.16834,12.7298,MaxIterations,1,1,0,3.8832e-05,3.64814e-05,0.000131925,6.45029e-08,3869,15178,4495,92983792,79886,118658200,371,0,239607,76086,8070520,1351815168,12.7128
cavity2d,40x40,1600,3280,gpu-disc,upwind,2,200,200,13.8448,0.0141898,0.792592,2.67387,0.00814066,0.00129071,0.159868,9.96057,0.177915,0.0336724,0.0107669,0.0107977,1.17348,12.6344,MaxIterations,1,1,0,3.8832e-05,3.64814e-05,0.000131925,6.45029e-08,3869,15178,4495,92983792,79886,118658200,371,0,239607,76086,8070520,1351815168,12.6183
cavity2d,40x40,1600,3280,gpu-disc,upwind,3,200,200,14.6194,0.0216233,0.771721,2.82314,0.00849642,0.00122615,0.162865,10.6107,0.16545,0.0311404,0.0112853,0.0106838,1.1409,13.4338,MaxIterations,1,1,0,3.8832e-05,3.64814e-05,0.000131925,6.45029e-08,3869,15178,4495,92983792,79886,118658200,371,0,239607,76086,8070520,1351815168,13.4165
cavity2d,40x40,1600,3280,gpu-disc,upwind,4,200,200,14.4895,0.0190549,0.787938,2.82099,0.0102818,0.0011657,0.165522,10.4625,0.168241,0.0309517,0.011421,0.0103723,1.1641,13.2835,MaxIterations,1,1,0,3.8832e-05,3.64814e-05,0.000131925,6.45029e-08,3869,15178,4495,92983792,79886,118658200,371,0,239607,76086,8070520,1351815168,13.2654
cavity2d,40x40,1600,3280,disc-only,upwind,0,200,200,1.98693,0.0151752,0.778266,0.202072,0.0124271,0.00126893,0.162882,0.493147,0.250422,0.0331648,0.00933815,0.027771,1.23843,0.69522,MaxIterations,1,1,0,3.86067e-05,3.67029e-05,0.000131926,5.92166e-08,3870,15098,2691,39843952,3200,103556800,345,0,9800,0,7538056,1351815168,0
cavity2d,40x40,1600,3280,disc-only,upwind,1,200,200,1.86119,0.0142937,0.705583,0.196133,0.0118569,0.00112356,0.160082,0.480847,0.219452,0.034491,0.00892405,0.0273106,1.13259,0.67698,MaxIterations,1,1,0,3.86067e-05,3.67029e-05,0.000131926,5.92166e-08,3870,15098,2691,39843952,3200,103556800,345,0,9800,0,7538056,1351815168,0
cavity2d,40x40,1600,3280,disc-only,upwind,2,200,200,1.97863,0.0148132,0.727383,0.238566,0.0135917,0.00136064,0.153742,0.468162,0.289858,0.0344232,0.0087997,0.0268278,1.22036,0.706729,MaxIterations,1,1,0,3.86067e-05,3.67029e-05,0.000131926,5.92166e-08,3870,15098,2691,39843952,3200,103556800,345,0,9800,0,7538056,1351815168,0
cavity2d,40x40,1600,3280,disc-only,upwind,3,200,200,1.85063,0.0151352,0.703981,0.194442,0.0119881,0.00127885,0.151343,0.470127,0.232795,0.0315253,0.00835855,0.028662,1.13291,0.664569,MaxIterations,1,1,0,3.86067e-05,3.67029e-05,0.000131926,5.92166e-08,3870,15098,2691,39843952,3200,103556800,345,0,9800,0,7538056,1351815168,0
cavity2d,40x40,1600,3280,disc-only,upwind,4,200,200,1.73913,0.0145005,0.666192,0.175416,0.010615,0.00105129,0.148465,0.469392,0.183354,0.032022,0.00818462,0.0288289,1.0417,0.644808,MaxIterations,1,1,0,3.86067e-05,3.67029e-05,0.000131926,5.92166e-08,3870,15098,2691,39843952,3200,103556800,345,0,9800,0,7538056,1351815168,0
cavity2d,80x80,6400,12960,cpu,upwind,0,200,200,6.87387,0.000301847,2.83132,0.510291,0.00664617,0.060858,0.329633,2.65258,0.364749,0.00900704,0.0332913,0.0751657,3.60221,3.16288,MaxIterations,0,1,0,0.000334219,0.000294078,7.17946e-05,6.95152e-08,3581,19081,0,0,0,0,0,0,0,0,0,1351815168,0
cavity2d,80x80,6400,12960,cpu,upwind,1,200,200,6.65952,0.000393905,2.73584,0.489492,0.00659927,0.0595076,0.320582,2.57561,0.356093,0.00931175,0.0322912,0.0737655,3.48793,3.06511,MaxIterations,0,1,0,0.000334219,0.000294078,7.17946e-05,6.95152e-08,3581,19081,0,0,0,0,0,0,0,0,0,1351815168,0
cavity2d,80x80,6400,12960,cpu,upwind,2,200,200,6.56427,0.000291795,2.66916,0.483179,0.00618055,0.0581882,0.31918,2.56589,0.352201,0.00880886,0.0310363,0.0701175,3.41372,3.04907,MaxIterations,0,1,0,0.000334219,0.000294078,7.17946e-05,6.95152e-08,3581,19081,0,0,0,0,0,0,0,0,0,1351815168,0
cavity2d,80x80,6400,12960,cpu,upwind,3,200,200,6.64966,0.000327028,2.7413,0.492639,0.00654389,0.0596017,0.323472,2.54919,0.354449,0.0088055,0.0327864,0.0805247,3.49417,3.04183,MaxIterations,0,1,0,0.000334219,0.000294078,7.17946e-05,6.95152e-08,3581,19081,0,0,0,0,0,0,0,0,0,1351815168,0
cavity2d,80x80,6400,12960,cpu,upwind,4,200,200,6.54397,0.000370947,2.67744,0.483915,0.00627899,0.0580744,0.311644,2.53312,0.353256,0.0106667,0.03127,0.0778741,3.41736,3.01703,MaxIterations,0,1,0,0.000334219,0.000294078,7.17946e-05,6.95152e-08,3581,19081,0,0,0,0,0,0,0,0,0,1351815168,0
cavity2d,80x80,6400,12960,gpu-pipe,upwind,0,200,200,20.9116,0.000300817,2.9672,3.32922,0.00786184,0.0585526,0.339066,13.7631,0.316073,0.00861344,0.0340821,0.0867791,3.69736,17.0924,MaxIterations,0,1,0,0.000334277,0.000294011,7.17946e-05,7.0809e-08,3581,19237,1804,214110080,91808,62519600,28,2,275154,91208,2140576,1351815168,17.0833
cavity2d,80x80,6400,12960,gpu-pipe,upwind,1,200,200,20.655,0.000288228,3.05732,3.18371,0.00824017,0.0613419,0.453514,13.4944,0.319189,0.00845442,0.0338294,0.0340622,3.90806,16.6781,MaxIterations,0,1,0,0.000334277,0.000294011,7.17946e-05,7.0809e-08,3581,19237,1804,214110080,91808,62519600,26,0,275154,91208,2140144,1351815168,16.6688
cavity2d,80x80,6400,12960,gpu-pipe,upwind,2,200,200,20.9139,0.000290898,2.98418,3.29696,0.00838616,0.0587309,0.34124,13.7739,0.319344,0.00892452,0.0349339,0.0862117,3.7208,17.0709,MaxIterations,0,1,0,0.000334277,0.000294011,7.17946e-05,7.0809e-08,3581,19237,1804,214110080,91808,62519600,26,0,275154,91208,2140144,1351815168,17.0609
cavity2d,80x80,6400,12960,gpu-pipe,upwind,3,200,200,21.0995,0.000348189,2.86979,3.31207,0.00798803,0.0592492,0.325134,14.0718,0.317044,0.00879329,0.0345349,0.0921719,3.588,17.3839,MaxIterations,0,1,0,0.000334277,0.000294011,7.17946e-05,7.0809e-08,3581,19237,1804,214110080,91808,62519600,26,0,275154,91208,2140144,1351815168,17.3749
cavity2d,80x80,6400,12960,gpu-pipe,upwind,4,200,200,20.9837,0.000294786,2.96696,3.26336,0.0079016,0.0595999,0.339973,13.8944,0.317837,0.00918523,0.0340916,0.0893642,3.70146,17.1577,MaxIterations,0,1,0,0.000334277,0.000294011,7.17946e-05,7.0809e-08,3581,19237,1804,214110080,91808,62519600,26,0,275154,91208,2140144,1351815168,17.1487
cavity2d,80x80,6400,12960,gpu-disc,upwind,0,200,200,17.8418,0.0544572,1.17805,2.71856,0.0129809,0.00113782,0.319848,13.2522,0.203181,0.0426748,0.0406926,0.0151328,1.75787,15.9708,MaxIterations,1,1,0,0.000334277,0.000294011,7.17946e-05,7.0809e-08,3581,19237,4495,372901872,95008,479548400,371,0,284954,91208,31961720,1351815168,15.941
cavity2d,80x80,6400,12960,gpu-disc,upwind,1,200,200,17.9454,0.0475825,1.17626,2.69571,0.012578,0.00111973,0.31894,13.3903,0.200949,0.0433088,0.0404843,0.0149567,1.75316,16.086,MaxIterations,1,1,0,0.000334277,0.000294011,7.17946e-05,7.0809e-08,3581,19237,4495,372901872,95008,479548400,371,0,284954,91208,31961720,1351815168,16.0568
cavity2d,80x80,6400,12960,gpu-disc,upwind,2,200,200,17.8504,0.0378971,1.19278,2.72424,0.0128197,0.00121073,0.324819,13.2557,0.198767,0.0423773,0.0416667,0.0150192,1.77278,15.9799,MaxIterations,1,1,0,0.000334277,0.000294011,7.17946e-05,7.0809e-08,3581,19237,4495,372901872,95008,479548400,371,0,284954,91208,31961720,1351815168,15.9484
cavity2d,80x80,6400,12960,gpu-disc,upwind,3,200,200,18.2048,0.0362497,1.21423,2.78527,0.0129722,0.00128396,0.337698,13.508,0.201274,0.0454134,0.0433773,0.0159633,1.81287,16.2933,MaxIterations,1,1,0,0.000334277,0.000294011,7.17946e-05,7.0809e-08,3581,19237,4495,372901872,95008,479548400,371,0,284954,91208,31961720,1351815168,16.2605
cavity2d,80x80,6400,12960,gpu-disc,upwind,4,200,200,17.7622,0.0367531,1.17666,2.68701,0.0121313,0.00118574,0.320975,13.2285,0.197012,0.0425491,0.0412769,0.0151124,1.75051,15.9155,MaxIterations,1,1,0,0.000334277,0.000294011,7.17946e-05,7.0809e-08,3581,19237,4495,372901872,95008,479548400,371,0,284954,91208,31961720,1351815168,15.8855
cavity2d,80x80,6400,12960,disc-only,upwind,0,200,200,6.16262,0.0390179,1.62326,0.720951,0.0327978,0.00105836,0.383605,2.60921,0.457575,0.191756,0.0416321,0.0586558,2.69005,3.33016,MaxIterations,1,1,0,0.000334219,0.000294078,7.17946e-05,6.95152e-08,3581,19081,2691,158791792,3200,417028800,345,0,9800,0,29821576,1351815168,0
cavity2d,80x80,6400,12960,disc-only,upwind,1,200,200,6.043,0.0579389,1.63585,0.685311,0.0313577,0.00102586,0.386651,2.4958,0.459824,0.193227,0.0393328,0.0539774,2.70794,3.18111,MaxIterations,1,1,0,0.000334219,0.000294078,7.17946e-05,6.95152e-08,3581,19081,2691,158791792,3200,417028800,345,0,9800,0,29821576,1351815168,0
cavity2d,80x80,6400,12960,disc-only,upwind,2,200,200,5.97632,0.0575226,1.58787,0.685138,0.0328625,0.000972787,0.385139,2.47094,0.462793,0.195724,0.039091,0.0556126,2.66536,3.15608,MaxIterations,1,1,0,0.000334219,0.000294078,7.17946e-05,6.95152e-08,3581,19081,2691,158791792,3200,417028800,345,0,9800,0,29821576,1351815168,0
cavity2d,80x80,6400,12960,disc-only,upwind,3,200,200,5.9757,0.0516468,1.60079,0.683956,0.0311807,0.00109497,0.373998,2.50715,0.443952,0.185175,0.040889,0.0530685,2.63619,3.19111,MaxIterations,1,1,0,0.000334219,0.000294078,7.17946e-05,6.95152e-08,3581,19081,2691,158791792,3200,417028800,345,0,9800,0,29821576,1351815168,0
cavity2d,80x80,6400,12960,disc-only,upwind,4,200,200,6.00688,0.0567482,1.59375,0.695463,0.0331109,0.00117804,0.373382,2.5147,0.449164,0.189211,0.0413737,0.0557736,2.6398,3.21016,MaxIterations,1,1,0,0.000334219,0.000294078,7.17946e-05,6.95152e-08,3581,19081,2691,158791792,3200,417028800,345,0,9800,0,29821576,1351815168,0
cavity2d,160x160,25600,51520,cpu,upwind,0,60,60,11.7086,0.00135096,3.89772,0.644534,0.0139727,0.0744951,0.506029,6.00513,0.419289,0.0123417,0.0453614,0.088134,4.92384,6.64966,MaxIterations,0,1,0,0.00230745,0.00103624,0.000132011,5.59308e-08,1137,10784,0,0,0,0,0,0,0,0,0,1351815168,0
cavity2d,160x160,25600,51520,cpu,upwind,1,60,60,11.534,0.00139401,3.81864,0.634733,0.0132571,0.0729914,0.499039,5.93512,0.410627,0.0128902,0.045515,0.0896613,4.82744,6.56985,MaxIterations,0,1,0,0.00230745,0.00103624,0.000132011,5.59308e-08,1137,10784,0,0,0,0,0,0,0,0,0,1351815168,0
cavity2d,160x160,25600,51520,cpu,upwind,2,60,60,11.5026,0.00119425,3.81015,0.631616,0.0132831,0.0713036,0.496812,5.91988,0.410213,0.0126453,0.0453545,0.0900932,4.81441,6.5515,MaxIterations,0,1,0,0.00230745,0.00103624,0.000132011,5.59308e-08,1137,10784,0,0,0,0,0,0,0,0,0,1351815168,0
cavity2d,160x160,25600,51520,gpu-pipe,upwind,0,60,60,13.4793,0.00126664,3.99566,1.12591,0.0127383,0.0635348,0.486662,7.2355,0.405103,0.0129424,0.0462932,0.0922502,4.97664,8.36141,MaxIterations,0,1,0,0.00230924,0.00103233,0.000132011,5.33697e-08,1137,10701,544,259572800,47474,102920000,28,2,142359,47294,8582904,1351815168,8.35068
cavity2d,160x160,25600,51520,gpu-pipe,upwind,1,60,60,13.6488,0.00132665,4.07564,1.13812,0.012954,0.0636818,0.486875,7.30671,0.404435,0.0140203,0.0485081,0.0952271,5.05761,8.44483,MaxIterations,0,1,0,0.00230924,0.00103233,0.000132011,5.33697e-08,1137,10701,544,259572800,47474,102920000,26,0,142359,47294,8581104,1351815168,8.43411
cavity2d,160x160,25600,51520,gpu-pipe,upwind,2,60,60,14.7036,0.00120899,4.19342,1.24353,0.0132127,0.0665784,0.517092,8.07425,0.430008,0.0149801,0.0498292,0.0976892,5.23529,9.31778,MaxIterations,0,1,0,0.00230924,0.00103233,0.000132011,5.33697e-08,1137,10701,544,259572800,47474,102920000,26,0,142359,47294,8581104,1351815168,9.30617
cavity2d,160x160,25600,51520,gpu-disc,upwind,0,60,60,10.9557,0.14701,1.07824,1.18706,0.00949349,0.000351595,0.391664,7.90315,0.107711,0.0520468,0.0558002,0.0131137,1.63951,9.09021,MaxIterations,1,1,0,0.00230924,0.00103233,0.000132011,5.33697e-08,1137,10701,1555,520477872,48434,605039840,371,0,145299,47294,127206520,1351815168,9.06247
cavity2d,160x160,25600,51520,gpu-disc,upwind,1,60,60,10.471,0.135271,1.02925,1.07504,0.00859663,0.000355177,0.380638,7.61749,0.0985019,0.0492659,0.0543796,0.0130295,1.5666,8.69253,MaxIterations,1,1,0,0.00230924,0.00103233,0.000132011,5.33697e-08,1137,10701,1555,520477872,48434,605039840,371,0,145299,47294,127206520,1351815168,8.66585
cavity2d,160x160,25600,51520,gpu-disc,upwind,2,60,60,9.98159,0.122925,1.04038,1.08007,0.00844831,0.000348899,0.381412,7.12414,0.096511,0.0495679,0.054555,0.0133077,1.57667,8.20421,MaxIterations,1,1,0,0.00230924,0.00103233,0.000132011,5.33697e-08,1137,10701,1555,520477872,48434,605039840,371,0,145299,47294,127206520,1351815168,8.17736
cavity2d,160x160,25600,51520,disc-only,upwind,0,60,60,9.17412,0.130264,1.27681,0.716826,0.0158591,0.000316262,0.460577,6.20148,0.184093,0.0814564,0.0601476,0.035804,2.01911,6.9183,MaxIterations,1,1,0,0.00230745,0.00103624,0.000132011,5.59308e-08,1137,10784,1011,260905072,960,502119840,345,0,2940,0,118625416,1351815168,0
cavity2d,160x160,25600,51520,disc-only,upwind,1,60,60,8.9118,0.125608,1.26028,0.711225,0.0183238,0.000287927,0.459301,5.96725,0.183285,0.0806775,0.0613495,0.0344637,2.00216,6.67847,MaxIterations,1,1,0,0.00230745,0.00103624,0.000132011,5.59308e-08,1137,10784,1011,260905072,960,502119840,345,0,2940,0,118625416,1351815168,0
cavity2d,160x160,25600,51520,disc-only,upwind,2,60,60,9.12646,0.13549,1.29701,0.736179,0.0152951,0.000314039,0.462485,6.10758,0.185245,0.079889,0.0609118,0.0352809,2.04023,6.84376,MaxIterations,1,1,0,0.00230745,0.00103624,0.000132011,5.59308e-08,1137,10784,1011,260905072,960,502119840,345,0,2940,0,118625416,1351815168,0
cavity2d,320x320,102400,205440,cpu,upwind,0,20,20,30.5511,0.0055857,6.65202,1.0319,0.0241916,0.0941358,0.893214,21.0837,0.575644,0.0280344,0.0701288,0.0915915,8.26724,22.1156,MaxIterations,0,1,0,0.00913006,0.00244704,0.000215288,4.75451e-08,394,8543,0,0,0,0,0,0,0,0,0,1351815168,0
cavity2d,320x320,102400,205440,cpu,upwind,1,20,20,31.1534,0.00437574,6.7878,1.05788,0.0246446,0.0951841,0.909869,21.4862,0.594975,0.0274179,0.071174,0.0935055,8.43989,22.5441,MaxIterations,0,1,0,0.00913006,0.00244704,0.000215288,4.75451e-08,394,8543,0,0,0,0,0,0,0,0,0,1351815168,0
cavity2d,320x320,102400,205440,cpu,upwind,2,20,20,31.6313,0.00549196,6.67443,1.05389,0.0237933,0.0944402,0.915498,22.0977,0.582249,0.0283559,0.0712278,0.0838002,8.31877,23.1516,MaxIterations,0,1,0,0.00913006,0.00244704,0.000215288,4.75451e-08,394,8543,0,0,0,0,0,0,0,0,0,1351815168,0
cavity2d,320x320,102400,205440,gpu-pipe,upwind,0,20,20,15.5935,0.00550202,6.81269,0.646893,0.0232387,0.0929704,0.939584,6.26986,0.605575,0.0291904,0.0744724,0.0893589,8.50325,6.91675,MaxIterations,0,1,0,0.00913029,0.00244605,0.00021529,3.65372e-08,395,7244,184,353259200,30578,219830400,28,2,91721,30518,34372624,1351815168,6.89923
cavity2d,320x320,102400,205440,gpu-pipe,upwind,1,20,20,15.1294,0.00513147,6.85329,0.600011,0.0225312,0.095287,0.902688,5.84651,0.604996,0.0286686,0.0756136,0.0864093,8.50746,6.44652,MaxIterations,0,1,0,0.00913029,0.00244605,0.00021529,3.65372e-08,395,7244,184,353259200,30578,219830400,26,0,91721,30518,34365424,1351815168,6.42946
cavity2d,320x320,102400,205440,gpu-pipe,upwind,2,20,20,15.0604,0.00571125,6.53461,0.626553,0.0225631,0.0928694,0.872997,6.14074,0.588907,0.0274658,0.0737847,0.0684525,8.13941,6.7673,MaxIterations,0,1,0,0.00913029,0.00244605,0.00021529,3.65372e-08,395,7244,184,353259200,30578,219830400,26,0,91721,30518,34365424,1351815168,6.74986
cavity2d,320x320,102400,205440,gpu-disc,upwind,0,20,20,8.20184,0.489256,1.14459,0.518397,0.00555842,0.000381048,0.477815,5.32847,0.0823371,0.0341174,0.069338,0.0170746,1.7448,5.84687,MaxIterations,1,1,0,0.00913029,0.00244605,0.00021529,3.65372e-08,395,7244,715,969072432,30898,890448480,371,0,92701,30518,507545720,1351815168,5.81783
cavity2d,320x320,102400,205440,gpu-disc,upwind,1,20,20,7.78372,0.363045,1.14861,0.520736,0.00514024,0.000376254,0.473539,5.03596,0.0823692,0.0364834,0.0696855,0.0172574,1.74651,5.55669,MaxIterations,1,1,0,0.00913029,0.00244605,0.00021529,3.65372e-08,395,7244,715,969072432,30898,890448480,371,0,92701,30518,507545720,1351815168,5.52696
cavity2d,320x320,102400,205440,gpu-disc,upwind,2,20,20,8.04723,0.353502,1.13828,0.532762,0.00540654,0.000296296,0.483541,5.3035,0.0810695,0.0325858,0.0685846,0.0170501,1.74118,5.83627,MaxIterations,1,1,0,0.00913029,0.00244605,0.00021529,3.65372e-08,395,7244,715,969072432,30898,890448480,371,0,92701,30518,507545720,1351815168,5.80467
cavity2d,320x320,102400,205440,disc-only,upwind,0,20,20,24.0931,0.365064,1.51034,1.02772,0.0119341,0.000448223,0.572357,20.254,0.138726,0.0746566,0.0781513,0.0259248,2.30847,21.2817,MaxIterations,1,1,0,0.00913006,0.00244704,0.000215288,4.75451e-08,394,8543,531,615813232,320,670618080,345,0,980,0,473180296,1351815168,0
cavity2d,320x320,102400,205440,disc-only,upwind,1,20,20,23.6986,0.472089,1.49114,1.01251,0.013249,0.000723116,0.574548,19.7988,0.137329,0.0647955,0.0734387,0.0254432,2.28179,20.8113,MaxIterations,1,1,0,0.00913006,0.00244704,0.000215288,4.75451e-08,394,8543,531,615813232,320,670618080,345,0,980,0,473180296,1351815168,0
cavity2d,320x320,102400,205440,disc-only,upwind,2,20,20,23.8083,0.469006,1.48987,1.01869,0.0121602,0.000642803,0.570421,19.9019,0.138236,0.0711075,0.0745872,0.0264224,2.28244,20.9206,MaxIterations,1,1,0,0.00913006,0.00244704,0.000215288,4.75451e-08,394,8543,531,615813232,320,670618080,345,0,980,0,473180296,1351815168,0
cavity2d,640x640,409600,820480,cpu,upwind,0,8,8,92.5508,0.0190464,14.3811,2.08209,0.0362516,0.148139,2.26721,72.4443,0.909655,0.0478508,0.113172,0.101129,17.7903,74.5264,MaxIterations,0,1,0,0.0311647,0.00533118,0.000268289,2.85764e-10,156,5824,0,0,0,0,0,0,0,0,0,1351815168,0
cavity2d,640x640,409600,820480,cpu,upwind,1,8,8,91.988,0.0214417,14.3213,2.06336,0.0363592,0.142781,2.27475,71.9618,0.9071,0.0466781,0.111638,0.0994312,17.729,74.0252,MaxIterations,0,1,0,0.0311647,0.00533118,0.000268289,2.85764e-10,156,5824,0,0,0,0,0,0,0,0,0,1351815168,0
cavity2d,640x640,409600,820480,cpu,upwind,2,8,8,93.5198,0.0229123,14.3253,2.12134,0.0354604,0.150074,2.30055,73.3676,0.935338,0.0447382,0.114369,0.10086,17.7915,75.4889,MaxIterations,0,1,0,0.0311647,0.00533118,0.000268289,2.85764e-10,156,5824,0,0,0,0,0,0,0,0,0,1351815168,0
cavity2d,640x640,409600,820480,gpu-pipe,upwind,0,8,8,24.1087,0.0187789,14.5228,0.507845,0.0368524,0.148875,2.28387,5.35402,0.957282,0.0500065,0.121805,0.100903,17.9997,5.86187,MaxIterations,0,1,0,0.0311647,0.00533166,0.000268288,5.23623e-10,156,5629,76,589291392,23154,596416000,28,2,69453,23130,137572464,1351815168,5.82217
cavity2d,640x640,409600,820480,gpu-pipe,upwind,1,8,8,25.8354,0.0204867,14.8359,0.456118,0.0350705,0.153802,2.35791,6.71786,0.97141,0.0479337,0.120259,0.112522,18.402,7.17398,MaxIterations,0,1,0,0.0311647,0.00533166,0.000268288,5.23623e-10,156,5629,76,589291392,23154,596416000,26,0,69453,23130,137543664,1351815168,7.1324
cavity2d,640x640,409600,820480,gpu-pipe,upwind,2,8,8,24.6076,0.0216341,14.6008,0.527488,0.0349149,0.153246,2.33699,5.70774,0.960852,0.0443456,0.111254,0.101878,18.1311,6.23523,MaxIterations,0,1,0,0.0311647,0.00533166,0.000268288,5.23623e-10,156,5629,76,589291392,23154,596416000,26,0,69453,23130,137543664,1351815168,6.19458
cavity2d,640x640,409600,820480,gpu-disc,upwind,0,8,8,9.31666,1.34786,2.41591,0.268228,0.00449199,0.000221779,1.15827,3.82258,0.0333426,0.0157192,0.112167,0.0913436,3.62795,4.09081,MaxIterations,1,1,0,0.0311647,0.00533166,0.000268288,5.23623e-10,156,5629,463,2538414064,23282,1670305472,371,0,69845,23130,2027622520,1351815168,4.04483
cavity2d,640x640,409600,820480,gpu-disc,upwind,1,8,8,9.23366,1.3883,2.47674,0.259485,0.0082282,0.000413203,1.15928,3.64328,0.0339844,0.0168213,0.11344,0.0914446,3.69546,3.90276,MaxIterations,1,1,0,0.0311647,0.00533166,0.000268288,5.23623e-10,156,5629,463,2538414064,23282,1670305472,371,0,69845,23130,2027622520,1351815168,3.85368
cavity2d,640x640,409600,820480,gpu-disc,upwind,2,8,8,8.96528,1.35694,2.39887,0.259305,0.00450994,0.000330638,1.15743,3.49149,0.0327702,0.0158694,0.110565,0.0926902,3.60978,3.7508,MaxIterations,1,1,0,0.0311647,0.00533166,0.000268288,5.23623e-10,156,5629,463,2538414064,23282,1670305472,371,0,69845,23130,2027622520,1351815168,3.70439
cavity2d,640x640,409600,820480,disc-only,upwind,0,8,8,83.4008,1.35575,3.38578,2.09701,0.0157359,0.000381049,1.44245,74.4947,0.267184,0.0693642,0.113084,0.107877,5.18089,76.5917,MaxIterations,1,1,0,0.0311647,0.00533118,0.000268289,2.85764e-10,156,5824,387,1949122672,128,1073889472,345,0,392,0,1890078856,1351815168,0
cavity2d,640x640,409600,820480,disc-only,upwind,1,8,8,83.0205,1.47669,3.3914,2.08214,0.0149284,0.000312153,1.42867,74.0159,0.267076,0.0698861,0.12276,0.10109,5.17227,76.0981,MaxIterations,1,1,0,0.0311647,0.00533118,0.000268289,2.85764e-10,156,5824,387,1949122672,128,1073889472,345,0,392,0,1890078856,1351815168,0
cavity2d,640x640,409600,820480,disc-only,upwind,2,8,8,83.1628,1.85651,3.40591,2.08881,0.01732,0.000293216,1.41998,73.7584,0.269847,0.0714797,0.117069,0.104487,5.18483,75.8472,MaxIterations,1,1,0,0.0311647,0.00533118,0.000268289,2.85764e-10,156,5824,387,1949122672,128,1073889472,345,0,392,0,1890078856,1351815168,0
