iteration,u_residual,v_residual,p_residual,continuity_residual,global_mass_imbalance
1,2.14489056959919433e-01,0.00000000000000000e+00,1.36458342555490802e-01,3.25637321955048852e-11,2.44509135161052882e-11
2,5.25800947347695113e-01,9.26800653648600786e-02,8.14181510948059767e-02,1.82941455178085824e-11,2.44509135161052882e-11
3,1.26690025253278382e-01,3.74896423452317426e-02,4.54242330843755843e-02,1.02758886385768932e-11,2.44509135161052882e-11
4,6.07830547478548852e-02,2.47875641452665121e-02,2.87462744313869319e-02,6.72662147911944862e-12,2.44509135161052882e-11
5,4.45120855881491542e-02,2.01763995841509267e-02,2.82670316189004636e-02,6.27823129162913813e-12,2.44509135161052882e-11
6,3.71703895681685798e-02,1.70784216253276715e-02,2.74577529343108355e-02,6.68420950317632424e-12,2.44509135161052882e-11
7,3.25517437766971660e-02,1.38486263781182548e-02,2.44865279915387028e-02,5.28740532549814944e-12,2.44509135161052882e-11
8,2.86759140645107026e-02,1.21801355619327537e-02,2.10058510946885373e-02,4.28853416262839766e-12,2.44509135161052882e-11
9,2.48465559063750750e-02,1.15079023893388949e-02,1.83938887731110307e-02,4.24177296112874144e-12,2.44509135161052882e-11
10,2.16282011540649965e-02,1.09681216485293422e-02,1.62011228339662486e-02,3.49468872094908086e-12,2.44509135161052882e-11
11,1.91107806482089422e-02,1.03770816358420039e-02,1.44947801945017139e-02,3.44060689060948748e-12,2.44509135161052882e-11
12,1.71551928273576092e-02,9.90065680783247526e-03,1.30958520696859704e-02,3.16353273400776454e-12,2.44509135161052882e-11
13,1.56302568476539734e-02,9.75906989796189103e-03,1.20623957508141609e-02,2.58678549501377582e-12,2.44509135161052882e-11
14,1.43338477177768001e-02,8.76638012776149306e-03,1.11986954417325080e-02,2.62124820420181754e-12,2.44509135161052882e-11
15,1.30434826566610887e-02,8.07093622630322867e-03,1.03775568924223092e-02,2.18803789784734529e-12,2.44509135161052882e-11
16,1.21503269856519155e-02,7.78254935739470036e-03,9.61742061907840291e-03,2.38531814465732960e-12,2.44509135161052882e-11
17,1.08523857392220178e-02,7.35725558914376333e-03,8.98050425528918068e-03,2.16912913205026753e-12,2.44509135161052882e-11
18,1.00106745126027422e-02,6.93693697694400778e-03,8.52173618349083735e-03,2.29197712929740124e-12,2.44509135161052882e-11
19,9.32278467855522132e-03,6.49947151679408381e-03,8.05450676454613594e-03,2.43666392455387105e-12,2.44509135161052882e-11
20,8.65707877719138277e-03,6.22266924937909475e-03,7.61503897806405788e-03,2.37727118905768238e-12,2.44509135161052882e-11
21,7.91794472671870919e-03,5.92349605091668351e-03,7.19269335132301495e-03,2.39119231186726636e-12,2.44509135161052882e-11
22,7.08270638563381853e-03,5.45002210281472169e-03,6.78620526283006068e-03,2.20085039197228333e-12,2.44509135161052882e-11
23,6.65385571387360191e-03,5.08067441319743837e-03,6.35807027737783723e-03,2.13436226245631321e-12,2.44509135161052882e-11
24,6.27942967819193100e-03,4.70343672437583803e-03,5.92959266087681857e-03,2.23101586309849259e-12,2.44509135161052882e-11
25,5.85418293959050900e-03,4.38146814134364373e-03,5.54873301370255399e-03,2.22904640841787017e-12,2.44509135161052882e-11
26,5.26012193278442737e-03,4.05390805113065716e-03,5.23089340983686965e-03,2.38240538309182517e-12,2.44509135161052882e-11
27,4.89677494021394273e-03,3.71903687139440694e-03,4.94860069813080061e-03,2.28983401321061120e-12,2.44509135161052882e-11
28,4.58731561205751211e-03,3.39802028661394077e-03,4.66394988615824284e-03,2.17933118451590802e-12,2.44509135161052882e-11
29,4.29214601507007555e-03,3.09930619609123008e-03,4.41930744393108973e-03,2.13136163536156813e-12,2.44509135161052882e-11
30,3.93585736001649759e-03,2.85831288278684710e-03,4.20082386621807753e-03,2.17329595473876841e-12,2.44509135161052882e-11
31,3.66306197852413456e-03,2.60022910904281722e-03,4.00852544316762996e-03,2.12622187022302961e-12,2.44509135161052882e-11
32,3.41709495738519616e-03,2.35105478640976412e-03,3.83200868999495400e-03,2.11553155720164369e-12,2.44509135161052882e-11
33,3.18967344488085228e-03,2.13801538856110565e-03,3.66748418199710092e-03,2.20746535570679238e-12,2.44509135161052882e-11
34,2.96196980796593684e-03,1.94673679629159247e-03,3.51968914993373329e-03,2.21759088185360592e-12,2.44509135161052882e-11
35,2.73666411914885504e-03,1.75461323887250915e-03,3.38547602916938620e-03,2.13687570472760783e-12,2.44509135161052882e-11
36,2.54221695519456269e-03,1.59504657655171406e-03,3.26125349521724306e-03,2.35977414349452470e-12,2.44509135161052882e-11
37,2.37955245047734992e-03,1.46170955137861730e-03,3.14995520976665789e-03,2.10817860230499614e-12,2.44509135161052882e-11
38,2.22793690879141389e-03,1.32642085584230114e-03,3.04919143315577528e-03,2.12254680246844372e-12,2.44509135161052882e-11
39,2.08495559272283294e-03,1.22095976915466181e-03,2.95906824179583338e-03,2.37923653110536869e-12,2.44509135161052882e-11
40,1.95533282949038410e-03,1.12452878674551625e-03,2.87814020618653958e-03,2.41326994820044823e-12,2.44509135161052882e-11
41,1.83813111410596427e-03,1.01828378847406841e-03,2.80469524876730304e-03,2.41753626409548931e-12,2.44509135161052882e-11
42,1.73768246154962637e-03,9.36284360457306916e-04,2.73897963641684967e-03,2.41592961976326249e-12,2.44509135161052882e-11
43,1.65573306107885980e-03,8.65462693874874769e-04,2.68141785342708092e-03,2.13961588164837023e-12,2.44509135161052882e-11
44,1.57045666281147825e-03,7.88941820755025393e-04,2.63282748313754030e-03,2.42087165299024187e-12,2.44509135161052882e-11
45,1.45358810422997102e-03,7.37342452566089952e-04,2.58566870996239720e-03,2.29312433596437505e-12,2.44509135161052882e-11
46,1.34349606558822996e-03,6.88947049088384374e-04,2.53720117617034328e-03,2.42857025625227391e-12,2.44509135161052882e-11
47,1.22698042475085116e-03,6.30051798051113219e-04,2.48241106924009620e-03,2.44946735002269955e-12,2.44509135161052882e-11
48,1.14563386363134988e-03,5.77520920486051192e-04,2.42717030779033248e-03,2.16145763308015408e-12,2.44509135161052882e-11
49,1.07787413942424292e-03,5.31150518036253741e-04,2.37374720396848300e-03,2.18808785919989933e-12,2.44509135161052882e-11
50,1.01165956851251922e-03,4.85071763031666339e-04,2.32194663150506013e-03,2.45017483087418294e-12,2.44509135161052882e-11
51,9.46834340833986707e-04,4.46683400787316819e-04,2.27138264507927620e-03,2.10364160576817904e-12,2.44509135161052882e-11
52,8.86458904507397925e-04,4.12415832369408440e-04,2.22226404675252183e-03,2.15412576491585631e-12,2.44509135161052882e-11
53,8.33213626763868744e-04,3.79539552025353461e-04,2.17476788250003765e-03,2.36046848240123394e-12,2.44509135161052882e-11
54,7.95002407638146277e-04,3.49497500017474790e-04,2.13225308661498534e-03,2.42803750204817068e-12,2.44509135161052882e-11
55,7.50325057638652894e-04,3.24143762243992958e-04,2.09275090880085748e-03,2.08998794582156104e-12,2.44509135161052882e-11
56,7.15179788754809328e-04,3.01321842203467730e-04,2.05700869972791096e-03,2.28954567333991273e-12,2.44509135161052882e-11
57,6.74613453186941763e-04,2.80799377016659950e-04,2.02310282548208518e-03,2.40917431724533241e-12,2.44509135161052882e-11
58,6.38681339254703532e-04,2.63335143441363563e-04,1.99134176777535565e-03,2.31504794048608438e-12,2.44509135161052882e-11
59,6.06329241642214879e-04,2.49176622568960456e-04,1.96169057012681629e-03,2.15122706437271937e-12,2.44509135161052882e-11
60,5.76520732663655076e-04,2.34047994657618426e-04,1.93352758724237754e-03,2.35723218995241370e-12,2.44509135161052882e-11
61,5.48906638685492778e-04,2.19728981766596575e-04,1.90660838126224374e-03,2.00073106125609717e-12,2.44509135161052882e-11
62,5.19765875971834723e-04,2.07036772144817256e-04,1.88037797745771494e-03,2.38711805505147539e-12,2.44509135161052882e-11
63,4.92046097674444160e-04,1.95465707249129812e-04,1.85460990195522092e-03,2.35238545800323015e-12,2.44509135161052882e-11
64,4.67386638290277052e-04,1.84614413128050532e-04,1.82944666014634642e-03,2.35822054438501999e-12,2.44509135161052882e-11
65,4.45161576236367395e-04,1.74912089267362025e-04,1.80504471540830292e-03,2.19061333262223750e-12,2.44509135161052882e-11
66,4.28773065632506018e-04,1.66603935544159480e-04,1.78211207937384211e-03,2.08142468454309276e-12,2.44509135161052882e-11
67,4.11090912773114981e-04,1.59075598257681111e-04,1.76018490821201940e-03,2.06347090627500183e-12,2.44509135161052882e-11
68,3.92608283619893432e-04,1.51976992895079777e-04,1.73898945464957843e-03,2.36699295324765192e-12,2.44509135161052882e-11
69,3.76045808437233372e-04,1.45147985949567579e-04,1.71851555223150629e-03,2.11385397241795390e-12,2.44509135161052882e-11
70,3.61427564849602903e-04,1.38920685347114243e-04,1.69880199319115324e-03,2.20098117082931744e-12,2.44509135161052882e-11
71,3.46268186094310859e-04,1.33320957493126511e-04,1.67956905939322656e-03,2.20113743523573785e-12,2.44509135161052882e-11
72,3.32373162656990806e-04,1.28270378672555027e-04,1.66067738952826766e-03,2.16902074200818604e-12,2.44509135161052882e-11
73,3.23677265269674904e-04,1.23806925512394899e-04,1.64280262673814582e-03,2.18937409800542070e-12,2.44509135161052882e-11
74,3.10956588613421983e-04,1.20312985364288166e-04,1.62548131074894244e-03,2.34948689466148714e-12,2.44509135161052882e-11
75,2.96826686678312011e-04,1.17283830514085518e-04,1.60852111683770912e-03,2.44281055606480594e-12,2.44509135161052882e-11
76,2.87785077676965429e-04,1.13480289019420787e-04,1.59214414519161414e-03,2.35866939065723342e-12,2.44509135161052882e-11
77,2.79860065730723050e-04,1.09633818607110468e-04,1.57633680876120819e-03,2.31872424106665221e-12,2.44509135161052882e-11
78,2.72724563651450343e-04,1.06347826623410431e-04,1.56108307653714533e-03,2.19038056312772924e-12,2.44509135161052882e-11
79,2.66102934552116515e-04,1.04107876304318454e-04,1.54637424868174392e-03,2.44295240965487067e-12,2.44509135161052882e-11
80,2.57948520885463808e-04,1.02241111623520349e-04,1.53202447533275416e-03,2.03955015360947229e-12,2.44509135161052882e-11
81,2.50985053082400898e-04,1.00551412979777525e-04,1.51802979286382034e-03,2.17353471967877845e-12,2.44509135161052882e-11
82,2.45475111328524677e-04,9.87774455550170414e-05,1.50447997061498549e-03,2.40422718480649004e-12,2.44509135161052882e-11
83,2.40346197276452775e-04,9.67638511491568197e-05,1.49130049666375427e-03,2.43224964866250596e-12,2.44509135161052882e-11
84,2.35243716789275799e-04,9.46310990711943050e-05,1.47847499620539359e-03,2.41964577109290374e-12,2.44509135161052882e-11
85,2.29958372147945350e-04,9.24228630738616503e-05,1.46602742376043837e-03,2.03768980833010445e-12,2.44509135161052882e-11
86,2.25077375510741547e-04,9.02511856688205827e-05,1.45390728422872643e-03,2.03208729134308893e-12,2.44509135161052882e-11
87,2.20454178934487074e-04,8.83862146133982372e-05,1.44208805646652894e-03,2.42888175828406181e-12,2.44509135161052882e-11
88,2.16076327256311049e-04,8.63524661210457082e-05,1.43055734922633844e-03,2.23197925617998058e-12,2.44509135161052882e-11
89,2.12154156567952791e-04,8.47797365036472635e-05,1.41928806311608473e-03,2.44182731588792254e-12,2.44509135161052882e-11
90,2.08406584285552405e-04,8.33700559051743121e-05,1.40826397129495103e-03,2.36645172399273803e-12,2.44509135161052882e-11
91,2.04410223590444909e-04,8.18044651106728676e-05,1.39738664068450960e-03,2.43537960447964855e-12,2.44509135161052882e-11
92,2.01029338338291089e-04,8.04953488380991751e-05,1.38672702020778871e-03,2.43575278072423805e-12,2.44509135161052882e-11
93,1.97469031116142516e-04,7.92629311493810580e-05,1.37624153189405620e-03,2.36273517569109095e-12,2.44509135161052882e-11
94,1.94457853746417216e-04,7.81253889002096177e-05,1.36601318706029576e-03,2.29750460271917096e-12,2.44509135161052882e-11
95,1.92118787578843768e-04,7.71583843960219664e-05,1.35607577229297739e-03,2.13009352827231669e-12,2.44509135161052882e-11
96,1.88488175623611901e-04,7.63816642912694117e-05,1.34631776588767867e-03,2.17209706647413142e-12,2.44509135161052882e-11
97,1.85606920035798521e-04,7.51880678615759226e-05,1.33675179266219755e-03,2.03886208789851006e-12,2.44509135161052882e-11
98,1.81420936261508407e-04,7.34659014063791880e-05,1.32727293304154051e-03,2.24641931299333654e-12,2.44509135161052882e-11
99,1.78374524576352053e-04,7.16909168364708653e-05,1.31792010600573673e-03,2.11283927329681583e-12,2.44509135161052882e-11
100,1.75807097157047374e-04,7.01633402017663472e-05,1.30872776289314035e-03,2.13826605110892616e-12,2.44509135161052882e-11
101,1.72869293388863417e-04,6.87841526521948101e-05,1.29967792426274550e-03,2.43508637420135773e-12,2.44509135161052882e-11
102,1.69802368438363760e-04,6.76355321298202682e-05,1.29075648490073534e-03,2.27211020639174275e-12,2.44509135161052882e-11
103,1.67390379045546180e-04,6.68336179382208719e-05,1.28199643299959092e-03,2.34070617581747845e-12,2.44509135161052882e-11
104,1.65246066177632869e-04,6.61807115847175617e-05,1.27340517338541998e-03,2.32536236654070242e-12,2.44509135161052882e-11
105,1.63264398599248078e-04,6.55762840620212708e-05,1.26496327598367713e-03,2.44244635909391447e-12,2.44509135161052882e-11
106,1.61720825896830109e-04,6.48794623716555301e-05,1.25667095508364660e-03,2.39912585435703789e-12,2.44509135161052882e-11
107,1.60080938631507587e-04,6.41272032323863145e-05,1.24851114689598355e-03,2.00481044392936397e-12,2.44509135161052882e-11
108,1.58392806030682449e-04,6.33843663755719858e-05,1.24047129171177837e-03,2.18085070258900821e-12,2.44509135161052882e-11
109,1.56716096776389198e-04,6.26651350575530697e-05,1.23254603265653758e-03,2.28284078315597503e-12,2.44509135161052882e-11
110,1.55053528774370665e-04,6.19761926930568682e-05,1.22473179005109698e-03,2.07388883059536257e-12,2.44509135161052882e-11
111,1.53463257999649643e-04,6.13248452335860141e-05,1.21703498454599408e-03,2.26475024873158009e-12,2.44509135161052882e-11
112,1.51934592787903046e-04,6.07035913302402785e-05,1.20945520746897984e-03,2.16432590375202985e-12,2.44509135161052882e-11
113,1.49088650170618508e-04,6.00523359414600549e-05,1.20185552224091495e-03,2.42217349048357217e-12,2.44509135161052882e-11
114,1.46815491201531662e-04,5.91813904538012709e-05,1.19427562833508932e-03,2.37850549911062409e-12,2.44509135161052882e-11
115,1.44929133772703304e-04,5.84904306606168252e-05,1.18676141358202642e-03,2.28180540749046590e-12,2.44509135161052882e-11
116,1.42440312380593694e-04,5.79749264702704263e-05,1.17930993483440685e-03,2.40050869286278265e-12,2.44509135161052882e-11
117,1.40484439366425938e-04,5.74724083694057227e-05,1.17194615800339497e-03,2.07503126308962369e-12,2.44509135161052882e-11
118,1.38846953074786089e-04,5.70022435142719666e-05,1.16468378242892538e-03,2.00366209975109252e-12,2.44509135161052882e-11
119,1.37381027665235803e-04,5.65765838610145168e-05,1.15752907551612224e-03,2.21205209019564999e-12,2.44509135161052882e-11
120,1.36013841023484213e-04,5.61748109981353617e-05,1.15048323170911771e-03,2.18015436780238025e-12,2.44509135161052882e-11
121,1.34728979876561322e-04,5.57815351899578418e-05,1.14355000856911277e-03,2.30220400021582377e-12,2.44509135161052882e-11
122,1.33648532726377109e-04,5.53484902724030308e-05,1.13673755161314283e-03,2.12863623426763177e-12,2.44509135161052882e-11
123,1.32495483314334759e-04,5.48376815807288717e-05,1.13003330474909414e-03,2.44033729459775949e-12,2.44509135161052882e-11
124,1.31277919415448299e-04,5.43539973922579290e-05,1.12342518305387192e-03,2.13261846039179508e-12,2.44509135161052882e-11
125,1.30057769641853929e-04,5.39213874718120082e-05,1.11691083581691442e-03,2.07086457824048665e-12,2.44509135161052882e-11
126,1.28849814196615645e-04,5.35052260460916384e-05,1.11048545834976421e-03,2.32770065596469301e-12,2.44509135161052882e-11
127,1.27660901958258821e-04,5.30975008596010301e-05,1.10414505914192200e-03,2.28152958356169823e-12,2.44509135161052882e-11
128,1.26133772809469989e-04,5.26919148914598603e-05,1.09786929551103992e-03,2.10386628449908070e-12,2.44509135161052882e-11
129,1.24510925757493490e-04,5.22803244065481274e-05,1.09164484823994325e-03,2.24435038303345617e-12,2.44509135161052882e-11
130,1.23042397130650785e-04,5.18430827602439414e-05,1.08546483865507785e-03,2.19719437313244383e-12,2.44509135161052882e-11
131,1.21732209306102499e-04,5.13878351373533773e-05,1.07933716408638433e-03,2.12797030541843251e-12,2.44509135161052882e-11
132,1.20579221431438817e-04,5.09373908346635190e-05,1.07327383447659288e-03,2.23588987436848961e-12,2.44509135161052882e-11
133,1.19501409069811817e-04,5.05088533110130612e-05,1.06727958423214874e-03,1.98962318197287485e-12,2.44509135161052882e-11
134,1.18463785131660892e-04,5.01033795915345335e-05,1.06135596253360853e-03,2.32916791000498807e-12,2.44509135161052882e-11
135,1.17007231877043865e-04,4.97159196920212980e-05,1.05548624419894645e-03,2.24704920124265686e-12,2.44509135161052882e-11
136,1.15599058230604938e-04,4.91914595551711835e-05,1.04965191331820792e-03,2.16348480151282562e-12,2.44509135161052882e-11
137,1.14457593148387590e-04,4.86968942169475959e-05,1.04385449111521109e-03,2.43677620671449147e-12,2.44509135161052882e-11
138,1.13423973151235581e-04,4.83698698189024895e-05,1.03810312115636865e-03,2.05505893279749894e-12,2.44509135161052882e-11
139,1.12462152235615087e-04,4.81999976785192909e-05,1.03240492555943097e-03,2.16023897105018340e-12,2.44509135161052882e-11
140,1.11384675953540702e-04,4.81626967770503952e-05,1.02675851823331283e-03,2.26109178376261244e-12,2.44509135161052882e-11
141,1.10531407668743357e-04,4.81317400040702861e-05,1.02118270332048782e-03,2.34958733433113687e-12,2.44509135161052882e-11
142,1.09663351074809412e-04,4.80626036796084330e-05,1.01568182331528752e-03,2.34259679435119643e-12,2.44509135161052882e-11
143,1.08770890857457942e-04,4.79297046578945767e-05,1.01025356033995328e-03,2.37227801493489472e-12,2.44509135161052882e-11
144,1.07896460225153775e-04,4.76647619706637330e-05,1.00489627992763047e-03,2.30819966090728393e-12,2.44509135161052882e-11
145,1.07046816469606853e-04,4.73102749568607526e-05,9.99609322293442196e-04,2.11172960767995810e-12,2.44509135161052882e-11
146,1.06219408561737929e-04,4.68638820380134032e-05,9.94391119838063152e-04,2.37124088654294194e-12,2.44509135161052882e-11
147,1.05711361543033187e-04,4.63428534463248868e-05,9.89261869906032801e-04,2.16412949758243754e-12,2.44509135161052882e-11
148,1.05169894269318084e-04,4.56641487185837822e-05,9.84212058640395425e-04,2.20417653369575317e-12,2.44509135161052882e-11
149,1.04475146271045804e-04,4.49353258889543137e-05,9.79240029821889027e-04,2.27686144034126289e-12,2.44509135161052882e-11
150,1.03668100511703247e-04,4.42953483691021222e-05,9.74340740396416349e-04,2.24447022011198151e-12,2.44509135161052882e-11
151,1.02852461857917359e-04,4.37444039396486299e-05,9.69502941388606298e-04,2.42875874475345058e-12,2.44509135161052882e-11
152,1.02037107093295101e-04,4.32949268104356578e-05,9.64715475466828556e-04,2.33653690399798310e-12,2.44509135161052882e-11
153,1.01224260876399020e-04,4.30286828544098327e-05,9.59985077410227430e-04,2.36294977497674445e-12,2.44509135161052882e-11
154,1.00418598641296446e-04,4.28591119010308854e-05,9.55309988468650462e-04,2.39527057059987542e-12,2.44509135161052882e-11
155,9.96224659796730362e-05,4.27343694465325176e-05,9.50686252307219345e-04,2.30966951204386756e-12,2.44509135161052882e-11
156,9.88376484658475501e-05,4.26137562547488534e-05,9.46109568642096292e-04,2.38126969807636951e-12,2.44509135161052882e-11
157,9.80651773798012536e-05,4.24639778266451038e-05,9.41575404885948387e-04,2.23815167206327968e-12,2.44509135161052882e-11
158,9.73071771950966306e-05,4.22655580508812174e-05,9.37079894629417372e-04,2.28388532145662241e-12,2.44509135161052882e-11
159,9.65776255178404534e-05,4.20092122054009060e-05,9.32622013406658734e-04,2.11477326529285836e-12,2.44509135161052882e-11
160,9.58954710442463492e-05,4.16941635123159013e-05,9.28203214577556085e-04,2.42204388478838994e-12,2.44509135161052882e-11
161,9.51979634139887398e-05,4.13269801121943160e-05,9.23818043600138552e-04,2.40303939766783846e-12,2.44509135161052882e-11
162,9.45008549199298183e-05,4.09238761929658527e-05,9.19463945470629551e-04,1.97899803944190830e-12,2.44509135161052882e-11
163,9.38150647969775934e-05,4.04972697011589299e-05,9.15139918615798047e-04,2.45085098805622683e-12,2.44509135161052882e-11
164,9.31282888190840936e-05,4.00620751774661237e-05,9.10849323873890414e-04,2.23488366486200854e-12,2.44509135161052882e-11
165,9.25636951771875314e-05,3.96066911209805200e-05,9.06599252235105210e-04,2.30159412089202806e-12,2.44509135161052882e-11
166,9.19562994170744930e-05,3.91060894765406190e-05,9.02376782065374247e-04,2.18145372184810975e-12,2.44509135161052882e-11
167,9.13111703617045819e-05,3.86485072801950500e-05,8.98181225124498970e-04,2.24638154230328479e-12,2.44509135161052882e-11
168,9.06738108387372351e-05,3.82275637866333031e-05,8.94012059494651195e-04,2.30779365406772639e-12,2.44509135161052882e-11
169,9.00511564643126117e-05,3.78651963656724585e-05,8.89871856483594420e-04,2.27887016837380151e-12,2.44509135161052882e-11
170,8.94447599846709992e-05,3.75619422694716383e-05,8.85763801392384876e-04,2.29190964281851513e-12,2.44509135161052882e-11
171,8.88530479213234828e-05,3.73100153624476356e-05,8.81690771461153826e-04,2.36370802074792401e-12,2.44509135161052882e-11
172,8.82743670297058786e-05,3.70960933897404450e-05,8.77654992361789595e-04,2.39008650503221381e-12,2.44509135161052882e-11
173,8.77073844117317816e-05,3.69050159959202865e-05,8.73657978421811684e-04,2.25165406088145950e-12,2.44509135161052882e-11
174,8.71508821951152897e-05,3.67230315893025516e-05,8.69700574561571983e-04,2.33130759134906840e-12,2.44509135161052882e-11
175,8.66037080789423873e-05,3.65369431927885647e-05,8.65781518648685235e-04,2.32929695823874479e-12,2.44509135161052882e-11
176,8.60663441639485734e-05,3.63323353678214893e-05,8.61900802086232798e-04,2.26911936046134307e-12,2.44509135161052882e-11
177,8.55366080241057162e-05,3.61243354411261173e-05,8.58058423519117864e-04,2.32997047929376520e-12,2.44509135161052882e-11
178,8.49951127450713172e-05,3.59082392298939673e-05,8.54254683692690715e-04,2.20332258857406436e-12,2.44509135161052882e-11
179,8.41759319299722922e-05,3.56834119624942865e-05,8.50472619277522828e-04,2.19422797802960804e-12,2.44509135161052882e-11
180,8.32568437954575276e-05,3.54707206393878961e-05,8.46705252821013370e-04,2.15835714369430048e-12,2.44509135161052882e-11
181,8.23383561984091303e-05,3.52506340706369343e-05,8.42950036232740412e-04,2.44235581687902157e-12,2.44509135161052882e-11
182,8.16587669270628819e-05,3.50230363539625310e-05,8.39214929464633642e-04,2.32824542038942985e-12,2.44509135161052882e-11
183,8.11034320191100468e-05,3.48066378542377427e-05,8.35505231834210741e-04,2.43536626904164581e-12,2.44509135161052882e-11
184,8.05992619863970188e-05,3.46064683146195671e-05,8.31823891097041948e-04,2.37961011441420727e-12,2.44509135161052882e-11
185,8.01141115573052762e-05,3.44171834587536608e-05,8.28172440128138970e-04,2.43144281697230627e-12,2.44509135161052882e-11
186,7.97833726351661099e-05,3.42308279907021745e-05,8.24550744211908853e-04,2.40823972880309624e-12,2.44509135161052882e-11
187,7.93139188738509817e-05,3.39895369862802668e-05,8.20956651964341636e-04,2.29180119311457673e-12,2.44509135161052882e-11
188,7.87760818084226182e-05,3.37407080130506116e-05,8.17390134969730574e-04,2.30140741613451822e-12,2.44509135161052882e-11
189,7.82809286198778143e-05,3.34982897711315114e-05,8.13856553916959889e-04,2.39093201604048503e-12,2.44509135161052882e-11
190,7.78030095004115797e-05,3.32586588834694441e-05,8.10356272382795496e-04,2.45078072078748882e-12,2.44509135161052882e-11
191,7.73324591220170542e-05,3.30227838415210110e-05,8.06887136042180398e-04,2.27227629437494037e-12,2.44509135161052882e-11
192,7.66639990322045726e-05,3.27910016392165928e-05,8.03434723766538895e-04,2.42858157167118877e-12,2.44509135161052882e-11
193,7.60446659520881175e-05,3.25567076211074596e-05,7.99997550148113146e-04,2.32092279344812307e-12,2.44509135161052882e-11
194,7.55694728334253753e-05,3.23340254625314490e-05,7.96582950259128544e-04,2.20155321995887083e-12,2.44509135161052882e-11
195,7.51442977033171279e-05,3.21366214041359234e-05,7.93194364165121881e-04,2.37864387347362424e-12,2.44509135161052882e-11
196,7.47440057070149536e-05,3.19602311771478650e-05,7.89833766990402164e-04,2.42905805690974161e-12,2.44509135161052882e-11
197,7.43492266862596910e-05,3.17962434226767826e-05,7.86501674468029059e-04,2.32844054236033075e-12,2.44509135161052882e-11
198,7.39523808940205742e-05,3.16378916477610394e-05,7.83197840142765053e-04,2.23859425047313003e-12,2.44509135161052882e-11
199,7.35497009919020678e-05,3.14819762483673079e-05,7.79920862659220127e-04,2.21409896107911720e-12,2.44509135161052882e-11
200,7.31417099619952635e-05,3.13265777431849152e-05,7.76669685003715331e-04,2.11604323215121084e-12,2.44509135161052882e-11
201,7.27307429657200912e-05,3.11705307994921096e-05,7.73444313758980253e-04,2.21150727730286898e-12,2.44509135161052882e-11
202,7.23172016911646570e-05,3.10131578135454511e-05,7.70244066986045298e-04,2.14484565137855183e-12,2.44509135161052882e-11
203,7.19740914037601430e-05,3.08552284354416732e-05,7.67070798538628572e-04,2.28003008737710550e-12,2.44509135161052882e-11
204,7.17328763259722475e-05,3.06946929225989664e-05,7.63924803665760920e-04,2.03976118460848482e-12,2.44509135161052882e-11
205,7.13754754952377750e-05,3.05408485233723225e-05,7.60800645732205507e-04,2.12962950596219244e-12,2.44509135161052882e-11
206,7.09890616039357189e-05,3.03848653463308050e-05,7.57697545716783712e-04,2.08193621793388732e-12,2.44509135161052882e-11
207,7.05964194573452272e-05,3.02269485104386879e-05,7.54615812881823307e-04,2.03320444600933822e-12,2.44509135161052882e-11
208,7.02037645140932051e-05,3.00660617825922019e-05,7.51555768813641327e-04,2.00886036229069119e-12,2.44509135161052882e-11
209,6.98127206192054363e-05,2.99018979564207684e-05,7.48517536151711220e-04,2.04409466270106940e-12,2.44509135161052882e-11
210,6.94235713466425665e-05,2.97357949178695751e-05,7.45501143684081428e-04,2.03990709653372941e-12,2.44509135161052882e-11
211,6.90364545911891083e-05,2.95694330940145505e-05,7.42506598791195863e-04,2.08334547736457355e-12,2.44509135161052882e-11
212,6.86516869804483211e-05,2.94038763378198727e-05,7.39533912794141171e-04,1.98602613690959495e-12,2.44509135161052882e-11
213,6.82695961508557379e-05,2.92395869335534855e-05,7.36583097500304452e-04,1.94693291542450607e-12,2.44509135161052882e-11
214,6.78904516777596495e-05,2.90766935592513585e-05,7.33654151022749353e-04,2.02358801411136392e-12,2.44509135161052882e-11
215,6.75144610248182742e-05,2.89151837630581423e-05,7.30747046556344299e-04,1.94555715998521627e-12,2.44509135161052882e-11
216,6.70450658229257022e-05,2.87549931091730423e-05,7.27854287538324098e-04,2.31358833872899924e-12,2.44509135161052882e-11
217,6.65914856117891566e-05,2.85993452722135114e-05,7.24976444229817976e-04,2.23532716120394602e-12,2.44509135161052882e-11
218,6.61892158547685070e-05,2.84484553776430198e-05,7.22117846968645485e-04,2.15832276861609592e-12,2.44509135161052882e-11
219,6.58063118461747510e-05,2.82995897650431929e-05,7.19279924462864735e-04,2.16103021695434443e-12,2.44509135161052882e-11
220,6.54344652356797578e-05,2.81567028982425939e-05,7.16463916514531126e-04,2.19751139019099018e-12,2.44509135161052882e-11
221,6.50684817964945674e-05,2.80085774964404727e-05,7.13669379674326592e-04,2.20420676920880444e-12,2.44509135161052882e-11
222,6.47074505798862299e-05,2.78586815596105781e-05,7.10895948517315164e-04,2.37829711895025549e-12,2.44509135161052882e-11
223,6.43505737193695031e-05,2.77065909288900242e-05,7.08142764598952549e-04,2.26484843884983304e-12,2.44509135161052882e-11
224,6.39467296705863636e-05,2.75449084690424749e-05,7.05402875068518020e-04,2.30138236624185832e-12,2.44509135161052882e-11
225,6.35425396470338556e-05,2.73697674265007094e-05,7.02676994632083786e-04,2.11842364115416674e-12,2.44509135161052882e-11
226,6.31874011401104441e-05,2.71510237665274845e-05,6.99967822650618974e-04,2.30604108293097333e-12,2.44509135161052882e-11
227,6.28402106726475007e-05,2.69629451653480332e-05,6.97275271186693891e-04,2.28617379189487351e-12,2.44509135161052882e-11
228,6.24990525621471794e-05,2.67908194043067994e-05,6.94603837959935941e-04,2.42108259553575420e-12,2.44509135161052882e-11
229,6.21620204192237854e-05,2.66284518776565258e-05,6.91953597127181936e-04,2.18990133645954104e-12,2.44509135161052882e-11
230,6.18299000008652500e-05,2.64736908629216146e-05,6.89323875342794492e-04,2.25664646224486775e-12,2.44509135161052882e-11
231,6.15018665594194153e-05,2.63229009575398962e-05,6.86714237459174880e-04,2.22987109780844868e-12,2.44509135161052882e-11
232,6.11778833874259000e-05,2.61750638968464686e-05,6.84124282466811590e-04,2.26585859494826966e-12,2.44509135161052882e-11
233,6.08056471394253175e-05,2.60296673417732056e-05,6.81552836088864140e-04,2.28978137308907824e-12,2.44509135161052882e-11
234,6.05457063149093621e-05,2.58267618424210678e-05,6.79006133344041115e-04,2.42006768208167182e-12,2.44509135161052882e-11
235,6.02196589362601913e-05,2.56290338179225611e-05,6.76480650234515674e-04,2.28955750909422839e-12,2.44509135161052882e-11
236,5.98972484440978879e-05,2.54522693271570353e-05,6.73975561711625615e-04,2.29080336719943946e-12,2.44509135161052882e-11
237,5.95776571704373129e-05,2.52845087479234688e-05,6.71489374574149849e-04,2.35089209789338736e-12,2.44509135161052882e-11
238,5.92641845129592264e-05,2.51232598731986776e-05,6.69021596131622585e-04,2.35635340331744470e-12,2.44509135161052882e-11
239,5.89549093942187271e-05,2.49672518207129027e-05,6.66571826551386171e-04,2.26240763593102993e-12,2.44509135161052882e-11
240,5.86502036997967925e-05,2.48157491132690854e-05,6.64139621382044674e-04,2.31546929663076374e-12,2.44509135161052882e-11
241,5.83500981575491143e-05,2.46674478008434332e-05,6.61724453513575037e-04,2.31280992479217862e-12,2.44509135161052882e-11
242,5.80542462401267828e-05,2.45220422020545070e-05,6.59326034841066239e-04,2.28286422066305998e-12,2.44509135161052882e-11
243,5.77619525947957333e-05,2.43827613198050647e-05,6.56944854175662185e-04,2.25510537740368490e-12,2.44509135161052882e-11
244,5.74735422315672943e-05,2.42475561806090315e-05,6.54579998933184945e-04,2.32592677491524521e-12,2.44509135161052882e-11
245,5.71903436157549628e-05,2.41146507630083745e-05,6.52231110576561115e-04,2.25787987921899715e-12,2.44509135161052882e-11
246,5.69103174912028318e-05,2.39837134610677322e-05,6.49897889954500910e-04,2.43655373880332594e-12,2.44509135161052882e-11
247,5.66336618571661713e-05,2.38548020380272489e-05,6.47580126464461872e-04,2.19992547665047787e-12,2.44509135161052882e-11
248,5.63600921206004502e-05,2.37277141747893091e-05,6.45277639372318743e-04,2.20882153088975532e-12,2.44509135161052882e-11
249,5.60895585027987415e-05,2.36022953133703376e-05,6.42990261483114751e-04,2.40349694579056012e-12,2.44509135161052882e-11
250,5.58219905603173238e-05,2.34783997720247672e-05,6.40717837705141865e-04,2.20129977805195051e-12,2.44509135161052882e-11
251,5.55573229936614767e-05,2.33559150697192976e-05,6.38460217626727927e-04,2.34051155328120878e-12,2.44509135161052882e-11
252,5.52954472168669443e-05,2.32347580927429571e-05,6.36217242061337782e-04,2.28882737016557174e-12,2.44509135161052882e-11
253,5.50363650328293620e-05,2.31148637989358280e-05,6.33988764414566519e-04,2.43912015180703451e-12,2.44509135161052882e-11
254,5.47800456299101768e-05,2.29961980546272686e-05,6.31774648092418259e-04,2.44441248431901506e-12,2.44509135161052882e-11
255,5.45264191452613992e-05,2.28787432047472089e-05,6.29574757784540670e-04,2.22089605226327531e-12,2.44509135161052882e-11
256,5.42752107867812295e-05,2.27624248352911425e-05,6.27388849866411069e-04,2.37059223616705860e-12,2.44509135161052882e-11
257,5.40267118778787691e-05,2.26472344375079962e-05,6.25216808417848992e-04,2.27208902829599819e-12,2.44509135161052882e-11
258,5.37924937577448914e-05,2.25330762753352699e-05,6.23060476694872094e-04,2.41699755174374772e-12,2.44509135161052882e-11
259,5.35637386009881795e-05,2.24165996174418467e-05,6.20919325193816803e-04,2.14074329830867244e-12,2.44509135161052882e-11
260,5.33281340193659869e-05,2.22998936817169177e-05,6.18792428924389557e-04,2.35487130994854201e-12,2.44509135161052882e-11
261,5.30916805936679681e-05,2.21855933065970167e-05,6.16679738738716218e-04,2.38204518428715536e-12,2.44509135161052882e-11
262,5.28568962842011306e-05,2.20737945497299958e-05,6.14581054244133060e-04,2.40217248078401466e-12,2.44509135161052882e-11
263,5.26241002844630014e-05,2.19641518996510522e-05,6.12496011061701494e-04,2.13530619394176589e-12,2.44509135161052882e-11
264,5.23934580400116926e-05,2.18562890589255133e-05,6.10424218250470033e-04,2.31086533921769341e-12,2.44509135161052882e-11
265,5.21650031144770934e-05,2.17498941984568551e-05,6.08365333564543425e-04,2.37571365807419909e-12,2.44509135161052882e-11
266,5.19387088822343489e-05,2.16447569828986137e-05,6.06319080393288509e-04,2.12844744277637512e-12,2.44509135161052882e-11
267,5.16760747133999070e-05,2.15407619120378492e-05,6.04282567980791454e-04,2.29565448390536344e-12,2.44509135161052882e-11
268,5.13603294852880957e-05,2.14363996165966557e-05,6.02246015540647077e-04,2.10814587791965080e-12,2.44509135161052882e-11
269,5.10751075672875033e-05,2.13310328492196175e-05,6.00211728905009393e-04,2.35651974641534132e-12,2.44509135161052882e-11
270,5.08195447268862743e-05,2.12283405623333567e-05,5.98186434199053565e-04,2.41392287121990731e-12,2.44509135161052882e-11
271,5.03925502531431613e-05,2.11293879319272504e-05,5.96168026261383586e-04,2.37534193810653035e-12,2.44509135161052882e-11
272,5.00745755090399282e-05,2.10348734176924888e-05,5.94158435389673220e-04,2.09749528997258907e-12,2.44509135161052882e-11
273,4.98087334286680737e-05,2.09482622595951950e-05,5.92158917489735408e-04,2.39734193479051726e-12,2.44509135161052882e-11
274,4.95774356192993232e-05,2.08719838910706200e-05,5.90170208339009235e-04,2.14633260271740311e-12,2.44509135161052882e-11
275,4.93622636168683512e-05,2.08025660351491941e-05,5.88192643509881960e-04,2.42211191078401539e-12,2.44509135161052882e-11
276,4.91556891727051230e-05,2.06350655886681956e-05,5.86223885398963972e-04,2.15801269502264257e-12,2.44509135161052882e-11
277,4.89576643400403759e-05,2.04670302057707111e-05,5.84264202809458818e-04,2.43171869441911754e-12,2.44509135161052882e-11
278,4.87626098206185612e-05,2.03549437322859172e-05,5.82315183777321619e-04,2.39987607738908686e-12,2.44509135161052882e-11
279,4.85669804076118271e-05,2.02708098859718044e-05,5.80377466505972500e-04,2.40867822914384203e-12,2.44509135161052882e-11
280,4.83712967126483220e-05,2.02025139621203818e-05,5.78451326522173999e-04,2.44521507612482300e-12,2.44509135161052882e-11
281,4.81757936100643956e-05,2.01417803926908435e-05,5.76536789281234551e-04,2.41351126515151716e-12,2.44509135161052882e-11
282,4.79806869643792125e-05,2.00836467801980000e-05,5.74633750456564471e-04,2.44133047876512494e-12,2.44509135161052882e-11
283,4.77862125873804787e-05,2.00253020462173312e-05,5.72742052798218271e-04,2.37523394862586683e-12,2.44509135161052882e-11
284,4.75925925787612690e-05,1.99652927777486048e-05,5.70861519071114414e-04,2.20565702269180421e-12,2.44509135161052882e-11
285,4.74000107630719185e-05,1.99030410380949218e-05,5.68991990436724417e-04,2.39886136342648360e-12,2.44509135161052882e-11
286,4.72086184412571347e-05,1.98384645939376169e-05,5.67133316496946428e-04,2.27738773890652063e-12,2.44509135161052882e-11
287,4.70185400067857029e-05,1.97717644017826357e-05,5.65285367206494276e-04,2.29943290008692554e-12,2.44509135161052882e-11
288,4.68298732048508422e-05,1.97032663603701354e-05,5.63448029337491559e-04,2.23806675281037614e-12,2.44509135161052882e-11
289,4.66426839994361499e-05,1.96333365557526780e-05,5.61621202900031949e-04,2.24216933947944235e-12,2.44509135161052882e-11
290,4.64570268723354921e-05,1.95623284629109094e-05,5.59804798195228672e-04,2.25495256110408472e-12,2.44509135161052882e-11
291,4.62729328549458711e-05,1.94905600197760814e-05,5.57998732501296035e-04,2.28028728857323637e-12,2.44509135161052882e-11
292,4.60904195157611267e-05,1.94183011027330105e-05,5.56202927251753568e-04,2.34271845731572494e-12,2.44509135161052882e-11
293,4.59094959825478489e-05,1.93457725539619942e-05,5.54417306269432966e-04,2.33844817033238394e-12,2.44509135161052882e-11
294,4.57301561596541682e-05,1.92731508343275685e-05,5.52641793248058043e-04,2.39140198592628164e-12,2.44509135161052882e-11
295,4.55523939784524353e-05,1.92005726927432605e-05,5.50876311123092081e-04,2.09965352003636365e-12,2.44509135161052882e-11
296,4.53761943616346025e-05,1.91281453017413357e-05,5.49120780967911272e-04,2.18406642395777662e-12,2.44509135161052882e-11
297,4.52015347985791835e-05,1.90559500291804935e-05,5.47375121341226139e-04,2.19638355610880113e-12,2.44509135161052882e-11
298,4.50283988354577730e-05,1.89787827322236751e-05,5.45638538000781169e-04,2.24781995003814076e-12,2.44509135161052882e-11
299,4.48571646889381131e-05,1.89051821195187110e-05,5.43911160223503414e-04,2.39142955759868041e-12,2.44509135161052882e-11
300,4.46776045277452583e-05,1.88351980576893473e-05,5.42192736833455079e-04,2.40946900865926841e-12,2.44509135161052882e-11
301,4.43586267128032264e-05,1.87663000398977355e-05,5.40475461557833733e-04,2.08967610488553974e-12,2.44509135161052882e-11
302,4.41719990098873484e-05,1.86931612977491360e-05,5.38765683572928916e-04,2.31166555567057133e-12,2.44509135161052882e-11
303,4.39661656081432662e-05,1.86213082853184126e-05,5.37061074297820527e-04,2.27986489051936063e-12,2.44509135161052882e-11
304,4.38404643826836881e-05,1.85304377692156298e-05,5.35367879848729815e-04,2.32945164005798099e-12,2.44509135161052882e-11
305,4.36952350939796578e-05,1.84472422154778499e-05,5.33684408397168495e-04,2.03199462436635133e-12,2.44509135161052882e-11
306,4.35529634114839844e-05,1.83716128672875598e-05,5.32010158548898698e-04,2.10653898645942118e-12,2.44509135161052882e-11
307,4.32921553564140582e-05,1.83001161695501937e-05,5.30340272031261904e-04,2.27684085909500382e-12,2.44509135161052882e-11
308,4.31309837951216160e-05,1.82278655296232809e-05,5.28676758126307884e-04,2.25906909963099371e-12,2.44509135161052882e-11
309,4.29173519087884349e-05,1.81651621132203051e-05,5.27015579904131694e-04,2.08736112240251671e-12,2.44509135161052882e-11
310,4.27294820956268303e-05,1.81081890345321988e-05,5.25358502479163821e-04,2.27111295529131695e-12,2.44509135161052882e-11
311,4.25687481292568712e-05,1.80539254956961000e-05,5.23707843091041417e-04,2.31875585800452110e-12,2.44509135161052882e-11
312,4.24212649390002218e-05,1.80019765644358161e-05,5.22064860401129610e-04,2.29654997049381157e-12,2.44509135161052882e-11
313,4.22803847963891917e-05,1.79512175678362122e-05,5.20430297567448549e-04,2.25501636424721724e-12,2.44509135161052882e-11
314,4.21423472305355003e-05,1.79008267223332523e-05,5.18804615178468159e-04,2.14120366396354211e-12,2.44509135161052882e-11
315,4.20050553852727385e-05,1.77830286619975824e-05,5.17185563681730283e-04,2.11288156385474925e-12,2.44509135161052882e-11
316,4.18712374462272847e-05,1.76479489362589427e-05,5.15572432349989960e-04,2.01228716559065664e-12,2.44509135161052882e-11
317,4.17387019531996334e-05,1.75646822632918048e-05,5.13967213477714829e-04,2.35800269297852846e-12,2.44509135161052882e-11
318,4.16039746973179890e-05,1.74977273619468963e-05,5.12370645876271034e-04,2.04425992859626906e-12,2.44509135161052882e-11
319,4.14689310320670107e-05,1.74394536407064408e-05,5.10783154430276189e-04,2.08685411549638189e-12,2.44509135161052882e-11
320,4.13339079921997779e-05,1.73855716018054189e-05,5.09204857264392041e-04,2.15002097068202988e-12,2.44509135161052882e-11
321,4.11991230832216304e-05,1.73335519001826101e-05,5.07635708288011345e-04,2.36428044572174105e-12,2.44509135161052882e-11
322,4.10646074642958032e-05,1.72821524396052282e-05,5.06075581120115497e-04,2.40233350730114918e-12,2.44509135161052882e-11
323,4.09304211372801420e-05,1.72308143658475900e-05,5.04524319913153053e-04,2.44968884548113451e-12,2.44509135161052882e-11
324,4.07966261881543283e-05,1.71792760975941038e-05,5.02981762516469671e-04,2.23544687477118595e-12,2.44509135161052882e-11
325,4.06632973755507657e-05,1.71274302579112868e-05,5.01447752501116132e-04,2.14527168487232222e-12,2.44509135161052882e-11
326,4.05305173933890846e-05,1.70752537468889233e-05,4.99922144563401047e-04,2.34727959765088485e-12,2.44509135161052882e-11
327,4.03983595771994318e-05,1.70227756000243847e-05,4.98404805301642462e-04,2.19239376569423575e-12,2.44509135161052882e-11
328,4.02668850769932599e-05,1.69700620894692185e-05,4.96895612531456999e-04,2.20200341501780537e-12,2.44509135161052882e-11
329,4.01361637359668184e-05,1.69171966535025819e-05,4.95394455395236299e-04,2.26999717089998095e-12,2.44509135161052882e-11
330,4.00062465839593631e-05,1.68642686580948991e-05,4.93901232190892422e-04,2.33459702266551705e-12,2.44509135161052882e-11
331,3.98771450395429144e-05,1.68113633388343193e-05,4.92415844995976247e-04,2.43983306429242311e-12,2.44509135161052882e-11
332,3.97336456175954370e-05,1.67585611836758953e-05,4.90937121363296466e-04,2.13078573405646166e-12,2.44509135161052882e-11
333,3.95927616845210550e-05,1.67038027093428963e-05,4.89465092310734920e-04,2.16518005283032195e-12,2.44509135161052882e-11
334,3.94652041010804943e-05,1.66485668323028025e-05,4.88001072939478248e-04,2.22478852220541575e-12,2.44509135161052882e-11
335,3.93445705826944904e-05,1.65932757013951433e-05,4.86545908896817954e-04,2.22437747417919209e-12,2.44509135161052882e-11
336,3.92203405085549738e-05,1.65392043426338160e-05,4.85098720433575585e-04,2.25338085702292407e-12,2.44509135161052882e-11
337,3.90957795231712502e-05,1.64867525063093141e-05,4.83659160987225827e-04,2.33979792878862312e-12,2.44509135161052882e-11
338,3.89724914819283014e-05,1.64369494951839643e-05,4.82227267863167305e-04,2.25979212156884192e-12,2.44509135161052882e-11
339,3.88502355769109270e-05,1.63909272455622983e-05,4.80803340006817214e-04,2.32688102363203680e-12,2.44509135161052882e-11
340,3.87287853565758595e-05,1.63401597294594830e-05,4.79386739907946375e-04,2.35070234508023366e-12,2.44509135161052882e-11
341,3.86088483658403469e-05,1.62894826000905792e-05,4.77977316143655343e-04,2.31581440181425762e-12,2.44509135161052882e-11
342,3.84899976961485603e-05,1.62392848845568508e-05,4.76574915837136063e-04,2.40609807077049680e-12,2.44509135161052882e-11
343,3.83720940157771220e-05,1.61897138507704335e-05,4.75179428587867831e-04,2.36862412573478843e-12,2.44509135161052882e-11
344,3.82466448766948766e-05,1.61407526474383222e-05,4.73790182578371071e-04,2.40996224966414735e-12,2.44509135161052882e-11
345,3.81144518712688926e-05,1.60909932233772620e-05,4.72406565274590621e-04,2.28482187521167041e-12,2.44509135161052882e-11
346,3.79919183214452025e-05,1.60397499686664404e-05,4.71029194948554782e-04,2.40012389006635117e-12,2.44509135161052882e-11
347,3.78734737683126006e-05,1.59894956445822333e-05,4.69658185132085411e-04,2.38194456134622366e-12,2.44509135161052882e-11
348,3.77575086669340923e-05,1.59403973067576871e-05,4.68293537065531096e-04,2.39681632051047498e-12,2.44509135161052882e-11
349,3.76434606829070901e-05,1.58923962133910719e-05,4.66935236190852278e-04,2.43200094939228709e-12,2.44509135161052882e-11
350,3.75310106139584599e-05,1.58453502276920470e-05,4.65583265098166012e-04,2.41761954621754792e-12,2.44509135161052882e-11
351,3.73713978801171778e-05,1.57990882018648307e-05,4.64235388529296914e-04,2.22706375589830158e-12,2.44509135161052882e-11
352,3.72592597472510282e-05,1.57355754275592540e-05,4.62892658189443878e-04,2.36581635689279994e-12,2.44509135161052882e-11
353,3.71620232295138945e-05,1.56674125365997305e-05,4.61557159608707950e-04,2.39157796592312443e-12,2.44509135161052882e-11
354,3.70536196400022308e-05,1.56093608571957779e-05,4.60228893970298909e-04,2.28805233939601698e-12,2.44509135161052882e-11
355,3.69464613976201855e-05,1.55569324619486125e-05,4.58907421846353682e-04,2.40135727909292261e-12,2.44509135161052882e-11
356,3.68393567357421672e-05,1.55075934985794030e-05,4.57592324619346044e-04,2.35144528312370661e-12,2.44509135161052882e-11
357,3.67325104266835858e-05,1.54592315013882722e-05,4.56283360600560569e-04,2.18484798341222606e-12,2.44509135161052882e-11
358,3.66258207361413917e-05,1.53897275181512059e-05,4.54979894150822173e-04,2.37031473218973971e-12,2.44509135161052882e-11
359,3.65212974669947398e-05,1.53298331139784479e-05,4.53682173722672164e-04,2.17536868810698164e-12,2.44509135161052882e-11
360,3.64174468545075663e-05,1.52772829849197511e-05,4.52390179714446988e-04,2.19303591887283832e-12,2.44509135161052882e-11
361,3.63141608356605907e-05,1.52305969016382342e-05,4.51103900651604682e-04,2.18100592147389291e-12,2.44509135161052882e-11
362,3.62113036537150835e-05,1.51881420683337742e-05,4.49823312432222528e-04,2.27379040646877289e-12,2.44509135161052882e-11
363,3.61087693706075338e-05,1.51475861072826423e-05,4.48548420368568624e-04,2.20969556252369948e-12,2.44509135161052882e-11
364,3.60065371806999403e-05,1.51089038715500044e-05,4.47279180839137798e-04,2.22026396849493407e-12,2.44509135161052882e-11
365,3.59046137565516925e-05,1.50706615754627202e-05,4.46015520264337218e-04,2.23543368129603555e-12,2.44509135161052882e-11
366,3.58030035088465227e-05,1.50320947059354405e-05,4.44757367809369602e-04,2.26353713933501883e-12,2.44509135161052882e-11
367,3.57017229497714615e-05,1.49928225026853466e-05,4.43504661809418412e-04,2.28848772006390347e-12,2.44509135161052882e-11
368,3.56008110795799073e-05,1.49527314362575193e-05,4.42257350742837326e-04,2.32116243057469484e-12,2.44509135161052882e-11
369,3.55003186626279849e-05,1.49118751658183159e-05,4.41015391114758044e-04,2.28785850335866292e-12,2.44509135161052882e-11
370,3.54003063051949870e-05,1.48704032230585955e-05,4.39778745782366191e-04,2.29947434348024580e-12,2.44509135161052882e-11
371,3.53008363471656600e-05,1.48285048679028647e-05,4.38547381984956484e-04,2.26060646046798758e-12,2.44509135161052882e-11
372,3.52019624440360522e-05,1.47863745151302173e-05,4.37321268950588969e-04,2.21080522350622937e-12,2.44509135161052882e-11
373,3.51037320281711045e-05,1.47441900154332363e-05,4.36100376267601632e-04,2.30377550613314108e-12,2.44509135161052882e-11
374,3.50061806872101517e-05,1.47021040993318980e-05,4.34884672768311566e-04,2.20313906384971532e-12,2.44509135161052882e-11
375,3.49093326231424158e-05,1.46602382951726790e-05,4.33674125829801001e-04,2.24584236282779314e-12,2.44509135161052882e-11
376,3.48131986479274872e-05,1.46186869531170455e-05,4.32468701211618156e-04,2.31728493985560805e-12,2.44509135161052882e-11
377,3.47177809170494430e-05,1.45775175745234564e-05,4.31268363200152033e-04,2.25227657179777888e-12,2.44509135161052882e-11
378,3.46230704418745933e-05,1.45367764475492789e-05,4.30073074834174014e-04,2.24086609208867791e-12,2.44509135161052882e-11
379,3.45290513246884374e-05,1.44964912993709707e-05,4.28882798298077278e-04,2.28940998980631004e-12,2.44509135161052882e-11
380,3.44357023200703779e-05,1.44566750809259648e-05,4.27697495079957602e-04,2.23358338081484160e-12,2.44509135161052882e-11
381,3.43429989118930798e-05,1.44173280492339831e-05,4.26517126247920764e-04,2.41636114880961710e-12,2.44509135161052882e-11
382,3.42509153662013001e-05,1.43784346355049365e-05,4.25341653928589967e-04,2.38349729555599775e-12,2.44509135161052882e-11
383,3.41594235452523604e-05,1.43399943201532601e-05,4.24171038330444275e-04,2.24207147881292458e-12,2.44509135161052882e-11
384,3.40684973274610597e-05,1.43019758295006116e-05,4.23005241386930362e-04,1.98596360408149717e-12,2.44509135161052882e-11
385,3.39781130732113901e-05,1.42643560218702685e-05,4.21844225366631493e-04,2.33012971311925790e-12,2.44509135161052882e-11
386,3.38882458185465262e-05,1.42271112050882011e-05,4.20687952442420226e-04,2.02983964517744288e-12,2.44509135161052882e-11
387,3.37988779867157035e-05,1.41902136036676462e-05,4.19536385738515758e-04,2.13115868685910994e-12,2.44509135161052882e-11
388,3.37099872271855039e-05,1.41536398104203288e-05,4.18389488655709939e-04,2.26432653565593525e-12,2.44509135161052882e-11
389,3.36215630431602544e-05,1.41173708757007106e-05,4.17247225360206392e-04,2.22322327677272577e-12,2.44509135161052882e-11
390,3.35335911069933486e-05,1.40813881251585430e-05,4.16109560775223251e-04,2.21738446969738549e-12,2.44509135161052882e-11
391,3.34460609543531283e-05,1.40456764870052567e-05,4.14976460196962358e-04,2.22223393284621782e-12,2.44509135161052882e-11
392,3.33589424352156774e-05,1.40102242035278184e-05,4.13847888147832795e-04,2.21211601439803315e-12,2.44509135161052882e-11
393,3.32722234081965132e-05,1.39750219623966713e-05,4.12723808697350336e-04,2.10052332107924096e-12,2.44509135161052882e-11
394,3.31859495435689580e-05,1.39400611011219668e-05,4.11604190922248265e-04,2.09021952351974947e-12,2.44509135161052882e-11
395,3.31001032505914787e-05,1.39053396763169792e-05,4.10489003707016566e-04,2.23704693708307259e-12,2.44509135161052882e-11
396,3.30146772316220857e-05,1.38708560379729064e-05,4.09378216489740912e-04,2.13493729739737540e-12,2.44509135161052882e-11
397,3.29296662031599625e-05,1.38366089484160868e-05,4.08271799053455437e-04,2.16645420140578691e-12,2.44509135161052882e-11
398,3.28450636270005475e-05,1.38025973555428850e-05,4.07169721472545800e-04,2.17972933834476230e-12,2.44509135161052882e-11
399,3.27608671170421010e-05,1.37688202504302501e-05,4.06071954302675818e-04,2.21944156515480808e-12,2.44509135161052882e-11
400,3.26770724864589322e-05,1.37352389055585354e-05,4.04978458200492913e-04,2.26085615293075414e-12,2.44509135161052882e-11
401,3.25936766354800316e-05,1.37016149353629704e-05,4.03889131917195207e-04,2.27514627965342401e-12,2.44509135161052882e-11
402,3.25106734604776031e-05,1.36684701516406029e-05,4.02804019003953726e-04,2.10075986769806431e-12,2.44509135161052882e-11
403,3.24280626916288812e-05,1.36355824907392253e-05,4.01723101881204417e-04,2.20209705521817841e-12,2.44509135161052882e-11
404,3.23458376981003291e-05,1.36029328616241798e-05,4.00646353953365640e-04,2.21276811775767366e-12,2.44509135161052882e-11
405,3.22639987118023916e-05,1.35705172990738283e-05,3.99573747628793798e-04,2.45059966346436929e-12,2.44509135161052882e-11
406,3.21825363257736733e-05,1.35383320017169405e-05,3.98505254861871198e-04,2.18081964523691045e-12,2.44509135161052882e-11
407,3.21014574718786125e-05,1.35063750082551712e-05,3.97440848712977762e-04,2.18050301860419505e-12,2.44509135161052882e-11
408,3.20207416734925003e-05,1.34746430235453956e-05,3.96380501593851411e-04,2.40261669640340883e-12,2.44509135161052882e-11
409,3.19403960240697074e-05,1.34431331472832819e-05,3.95324186743040585e-04,2.43174136204744605e-12,2.44509135161052882e-11
410,3.18604171461972944e-05,1.34118428030120664e-05,3.94271877740002608e-04,2.14153666574765353e-12,2.44509135161052882e-11
411,3.17807970818026177e-05,1.33807697628034312e-05,3.93223548120276813e-04,2.37991826623161291e-12,2.44509135161052882e-11
412,3.17015254852926156e-05,1.33499039417651736e-05,3.92179171145550572e-04,2.43858008045637245e-12,2.44509135161052882e-11
413,3.16226133894803113e-05,1.33191896772422328e-05,3.91138717882888790e-04,2.44393220787811150e-12,2.44509135161052882e-11
414,3.15440587831902107e-05,1.32887650939498653e-05,3.90102166004132505e-04,2.13098056011185666e-12,2.44509135161052882e-11
415,3.14658426059251486e-05,1.32585653174045428e-05,3.89069489759129652e-04,2.34444463032238207e-12,2.44509135161052882e-11
416,3.13879560641918613e-05,1.32285735480974783e-05,3.88040663639108163e-04,2.38546801917580556e-12,2.44509135161052882e-11
417,3.13104131492827263e-05,1.31987833362224506e-05,3.87015663343963357e-04,2.19881864923070885e-12,2.44509135161052882e-11
418,3.12332016785663141e-05,1.31691886092449337e-05,3.85994464508375033e-04,2.37241764463833680e-12,2.44509135161052882e-11
419,3.11563111606160903e-05,1.31397853627633436e-05,3.84977042457157145e-04,2.32772900111332901e-12,2.44509135161052882e-11
420,3.10797547705226238e-05,1.31105716403484312e-05,3.83963373815952391e-04,2.27793213388320022e-12,2.44509135161052882e-11
421,3.10035166161919587e-05,1.30815443253176896e-05,3.82953434666020358e-04,2.31549692631356707e-12,2.44509135161052882e-11
422,3.09275942152010687e-05,1.30527003636757452e-05,3.81947201363321356e-04,2.36160594445517910e-12,2.44509135161052882e-11
423,3.08519931488460196e-05,1.30240375632432663e-05,3.80944650931614739e-04,2.31226439534136181e-12,2.44509135161052882e-11
424,3.07767022014671305e-05,1.29955537151497169e-05,3.79945760469654339e-04,2.43307894426302037e-12,2.44509135161052882e-11
425,3.07017191859312093e-05,1.29672455585283194e-05,3.78950507217772038e-04,2.36615466749874760e-12,2.44509135161052882e-11
426,3.06270458960855127e-05,1.29391116751980986e-05,3.77958869060111542e-04,2.36989824807807455e-12,2.44509135161052882e-11
427,3.05526747351506271e-05,1.25834906753039426e-05,3.76962606202367058e-04,2.05259307477468779e-12,2.44509135161052882e-11
428,3.04658838296083743e-05,1.24321208582182889e-05,3.75965639042732654e-04,2.38275041758825205e-12,2.44509135161052882e-11
429,3.03851391404589893e-05,1.23739102148648412e-05,3.74970784526827911e-04,2.34131424919443259e-12,2.44509135161052882e-11
430,3.03078793965673793e-05,1.23417777064576345e-05,3.73978461298556336e-04,2.43750162684262821e-12,2.44509135161052882e-11
431,3.02339406092327923e-05,1.23168446960439855e-05,3.72989829675176004e-04,2.13295783117431458e-12,2.44509135161052882e-11
432,3.01623583176054758e-05,1.22899058898014392e-05,3.72005257214866986e-04,2.45041421512960542e-12,2.44509135161052882e-11
433,3.00922365981828512e-05,1.22591495095899678e-05,3.71024708835074476e-04,2.19892347680464523e-12,2.44509135161052882e-11
434,3.00230283073024084e-05,1.22255747838885562e-05,3.70048058504934287e-04,2.15968511264408661e-12,2.44509135161052882e-11
435,2.99543865782470457e-05,1.21906318741074555e-05,3.69075177872404156e-04,2.24166731406029946e-12,2.44509135161052882e-11
436,2.98861558597826452e-05,1.21555195493098527e-05,3.68105960885164540e-04,2.13431534579543275e-12,2.44509135161052882e-11
437,2.98182607097688587e-05,1.21210318390623446e-05,3.67140325392487326e-04,2.22417574919349071e-12,2.44509135161052882e-11
438,2.97506844826292589e-05,1.20875898032767253e-05,3.66178208302504683e-04,2.30253430118061892e-12,2.44509135161052882e-11
439,2.99360872223782282e-05,1.20553476077882489e-05,3.65231232836719401e-04,2.29296092838622185e-12,2.44509135161052882e-11
440,2.98336753522546569e-05,1.19941706396115283e-05,3.64286428975287599e-04,2.21511024703404333e-12,2.44509135161052882e-11
441,2.97639899100179495e-05,1.19512063929855435e-05,3.63345143404780724e-04,2.11183267526951328e-12,2.44509135161052882e-11
442,2.97156730797615862e-05,1.19227269026305904e-05,3.62408324614157268e-04,2.34411826752698269e-12,2.44509135161052882e-11
443,2.96730390540631776e-05,1.18974311825664207e-05,3.61475930032661985e-04,2.31860029712017757e-12,2.44509135161052882e-11
444,2.96307421090350368e-05,1.18715300506279048e-05,3.60547632514912424e-04,2.30335520741540888e-12,2.44509135161052882e-11
445,2.95864550217916528e-05,1.18439005289024005e-05,3.59623186374959135e-04,2.32366856695091581e-12,2.44509135161052882e-11
446,2.95395863089282837e-05,1.18145040649762678e-05,3.58702421291439528e-04,2.38552963577370802e-12,2.44509135161052882e-11
447,2.94901934450981330e-05,1.17836777145776813e-05,3.57785214202464147e-04,2.33410047167683682e-12,2.44509135161052882e-11
448,2.94481835266172974e-05,1.17518829896096843e-05,3.56872330450620800e-04,2.33008303838458347e-12,2.44509135161052882e-11
449,2.96635682365561640e-05,1.17150389841744757e-05,3.55974478895126846e-04,2.25637105642746054e-12,2.44509135161052882e-11
450,2.95389560909314425e-05,1.16246083641873034e-05,3.55077216638071335e-04,2.35397234131413026e-12,2.44509135161052882e-11
451,2.94940331006659045e-05,1.15538082515141988e-05,3.54183522518567036e-04,2.32238520299802830e-12,2.44509135161052882e-11
452,2.94620583544194887e-05,1.14992267213699389e-05,3.53294103910711289e-04,2.41744344173594528e-12,2.44509135161052882e-11
453,2.94319569904480919e-05,1.14500770977867565e-05,3.52408804158791875e-04,2.08136459219481922e-12,2.44509135161052882e-11
454,2.94001337117362495e-05,1.14040177571337638e-05,3.51527564643938563e-04,2.42052693997640895e-12,2.44509135161052882e-11
455,2.93647463763380728e-05,1.13599500749378955e-05,3.50650258756935297e-04,2.32616526088911792e-12,2.44509135161052882e-11
456,2.93255541759580607e-05,1.13170312774833128e-05,3.49776745318803196e-04,2.38821941014211536e-12,2.44509135161052882e-11
457,2.92828568465401876e-05,1.12750466125224962e-05,3.48906889763871586e-04,2.16176097076562572e-12,2.44509135161052882e-11
458,2.92371190318609786e-05,1.12339844762106939e-05,3.48040560854696705e-04,2.38274548348236876e-12,2.44509135161052882e-11
459,2.91887989938348823e-05,1.11937493673489735e-05,3.47177644280530836e-04,2.36641044051022663e-12,2.44509135161052882e-11
460,2.91383446990273217e-05,1.11542912952807825e-05,3.46318037361734122e-04,2.31011737933451482e-12,2.44509135161052882e-11
461,2.90861254201255273e-05,1.11155689443302801e-05,3.45461648876454661e-04,2.33040134942821162e-12,2.44509135161052882e-11
462,2.90324687563608276e-05,1.10775545183203919e-05,3.44608399386927276e-04,2.32466845170947410e-12,2.44509135161052882e-11
463,2.89776434993077920e-05,1.10402360992818548e-05,3.43758219634312905e-04,2.36765167354196378e-12,2.44509135161052882e-11
464,2.89218742945742173e-05,1.10036128752681759e-05,3.42911049524862995e-04,2.36503682865461559e-12,2.44509135161052882e-11
465,2.88653493433005903e-05,1.09676886446528768e-05,3.42066837381348968e-04,2.35399853098226937e-12,2.44509135161052882e-11
466,2.88082240925309688e-05,1.09324694826349223e-05,3.41225538787721645e-04,2.30286816969397728e-12,2.44509135161052882e-11
467,2.87506276398830264e-05,1.08979598804008438e-05,3.40387115696300731e-04,2.36930537761623201e-12,2.44509135161052882e-11
468,2.86926671737205557e-05,1.08641614703828118e-05,3.39551535106728732e-04,2.34932530545529588e-12,2.44509135161052882e-11
469,2.86344308805484318e-05,1.08310707078565537e-05,3.38718768255172808e-04,2.28602240622786884e-12,2.44509135161052882e-11
470,2.85759881629829552e-05,1.07986794868408377e-05,3.37888789230424234e-04,2.14044846173075692e-12,2.44509135161052882e-11
471,2.85173961304974786e-05,1.07669739226580832e-05,3.37061574609399278e-04,2.36144984904363271e-12,2.44509135161052882e-11
472,2.84586984016964546e-05,1.07359362855818932e-05,3.36237102010738696e-04,2.37118887657192536e-12,2.44509135161052882e-11
473,2.83999336355746948e-05,1.07055440286584464e-05,3.35415350562694094e-04,2.37164774612074246e-12,2.44509135161052882e-11
474,2.83411241342477369e-05,1.06757702541884989e-05,3.34596299730694250e-04,2.34493748170458529e-12,2.44509135161052882e-11
475,2.82819578114794952e-05,1.06470473158267648e-05,3.33779951904433672e-04,2.37185323823793728e-12,2.44509135161052882e-11
476,2.82228485149420470e-05,1.06186571252164244e-05,3.32966247841858009e-04,2.36091737945359181e-12,2.44509135161052882e-11
477,2.81639306177696516e-05,1.05904150587822032e-05,3.32155141542490287e-04,2.33475941302648885e-12,2.44509135161052882e-11
478,2.81049913982324265e-05,1.05626588578175213e-05,3.31346621065440336e-04,2.26101040596745957e-12,2.44509135161052882e-11
479,2.80460598147560862e-05,1.05353582072130589e-05,3.30540672370331439e-04,2.38891624684474231e-12,2.44509135161052882e-11
480,2.79871756833042639e-05,1.05085077356989640e-05,3.29737283404346300e-04,2.36287096585069395e-12,2.44509135161052882e-11
481,2.79283374383947017e-05,1.04820952972785952e-05,3.28936436500321507e-04,2.31655983331429473e-12,2.44509135161052882e-11
482,2.78695679962007327e-05,1.04560921966623253e-05,3.28138124727001088e-04,2.31917264121214507e-12,2.44509135161052882e-11
483,2.78109050563935210e-05,1.04304769737462103e-05,3.27342353937937983e-04,2.28973753959250652e-12,2.44509135161052882e-11
484,2.77523208831259122e-05,1.04051880311823868e-05,3.26549081660599486e-04,2.30960206466995138e-12,2.44509135161052882e-11
485,2.76937943351749921e-05,1.03801912984047603e-05,3.25758283616798172e-04,2.30438490145096115e-12,2.44509135161052882e-11
486,2.76353650243907819e-05,1.03554687876538592e-05,3.24969948292349849e-04,2.31994295415061217e-12,2.44509135161052882e-11
487,2.75770276596623790e-05,1.03310016137715654e-05,3.24184064239755427e-04,2.30384055742330372e-12,2.44509135161052882e-11
488,2.75187746595613410e-05,1.03067735324237133e-05,3.23400619544440924e-04,2.27949319419268303e-12,2.44509135161052882e-11
489,2.74606044664387538e-05,1.02827714283680123e-05,3.22619601894012830e-04,2.33191841550088476e-12,2.44509135161052882e-11
490,2.74025125380035950e-05,1.02589834958443287e-05,3.21840998327251645e-04,2.27940780268132839e-12,2.44509135161052882e-11
491,2.73445000220916650e-05,1.02353997326193036e-05,3.21064794809061097e-04,2.36333733278856783e-12,2.44509135161052882e-11
492,2.72865672569282342e-05,1.02120073018881267e-05,3.20290977664931906e-04,2.35132758121939579e-12,2.44509135161052882e-11
493,2.72287169798682483e-05,1.01888094734250840e-05,3.19519535712353047e-04,2.21657581916204221e-12,2.44509135161052882e-11
494,2.71709517441199558e-05,1.01657925141635391e-05,3.18750457051540192e-04,2.28788669837333637e-12,2.44509135161052882e-11
495,2.71132764904862132e-05,1.01429044438166448e-05,3.17983717397264188e-04,2.29593344279681213e-12,2.44509135161052882e-11
496,2.70556951270837637e-05,1.01200147317623642e-05,3.17219257973650240e-04,2.35096142675391928e-12,2.44509135161052882e-11
497,2.69982124815286942e-05,1.00974803932355080e-05,3.16457112883779279e-04,2.20500742952483208e-12,2.44509135161052882e-11
498,2.69408309715313373e-05,1.00751472823627813e-05,3.15697282392278543e-04,2.20099158699096485e-12,2.44509135161052882e-11
499,2.68835534600420075e-05,1.00529713432331247e-05,3.14939758291967115e-04,2.40614394271015454e-12,2.44509135161052882e-11
500,2.68263839758573120e-05,1.00309365852379443e-05,3.14184530525890213e-04,2.22184644302964326e-12,2.44509135161052882e-11
501,2.67693252019956092e-05,1.00090337368140933e-05,3.13431588918652100e-04,2.26611013380778927e-12,2.44509135161052882e-11
502,2.67123774874481071e-05,9.98725784694149390e-06,3.12680922920101259e-04,2.25653777201316948e-12,2.44509135161052882e-11
503,2.66555463099982751e-05,9.96560227380540807e-06,3.11932522447406688e-04,2.24382476178596375e-12,2.44509135161052882e-11
504,2.65988305138420162e-05,9.94406314869930442e-06,3.11186377341866167e-04,2.26348158406011901e-12,2.44509135161052882e-11
505,2.65422339163265595e-05,9.92662316917443674e-06,3.10442951398155807e-04,2.20144038979727663e-12,2.44509135161052882e-11
506,2.64879942314698706e-05,9.92829446961792370e-06,3.09703855246252710e-04,2.32298298144508030e-12,2.44509135161052882e-11
507,2.64403233574242693e-05,9.91354574611236375e-06,3.08967840015923897e-04,2.26738951276642629e-12,2.44509135161052882e-11
508,2.63852462469001958e-05,9.89426600729747661e-06,3.08234138274133249e-04,2.22158612481967807e-12,2.44509135161052882e-11
509,2.63304929358431959e-05,9.87509107944711655e-06,3.07502671970210945e-04,2.30391832304959211e-12,2.44509135161052882e-11
510,2.62753438837399263e-05,9.85666153658663747e-06,3.06773387045238726e-04,2.21316327078021495e-12,2.44509135161052882e-11
511,2.62200247310519432e-05,9.83882015158086012e-06,3.06046258341792759e-04,2.17365676549768234e-12,2.44509135161052882e-11
512,2.61646346657259412e-05,9.82122091570867079e-06,3.05321275123961156e-04,2.20229033377339432e-12,2.44509135161052882e-11
513,2.60949833331326644e-05,9.80362811243191983e-06,3.04598025574939573e-04,2.15073152158725528e-12,2.44509135161052882e-11
514,2.59756299579209257e-05,9.78581798008176068e-06,3.03874937837478071e-04,2.18186174177121611e-12,2.44509135161052882e-11
515,2.58932342850374942e-05,9.76805061220821987e-06,3.03153283483611384e-04,2.19209714486071947e-12,2.44509135161052882e-11
516,2.58264196210670398e-05,9.75222267417134235e-06,3.02433740432712873e-04,2.31667966422052799e-12,2.44509135161052882e-11
517,2.57664282507886250e-05,9.73899832204651132e-06,3.01716567394652471e-04,2.38613125915036116e-12,2.44509135161052882e-11
518,2.57097649592460024e-05,9.72816449295132286e-06,3.01001829572124550e-04,2.24442203812216281e-12,2.44509135161052882e-11
519,2.56548649155095188e-05,9.71890690842005327e-06,3.00289478523967980e-04,2.23748173952470031e-12,2.44509135161052882e-11
520,2.55893233346691875e-05,9.71028797349248815e-06,2.99578508708973977e-04,2.19516712582212280e-12,2.44509135161052882e-11
521,2.54972221338460124e-05,9.70115902386398343e-06,2.98866398810367063e-04,2.22557374475781832e-12,2.44509135161052882e-11
522,2.54359784479722510e-05,9.69009431899792479e-06,2.98155471399540368e-04,2.20282419626674457e-12,2.44509135161052882e-11
523,2.53804788959729644e-05,9.67865725770008759e-06,2.97446334039426583e-04,2.20794285368638170e-12,2.44509135161052882e-11
524,2.53279947356003105e-05,9.66707165765775597e-06,2.96739197983517892e-04,2.17879854817091135e-12,2.44509135161052882e-11
525,2.52755813379736850e-05,9.65554087240419836e-06,2.96034096150193796e-04,2.18080427844599021e-12,2.44509135161052882e-11
526,2.52228070662135016e-05,9.64439196764940462e-06,2.95331035258541931e-04,2.22474879068915678e-12,2.44509135161052882e-11
527,2.51695179139978101e-05,9.63375172254064417e-06,2.94630003898576547e-04,2.10855745795213616e-12,2.44509135161052882e-11
528,2.51157569532712388e-05,9.62343241414372127e-06,2.93930993062671022e-04,2.14602256278658460e-12,2.44509135161052882e-11
529,2.50616882040405992e-05,9.61331438732256425e-06,2.93233995730379717e-04,2.12914662179842666e-12,2.44509135161052882e-11
530,2.50074234886879950e-05,9.60314212987055531e-06,2.92539004451995493e-04,2.10900691367828723e-12,2.44509135161052882e-11
531,2.49530552659825521e-05,9.59276122864855221e-06,2.91846010489555904e-04,2.10096364692692351e-12,2.44509135161052882e-11
532,2.48986443760500240e-05,9.58205933288513968e-06,2.91155003414928523e-04,2.13499899366331619e-12,2.44509135161052882e-11
533,2.48442402101725347e-05,9.57097583888851062e-06,2.90465971952324185e-04,2.08030527612433368e-12,2.44509135161052882e-11
534,2.47851766559356555e-05,9.55949069527574431e-06,2.89778780200781289e-04,2.14363660792339991e-12,2.44509135161052882e-11
535,2.46680528104893817e-05,9.54738817884964981e-06,2.89091705719002714e-04,2.22428250322925345e-12,2.44509135161052882e-11
536,2.45875954486906261e-05,9.53213807608438081e-06,2.88405908330538648e-04,2.14186662819361158e-12,2.44509135161052882e-11
537,2.45225011164802783e-05,9.51764301616806099e-06,2.87721991122515607e-04,2.20638324944620621e-12,2.44509135161052882e-11
538,2.44640906156030490e-05,9.50503160222560015e-06,2.87040125555882873e-04,2.25639460559033424e-12,2.44509135161052882e-11
539,2.44089530541738600e-05,9.49411288059659284e-06,2.86360270808472912e-04,2.31358206699813739e-12,2.44509135161052882e-11
540,2.43556232795412291e-05,9.48454668402926746e-06,2.85682353117652516e-04,2.30951283697693866e-12,2.44509135161052882e-11
541,2.43035365911656193e-05,9.47419539847495371e-06,2.85005946493005187e-04,2.17030730833543878e-12,2.44509135161052882e-11
542,2.42524053689223292e-05,9.46575047803467012e-06,2.84331342164421063e-04,2.23647115890723747e-12,2.44509135161052882e-11
543,2.42020454492050850e-05,9.45809839811779733e-06,2.83658612025548731e-04,2.19796939850238166e-12,2.44509135161052882e-11
544,2.41522300512699024e-05,9.45087075035567718e-06,2.82987775761084663e-04,2.16413439113213684e-12,2.44509135161052882e-11
545,2.41027474764197805e-05,9.44384190277896185e-06,2.82318836665274757e-04,2.26552243823823569e-12,2.44509135161052882e-11
546,2.40534194444469401e-05,9.43681257230006257e-06,2.81651789950679039e-04,2.19825935875443370e-12,2.44509135161052882e-11
547,2.40041101703483411e-05,9.42960305306895384e-06,2.80986625206863273e-04,2.17391279655899365e-12,2.44509135161052882e-11
548,2.39547267120847430e-05,9.42205605139969102e-06,2.80323328751899204e-04,2.20942176064312402e-12,2.44509135161052882e-11
549,2.39052143287344196e-05,9.41405443385708509e-06,2.79661886220614747e-04,2.27949033738321467e-12,2.44509135161052882e-11
550,2.38555493070621451e-05,9.40551490103400810e-06,2.79002278335484092e-04,2.12687637033894494e-12,2.44509135161052882e-11
551,2.38057241466769622e-05,9.39638213376469608e-06,2.78344482428163637e-04,2.14340624148774151e-12,2.44509135161052882e-11
552,2.37557639655349802e-05,9.38660724565480810e-06,2.77688489944881542e-04,2.20728285843788393e-12,2.44509135161052882e-11
553,2.37056918797926964e-05,9.37645643397084605e-06,2.77034293234393911e-04,2.31930302550175103e-12,2.44509135161052882e-11
554,2.36555218986522886e-05,9.36554847078819657e-06,2.76381877583069605e-04,2.23131475263559658e-12,2.44509135161052882e-11
555,2.36052701581251003e-05,9.35408020704987481e-06,2.75731222496291065e-04,2.14627980247043135e-12,2.44509135161052882e-11
556,2.35549783264894564e-05,9.34211485969523246e-06,2.75082320401193593e-04,2.13528554152764553e-12,2.44509135161052882e-11
557,2.35046768765518521e-05,9.32969760002042492e-06,2.74435164088865390e-04,2.17018630926930350e-12,2.44509135161052882e-11
558,2.34543928346901712e-05,9.31687237966287313e-06,2.73789749205410903e-04,2.18260218599993185e-12,2.44509135161052882e-11
559,2.34041482553358421e-05,9.30368657961539324e-06,2.73146072586023120e-04,2.10306353502403532e-12,2.44509135161052882e-11
560,2.33539608750009800e-05,9.29018321833488497e-06,2.72504132430868861e-04,2.20221368748736194e-12,2.44509135161052882e-11
561,2.33038465873541717e-05,9.27640143315958719e-06,2.71863927325363642e-04,2.10993468284513678e-12,2.44509135161052882e-11
562,2.32538158700863298e-05,9.26237675526108191e-06,2.71225456402884337e-04,2.10670244421709401e-12,2.44509135161052882e-11
563,2.32038786468462915e-05,9.24814050010187390e-06,2.70588719065525648e-04,2.13431319083989908e-12,2.44509135161052882e-11
564,2.31540413546198075e-05,9.23371955731449052e-06,2.69953714657011001e-04,2.17450811918997094e-12,2.44509135161052882e-11
565,2.31043090246587144e-05,9.21770987632978010e-06,2.69320163790755999e-04,2.21856839137993851e-12,2.44509135161052882e-11
566,2.30546657362050920e-05,9.20202230470393919e-06,2.68688197138203168e-04,2.10128685388343811e-12,2.44509135161052882e-11
567,2.30051263278385242e-05,9.18680711093014597e-06,2.68057948083791906e-04,2.14318729361492736e-12,2.44509135161052882e-11
568,2.29557027667500057e-05,9.17161634729711936e-06,2.67429434827182416e-04,2.10008272578218048e-12,2.44509135161052882e-11
569,2.29063952108129085e-05,9.15637715907713247e-06,2.66802655641967053e-04,2.14930619729453020e-12,2.44509135161052882e-11
570,2.28572056432136578e-05,9.14107850182192294e-06,2.66177606604786079e-04,2.14959490327325419e-12,2.44509135161052882e-11
571,2.28081288751963617e-05,9.12571907664589554e-06,2.65554283225111481e-04,2.15121388255000450e-12,2.44509135161052882e-11
572,2.27591686031541095e-05,9.11030203530678825e-06,2.64932681009445020e-04,2.13623293779688732e-12,2.44509135161052882e-11
573,2.27103239606825948e-05,9.09482173590495593e-06,2.64312795795240251e-04,2.15042382166790548e-12,2.44509135161052882e-11
574,2.26615954512877326e-05,9.07928155387973259e-06,2.63694622783455801e-04,2.22808037562871558e-12,2.44509135161052882e-11
575,2.26129835185496760e-05,9.06368362639874143e-06,2.63078157930298645e-04,2.10009751771890512e-12,2.44509135161052882e-11
576,2.25644869825276025e-05,9.04802567116663602e-06,2.62463395704969711e-04,2.12066649778256555e-12,2.44509135161052882e-11
577,2.25161062525009849e-05,9.03231578774373696e-06,2.61850330966600963e-04,2.05538651773705635e-12,2.44509135161052882e-11
578,2.24678434860042892e-05,9.01654647844512706e-06,2.61238959404593431e-04,2.17526605880195905e-12,2.44509135161052882e-11
579,2.24196928202397599e-05,9.00072722625571792e-06,2.60629275254795154e-04,2.09580147235190492e-12,2.44509135161052882e-11
580,2.23716586603820678e-05,8.98485988119276161e-06,2.60021273397078396e-04,2.05552769417627217e-12,2.44509135161052882e-11
581,2.23237393473816874e-05,8.96894673789992871e-06,2.59414948463450865e-04,2.18959854447055878e-12,2.44509135161052882e-11
582,2.22759364959817107e-05,8.95299077109416652e-06,2.58810295156869212e-04,2.09406806125435150e-12,2.44509135161052882e-11
583,2.22282483143772606e-05,8.93699522800855100e-06,2.58207308196558378e-04,2.10810292447715435e-12,2.44509135161052882e-11
584,2.21806758030377011e-05,8.92096328147153891e-06,2.57605982144735437e-04,2.21785156425564115e-12,2.44509135161052882e-11
585,2.21332190159461665e-05,8.90489841441196679e-06,2.57006311764754419e-04,2.15264735425950982e-12,2.44509135161052882e-11
586,2.20858774730552143e-05,8.88880330711018263e-06,2.56408291688577713e-04,2.06599469652398396e-12,2.44509135161052882e-11
587,2.20386506847149829e-05,8.87268202104301369e-06,2.55811916579449703e-04,2.09729749254770947e-12,2.44509135161052882e-11
588,2.19915393860465256e-05,8.85653676837552380e-06,2.55217181297791795e-04,2.09541905042702091e-12,2.44509135161052882e-11
589,2.19445415652576204e-05,8.84037142881354487e-06,2.54624080279845007e-04,2.05679921634380635e-12,2.44509135161052882e-11
590,2.18976606553318943e-05,8.82418802094827318e-06,2.54032608387627992e-04,2.15239247341700945e-12,2.44509135161052882e-11
591,2.18508937942939844e-05,8.80799003104300401e-06,2.53442760235785664e-04,2.06388477240345847e-12,2.44509135161052882e-11
592,2.18042406921631167e-05,8.79177938295997569e-06,2.52854530522807815e-04,2.07047200348915981e-12,2.44509135161052882e-11
593,2.17577021875327884e-05,8.77555912641176014e-06,2.52267914018067588e-04,2.09058798407577189e-12,2.44509135161052882e-11
594,2.17112774622828139e-05,8.75933113349479377e-06,2.51682905395582868e-04,2.42160920108120398e-12,2.44509135161052882e-11
595,2.16649670756207330e-05,8.74309793247234189e-06,2.51099499372654572e-04,2.09431571605653923e-12,2.44509135161052882e-11
596,2.16187668919105256e-05,8.72686067014115305e-06,2.50517690581040608e-04,2.43730030450147398e-12,2.44509135161052882e-11
597,2.15726821311457877e-05,8.71062280104472260e-06,2.49937473681495492e-04,2.06619683478686457e-12,2.44509135161052882e-11
598,2.15267075730942294e-05,8.69230506062179579e-06,2.49358536226169459e-04,2.09495038475811588e-12,2.44509135161052882e-11
599,2.14810422155377365e-05,8.67594496864410490e-06,2.48781085159174690e-04,2.40481577399071347e-12,2.44509135161052882e-11
600,2.14353608845362004e-05,8.66020719910914450e-06,2.48205182910453534e-04,2.05676847788867894e-12,2.44509135161052882e-11
601,2.13897484451449153e-05,8.64462372750543598e-06,2.47630848921652253e-04,2.20403660219780154e-12,2.44509135161052882e-11
602,2.13442304373323096e-05,8.62902890802734406e-06,2.47058085395120749e-04,2.07384951211963082e-12,2.44509135161052882e-11
603,2.12988150488464769e-05,8.61337645620260151e-06,2.46486889129001949e-04,2.04475858924544990e-12,2.44509135161052882e-11
604,2.12535053803780269e-05,8.59766304477563999e-06,2.45917254830472815e-04,2.05249106098338018e-12,2.44509135161052882e-11
605,2.12083022584309892e-05,8.58189727119445409e-06,2.45349176801004675e-04,2.38346446595398693e-12,2.44509135161052882e-11
606,2.11632071964873408e-05,8.56610008315403507e-06,2.44782651711411754e-04,2.39414070091285776e-12,2.44509135161052882e-11
607,2.11182186449763376e-05,8.55031415520444570e-06,2.44217679698961580e-04,2.03771043681836931e-12,2.44509135161052882e-11
608,2.10733362965730846e-05,8.53451618770265676e-06,2.43654251135098931e-04,2.42053790594721020e-12,2.44509135161052882e-11
609,2.10285550521861886e-05,8.51861624605003923e-06,2.43092358411730100e-04,2.37871463177493265e-12,2.44509135161052882e-11
610,2.09838657950095305e-05,8.50269186362414528e-06,2.42531989706219417e-04,2.42530033150122073e-12,2.44509135161052882e-11
611,2.09392800738216351e-05,8.48675208684515491e-06,2.41973138723582408e-04,2.35265876148721941e-12,2.44509135161052882e-11
612,2.08948023515842173e-05,8.47080435576936520e-06,2.41415801341605816e-04,2.40257626295120108e-12,2.44509135161052882e-11
613,2.08504327137165414e-05,8.45485727734062166e-06,2.40859973262574570e-04,2.39724721670139868e-12,2.44509135161052882e-11
614,2.08061715355544615e-05,8.43891434536339116e-06,2.40305650216160574e-04,2.34254946348446210e-12,2.44509135161052882e-11
615,2.07620183409957605e-05,8.42297946026737114e-06,2.39752827629843054e-04,2.35088335137745412e-12,2.44509135161052882e-11
616,2.07179728176810065e-05,8.40705567296143711e-06,2.39201500679289751e-04,2.33778057240967714e-12,2.44509135161052882e-11
617,2.06740346069866648e-05,8.39114477074146765e-06,2.38651664388755453e-04,2.32414757532832665e-12,2.44509135161052882e-11
618,2.06302039985258056e-05,8.37524827405125764e-06,2.38103313753625139e-04,2.40322546173491110e-12,2.44509135161052882e-11
619,2.05864798766971484e-05,8.35936759624653544e-06,2.37556443569921665e-04,2.38391678248961675e-12,2.44509135161052882e-11
620,2.05428621900053148e-05,8.34350339862068676e-06,2.37011048722108025e-04,2.38325002177985654e-12,2.44509135161052882e-11
621,2.04993494018818794e-05,8.32765688487143998e-06,2.36467124018318318e-04,2.37216270329764377e-12,2.44509135161052882e-11
622,2.04559423675311296e-05,8.31182974968675399e-06,2.35924664159701560e-04,2.29719553817702612e-12,2.44509135161052882e-11
623,2.04126402199046586e-05,8.29602145064008369e-06,2.35383664013268746e-04,2.31416070342163534e-12,2.44509135161052882e-11
624,2.03694409608139052e-05,8.28023336005029156e-06,2.34844118274412999e-04,2.35875224849086421e-12,2.44509135161052882e-11
625,2.03263465173829349e-05,8.26446561713578735e-06,2.34306021864138608e-04,2.34240532927485289e-12,2.44509135161052882e-11
626,2.02833542580078185e-05,8.24871810314861492e-06,2.33769369540531927e-04,2.34854616408506862e-12,2.44509135161052882e-11
627,2.02404473864748000e-05,8.23299163667628332e-06,2.33234152884582324e-04,2.28832248253780319e-12,2.44509135161052882e-11
628,2.01923673463515686e-05,8.21728514075487911e-06,2.32700280785413276e-04,2.44996340374617350e-12,2.44509135161052882e-11
629,2.01409098700742460e-05,8.19912042901135985e-06,2.32167602961958576e-04,2.41701907322709104e-12,2.44509135161052882e-11
630,2.01031838592482171e-05,8.17620668511734388e-06,2.31636435600346934e-04,2.27827672070737730e-12,2.44509135161052882e-11
631,2.00595227741173528e-05,8.15577473919494957e-06,2.31106749035723548e-04,2.28488001957222769e-12,2.44509135161052882e-11
632,2.00162043042705866e-05,8.13796636897526762e-06,2.30578586101570353e-04,2.39824267785177182e-12,2.44509135161052882e-11
633,1.99733419222324708e-05,8.12177968021975241e-06,2.30051952142150304e-04,2.39054747432773794e-12,2.44509135161052882e-11
