iteration,u_residual,v_residual,w_residual,p_residual,continuity_residual,global_mass_imbalance
1,3.91666666666666885e-01,0.00000000000000000e+00,0.00000000000000000e+00,9.54511893659743677e-02,6.81254518003032424e-08,1.33374604763258908e-12
2,1.46999196978127555e+00,1.80001291413614643e-02,1.80001291413246986e-02,4.17372652838946881e-02,7.48581138620023825e-08,1.33374604763258908e-12
3,4.20011912343963678e-01,2.80899319230113499e-02,2.80899319334208149e-02,1.73781122182191348e-02,2.52432506648168846e-09,1.33374604763258908e-12
4,1.67453586567586216e-01,2.06988274390072745e-02,2.06988274383281858e-02,9.98889007118469209e-03,1.01352577904544703e-08,1.33374604763258908e-12
5,9.63376279783698802e-02,1.19479750807304688e-02,1.19479756032924017e-02,6.34334748769772774e-03,4.64845236175935999e-09,1.33374604763258908e-12
6,6.53839616758868092e-02,6.43686700814895523e-03,6.43686657435852197e-03,3.97727041815556029e-03,4.90754091394642567e-09,1.33374604763258908e-12
7,4.67229523964787022e-02,3.68649472645625042e-03,3.68649418445532494e-03,2.46807605382458849e-03,4.25435602490550553e-09,1.33374604763258908e-12
8,3.40116238772263241e-02,2.44415804967079405e-03,2.44415806996534915e-03,1.53364056663231807e-03,1.69190808263982795e-09,1.33374604763258908e-12
9,2.49555030412973756e-02,1.81237042854244176e-03,1.81237035516395683e-03,9.66222915566318811e-04,1.51926008610118755e-09,1.33374604763258908e-12
10,1.83798772088823552e-02,1.39761568346587618e-03,1.39761564897071837e-03,6.24031203811478263e-04,9.56850519628869805e-10,1.33374604763258908e-12
11,1.35608461514723413e-02,1.08598179397126566e-03,1.08598179595134994e-03,4.17087679378419474e-04,6.34443340162660852e-10,1.33374604763258908e-12
12,1.00136682252995653e-02,8.45846224021486507e-04,8.45846228563270556e-04,2.90266007744473969e-04,2.32131809638769556e-10,1.33374604763258908e-12
13,7.39587916175017505e-03,6.60620677207958006e-04,6.60620688735028536e-04,2.10513485710160224e-04,3.17941375866432932e-10,1.33374604763258908e-12
14,5.46175351045218808e-03,5.17016108471882543e-04,5.17016118810240317e-04,1.58219179373439331e-04,2.49037418859557750e-10,1.33374604763258908e-12
15,4.03240669933031381e-03,4.04644515202674804e-04,4.04644521432353144e-04,1.22054485931530359e-04,1.79341025189399120e-10,1.33374604763258908e-12
16,2.97637941725880685e-03,3.16033609822872661e-04,3.16033614443357537e-04,9.56796033832266462e-05,1.71425512599026354e-10,1.33374604763258908e-12
17,2.19623380620480400e-03,2.45928119519824126e-04,2.45928122789754785e-04,7.55913971335788994e-05,1.30299494569400073e-10,1.33374604763258908e-12
18,1.62002174070315498e-03,1.90529841009787573e-04,1.90529843258757897e-04,5.98425672107105096e-05,3.34333464360996360e-11,1.33374604763258908e-12
19,1.19484883836979902e-03,1.46928381051356728e-04,1.46928382583852863e-04,4.73004349416184449e-05,7.47483711918151678e-11,1.33374604763258908e-12
20,8.81004535592354765e-04,1.12794031642556554e-04,1.12794032715412293e-04,3.72536008362555696e-05,3.54921729857595299e-12,1.33374604763258908e-12
21,6.49428907706054814e-04,8.62285214879476207e-05,8.62285221997931067e-05,2.92066466284492258e-05,4.52539559907806985e-11,1.33374604763258908e-12
22,4.78667071745265114e-04,6.56708369632452374e-05,6.56708374640181225e-05,2.27853098971016422e-05,3.93768544349880378e-11,1.33374604763258908e-12
23,3.52744184974168574e-04,4.98440919159425281e-05,4.98440923464206503e-05,1.76880862756976769e-05,3.01510707971223921e-11,1.33374604763258908e-12
24,2.59892051531196314e-04,3.77174706276343281e-05,3.77174708279350146e-05,1.36661465632398153e-05,2.22107789789403377e-11,1.33374604763258908e-12
25,1.91463823397581190e-04,2.84647321331477547e-05,2.84647322637865101e-05,1.05119455202871518e-05,9.42289171162439684e-12,1.33374604763258908e-12
26,1.41036958951085026e-04,2.14308242296747900e-05,2.14308243118353088e-05,8.05272758990522583e-06,6.76306702982502456e-12,1.33374604763258908e-12
27,1.03879042847666847e-04,1.61012727387952533e-05,1.61012727863822758e-05,6.14579218448631646e-06,2.23522903793325746e-12,1.33374604763258908e-12
28,7.65029301745185936e-05,1.20747314165765561e-05,1.20747314623230810e-05,4.67455792086589206e-06,3.39199853992104017e-12,1.33374604763258908e-12
29,5.63371800237945567e-05,9.04034276449486056e-06,9.04034278474106389e-06,3.54467963042125800e-06,3.07209792096008606e-12,1.33374604763258908e-12
30,4.14830062026310355e-05,6.75879200717640975e-06,6.75879202827131638e-06,2.68052498278115262e-06,4.77732674625335725e-12,1.33374604763258908e-12
31,3.05432132662219723e-05,5.04669555064906828e-06,5.04669556089682354e-06,2.02207310253239931e-06,3.60446693731907094e-12,1.33374604763258908e-12
32,2.24867334574836769e-05,3.76412693449122804e-06,3.76412694299840641e-06,1.52201920934522385e-06,1.51639999694960921e-12,1.33374604763258908e-12
33,1.65541044674665286e-05,2.80481868107144905e-06,2.80481868800927654e-06,1.14339067140377899e-06,1.52306734031159838e-12,1.33374604763258908e-12
34,1.21859334323934551e-05,2.08822945436822564e-06,2.08822946007940034e-06,8.57472033034362569e-07,1.48850783525633423e-12,1.33374604763258908e-12
35,8.97005477195939042e-06,1.55355991036415417e-06,1.55355991821372602e-06,6.42060376284722721e-07,1.05100895503392655e-12,1.33374604763258908e-12
36,6.60204939060890602e-06,1.15503903624711498e-06,1.15503903678609475e-06,4.80104107638241907e-07,5.81462502925763734e-13,1.33374604763258908e-12
37,4.85881509181201890e-06,8.58265992274824487e-07,8.58265924249676361e-07,3.58566837415840583e-07,3.77654640086284151e-13,1.33374604763258908e-12
38,3.57583918230017553e-06,6.37433017019625697e-07,6.37433014312798930e-07,2.67510500042696130e-07,4.31753889857973934e-13,1.33374604763258908e-12
39,2.63149553236462314e-06,4.73219822646149543e-07,4.73219833994382350e-07,1.99390650812113024e-07,1.34768589199978800e-13,1.33374604763258908e-12
40,1.93625372613768908e-06,3.51178334148910765e-07,3.51178348015764065e-07,1.48492724974192613e-07,1.22159130540137125e-13,1.33374604763258908e-12
41,1.42470619229715155e-06,2.60528992485425702e-07,2.60529005093525045e-07,1.10507305380246212e-07,5.48595226802394698e-14,1.33374604763258908e-12
42,1.04821552165059420e-06,1.93223666038595893e-07,1.93223675896369674e-07,8.21861046454017162e-08,4.78595165064846948e-14,1.33374604763258908e-12
43,7.71185235202892487e-07,1.43269763738177222e-07,1.43269771973347108e-07,6.10887668960457380e-08,9.29168174427161951e-14,1.33374604763258908e-12
44,5.67324013149624267e-07,1.06207524234818458e-07,1.06207529980252826e-07,4.53845244530683145e-08,6.90437815863067150e-14,1.33374604763258908e-12
45,4.17316396290996247e-07,7.87179448035793357e-08,7.87179491928229782e-08,3.37028064937397849e-08,4.87888504677769725e-15,1.33374604763258908e-12
46,3.06932762199277335e-07,5.83339091221371868e-08,5.83339124881682980e-08,2.50182831388052283e-08,2.95994454711085407e-14,1.33374604763258908e-12
47,2.25758527165659615e-07,4.32220878168438190e-08,4.32220903630099493e-08,1.85654162368995724e-08,3.05660283966605164e-14,1.33374604763258908e-12
48,1.66036824636260144e-07,3.20208076840101414e-08,3.20208095444570700e-08,1.37728958516407799e-08,2.45823701475383520e-14,1.33374604763258908e-12
49,1.22096691919028182e-07,2.37196058029878558e-08,2.37196071325169385e-08,1.02148438668014211e-08,1.49967775499032797e-14,1.33374604763258908e-12
50,8.97774121372768657e-08,1.75687164221681912e-08,1.75687173634525161e-08,7.57424904704494988e-09,8.85905536435606712e-15,1.33374604763258908e-12
51,6.60098523328901547e-08,1.30117320919826644e-08,1.30117327457887782e-08,5.61517372980138941e-09,9.22082413750432085e-15,1.33374604763258908e-12
52,4.85314841762737916e-08,9.63593101234903287e-09,9.63593147757884670e-09,4.16208449822276683e-09,4.31396494301745241e-15,1.33374604763258908e-12
53,3.56751670343338093e-08,7.13541575959455483e-09,7.13541608018858856e-09,3.08453471903417051e-09,2.96848136755552182e-15,1.33374604763258908e-12
54,2.62228328906627726e-08,5.28344032947596219e-09,5.28344056370805518e-09,2.28565499633487955e-09,4.06184649861850119e-15,1.33374604763258908e-12
55,1.92728376913381843e-08,3.91189244544129037e-09,3.91189260488147923e-09,1.69347393644488187e-09,2.69062253909241579e-15,1.33374604763258908e-12
56,1.41681199658316737e-08,2.89623448622384397e-09,2.89623459479225352e-09,1.25459597649188470e-09,1.77405232412623112e-15,1.33374604763258908e-12
57,1.04111096431412358e-08,2.14412524740722124e-09,2.14412531827325836e-09,9.29347607901661063e-10,1.43696649911483160e-15,1.33374604763258908e-12
58,7.64961713728946518e-09,1.58727496330891912e-09,1.58727501981380213e-09,6.88355427168194529e-10,1.23451793631514095e-15,1.33374604763258908e-12
59,5.62081620972476920e-09,1.17498242966102312e-09,1.17498246517309099e-09,5.09818486973109253e-10,7.06239119425422584e-16,1.33374604763258908e-12
60,4.12891382775435380e-09,8.69757480497721757e-10,8.69757503765156920e-10,3.77556649945734578e-10,5.95225042623699125e-16,1.33374604763258908e-12
61,3.03318584092201689e-09,6.43808072641825719e-10,6.43808089479628891e-10,2.79593004737033658e-10,1.06517285653361008e-15,1.33374604763258908e-12
62,2.22808416290913956e-09,4.76535970117260222e-10,4.76535981669904022e-10,2.07036267083265435e-10,1.58971060357258700e-15,1.33374604763258908e-12
63,1.63633410850037799e-09,3.52716979027873342e-10,3.52716988406410835e-10,1.53297290775243185e-10,1.78936688627011881e-15,1.33374604763258908e-12
64,1.20136667588513489e-09,2.61065203642553137e-10,2.61065217975611590e-10,1.13501475150002342e-10,1.36679351299514908e-15,1.33374604763258908e-12
65,8.82651693018110459e-10,1.93228944054637579e-10,1.93228961985366267e-10,8.40382372315691203e-11,1.31996912142071975e-15,1.33374604763258908e-12
