cell_id,x,y,velocity_x,velocity_y,velocity_magnitude,pressure,temperature
0,2.50000000000000014e-02,2.50000000000000014e-02,0.00000000000000000e+00,0.00000000000000000e+00,0.00000000000000000e+00,0.00000000000000000e+00,3.09500000000000057e+02
1,7.50000000000000111e-02,2.50000000000000014e-02,0.00000000000000000e+00,0.00000000000000000e+00,0.00000000000000000e+00,0.00000000000000000e+00,3.08500000000000114e+02
2,1.25000000000000000e-01,2.50000000000000014e-02,0.00000000000000000e+00,0.00000000000000000e+00,0.00000000000000000e+00,0.00000000000000000e+00,3.07500000000000114e+02
3,1.75000000000000017e-01,2.50000000000000014e-02,0.00000000000000000e+00,0.00000000000000000e+00,0.00000000000000000e+00,0.00000000000000000e+00,3.06500000000000057e+02
4,2.25000000000000006e-01,2.50000000000000014e-02,0.00000000000000000e+00,0.00000000000000000e+00,0.00000000000000000e+00,0.00000000000000000e+00,3.05499999999999943e+02
5,2.75000000000000022e-01,2.50000000000000014e-02,0.00000000000000000e+00,0.00000000000000000e+00,0.00000000000000000e+00,0.00000000000000000e+00,3.04499999999999886e+02
6,3.25000000000000011e-01,2.50000000000000014e-02,0.00000000000000000e+00,0.00000000000000000e+00,0.00000000000000000e+00,0.00000000000000000e+00,3.03499999999999829e+02
7,3.75000000000000000e-01,2.50000000000000014e-02,0.00000000000000000e+00,0.00000000000000000e+00,0.00000000000000000e+00,0.00000000000000000e+00,3.02499999999999829e+02
8,4.25000000000000044e-01,2.50000000000000014e-02,0.00000000000000000e+00,0.00000000000000000e+00,0.00000000000000000e+00,0.00000000000000000e+00,3.01499999999999829e+02
9,4.75000000000000033e-01,2.50000000000000014e-02,0.00000000000000000e+00,0.00000000000000000e+00,0.00000000000000000e+00,0.00000000000000000e+00,3.00499999999999773e+02
10,5.25000000000000022e-01,2.50000000000000014e-02,0.00000000000000000e+00,0.00000000000000000e+00,0.00000000000000000e+00,0.00000000000000000e+00,2.99499999999999886e+02
11,5.75000000000000067e-01,2.50000000000000014e-02,0.00000000000000000e+00,0.00000000000000000e+00,0.00000000000000000e+00,0.00000000000000000e+00,2.98499999999999943e+02
12,6.25000000000000000e-01,2.50000000000000014e-02,0.00000000000000000e+00,0.00000000000000000e+00,0.00000000000000000e+00,0.00000000000000000e+00,2.97499999999999943e+02
13,6.75000000000000044e-01,2.50000000000000014e-02,0.00000000000000000e+00,0.00000000000000000e+00,0.00000000000000000e+00,0.00000000000000000e+00,2.96500000000000000e+02
14,7.25000000000000089e-01,2.50000000000000014e-02,0.00000000000000000e+00,0.00000000000000000e+00,0.00000000000000000e+00,0.00000000000000000e+00,2.95500000000000000e+02
15,7.75000000000000022e-01,2.50000000000000014e-02,0.00000000000000000e+00,0.00000000000000000e+00,0.00000000000000000e+00,0.00000000000000000e+00,2.94500000000000114e+02
16,8.25000000000000067e-01,2.50000000000000014e-02,0.00000000000000000e+00,0.00000000000000000e+00,0.00000000000000000e+00,0.00000000000000000e+00,2.93500000000000057e+02
17,8.75000000000000000e-01,2.50000000000000014e-02,0.00000000000000000e+00,0.00000000000000000e+00,0.00000000000000000e+00,0.00000000000000000e+00,2.92500000000000114e+02
18,9.25000000000000044e-01,2.50000000000000014e-02,0.00000000000000000e+00,0.00000000000000000e+00,0.00000000000000000e+00,0.00000000000000000e+00,2.91500000000000057e+02
19,9.75000000000000089e-01,2.50000000000000014e-02,0.00000000000000000e+00,0.00000000000000000e+00,0.00000000000000000e+00,0.00000000000000000e+00,2.90500000000000057e+02
20,2.50000000000000014e-02,7.50000000000000111e-02,0.00000000000000000e+00,0.00000000000000000e+00,0.00000000000000000e+00,0.00000000000000000e+00,3.09500000000000057e+02
21,7.50000000000000111e-02,7.50000000000000111e-02,0.00000000000000000e+00,0.00000000000000000e+00,0.00000000000000000e+00,0.00000000000000000e+00,3.08500000000000057e+02
22,1.25000000000000000e-01,7.50000000000000111e-02,0.00000000000000000e+00,0.00000000000000000e+00,0.00000000000000000e+00,0.00000000000000000e+00,3.07500000000000057e+02
23,1.75000000000000017e-01,7.50000000000000111e-02,0.00000000000000000e+00,0.00000000000000000e+00,0.00000000000000000e+00,0.00000000000000000e+00,3.06500000000000057e+02
24,2.25000000000000006e-01,7.50000000000000111e-02,0.00000000000000000e+00,0.00000000000000000e+00,0.00000000000000000e+00,0.00000000000000000e+00,3.05499999999999943e+02
25,2.75000000000000022e-01,7.50000000000000111e-02,0.00000000000000000e+00,0.00000000000000000e+00,0.00000000000000000e+00,0.00000000000000000e+00,3.04499999999999943e+02
26,3.25000000000000011e-01,7.50000000000000111e-02,0.00000000000000000e+00,0.00000000000000000e+00,0.00000000000000000e+00,0.00000000000000000e+00,3.03499999999999829e+02
27,3.75000000000000000e-01,7.50000000000000111e-02,0.00000000000000000e+00,0.00000000000000000e+00,0.00000000000000000e+00,0.00000000000000000e+00,3.02499999999999716e+02
28,4.25000000000000044e-01,7.50000000000000111e-02,0.00000000000000000e+00,0.00000000000000000e+00,0.00000000000000000e+00,0.00000000000000000e+00,3.01499999999999773e+02
29,4.75000000000000033e-01,7.50000000000000111e-02,0.00000000000000000e+00,0.00000000000000000e+00,0.00000000000000000e+00,0.00000000000000000e+00,3.00499999999999773e+02
30,5.25000000000000022e-01,7.50000000000000111e-02,0.00000000000000000e+00,0.00000000000000000e+00,0.00000000000000000e+00,0.00000000000000000e+00,2.99499999999999829e+02
31,5.75000000000000067e-01,7.50000000000000111e-02,0.00000000000000000e+00,0.00000000000000000e+00,0.00000000000000000e+00,0.00000000000000000e+00,2.98499999999999886e+02
32,6.25000000000000000e-01,7.50000000000000111e-02,0.00000000000000000e+00,0.00000000000000000e+00,0.00000000000000000e+00,0.00000000000000000e+00,2.97499999999999943e+02
33,6.75000000000000044e-01,7.50000000000000111e-02,0.00000000000000000e+00,0.00000000000000000e+00,0.00000000000000000e+00,0.00000000000000000e+00,2.96500000000000000e+02
34,7.25000000000000089e-01,7.50000000000000111e-02,0.00000000000000000e+00,0.00000000000000000e+00,0.00000000000000000e+00,0.00000000000000000e+00,2.95500000000000000e+02
35,7.75000000000000022e-01,7.50000000000000111e-02,0.00000000000000000e+00,0.00000000000000000e+00,0.00000000000000000e+00,0.00000000000000000e+00,2.94500000000000057e+02
36,8.25000000000000067e-01,7.50000000000000111e-02,0.00000000000000000e+00,0.00000000000000000e+00,0.00000000000000000e+00,0.00000000000000000e+00,2.93500000000000057e+02
37,8.75000000000000000e-01,7.50000000000000111e-02,0.00000000000000000e+00,0.00000000000000000e+00,0.00000000000000000e+00,0.00000000000000000e+00,2.92500000000000114e+02
38,9.25000000000000044e-01,7.50000000000000111e-02,0.00000000000000000e+00,0.00000000000000000e+00,0.00000000000000000e+00,0.00000000000000000e+00,2.91500000000000171e+02
39,9.75000000000000089e-01,7.50000000000000111e-02,0.00000000000000000e+00,0.00000000000000000e+00,0.00000000000000000e+00,0.00000000000000000e+00,2.90500000000000057e+02
40,2.50000000000000014e-02,1.25000000000000000e-01,0.00000000000000000e+00,0.00000000000000000e+00,0.00000000000000000e+00,0.00000000000000000e+00,3.09500000000000057e+02
41,7.50000000000000111e-02,1.25000000000000000e-01,0.00000000000000000e+00,0.00000000000000000e+00,0.00000000000000000e+00,0.00000000000000000e+00,3.08499999999999943e+02
42,1.25000000000000000e-01,1.25000000000000000e-01,0.00000000000000000e+00,0.00000000000000000e+00,0.00000000000000000e+00,0.00000000000000000e+00,3.07500000000000057e+02
43,1.75000000000000017e-01,1.25000000000000000e-01,0.00000000000000000e+00,0.00000000000000000e+00,0.00000000000000000e+00,0.00000000000000000e+00,3.06500000000000057e+02
44,2.25000000000000006e-01,1.25000000000000000e-01,0.00000000000000000e+00,0.00000000000000000e+00,0.00000000000000000e+00,0.00000000000000000e+00,3.05499999999999943e+02
45,2.75000000000000022e-01,1.25000000000000000e-01,0.00000000000000000e+00,0.00000000000000000e+00,0.00000000000000000e+00,0.00000000000000000e+00,3.04499999999999886e+02
46,3.25000000000000011e-01,1.25000000000000000e-01,0.00000000000000000e+00,0.00000000000000000e+00,0.00000000000000000e+00,0.00000000000000000e+00,3.03499999999999773e+02
47,3.75000000000000000e-01,1.25000000000000000e-01,0.00000000000000000e+00,0.00000000000000000e+00,0.00000000000000000e+00,0.00000000000000000e+00,3.02499999999999773e+02
48,4.25000000000000044e-01,1.25000000000000000e-01,0.00000000000000000e+00,0.00000000000000000e+00,0.00000000000000000e+00,0.00000000000000000e+00,3.01499999999999716e+02
49,4.75000000000000033e-01,1.25000000000000000e-01,0.00000000000000000e+00,0.00000000000000000e+00,0.00000000000000000e+00,0.00000000000000000e+00,3.00499999999999829e+02
50,5.25000000000000022e-01,1.25000000000000000e-01,0.00000000000000000e+00,0.00000000000000000e+00,0.00000000000000000e+00,0.00000000000000000e+00,2.99499999999999773e+02
51,5.75000000000000067e-01,1.25000000000000000e-01,0.00000000000000000e+00,0.00000000000000000e+00,0.00000000000000000e+00,0.00000000000000000e+00,2.98499999999999943e+02
52,6.25000000000000000e-01,1.25000000000000000e-01,0.00000000000000000e+00,0.00000000000000000e+00,0.00000000000000000e+00,0.00000000000000000e+00,2.97500000000000000e+02
53,6.75000000000000044e-01,1.25000000000000000e-01,0.00000000000000000e+00,0.00000000000000000e+00,0.00000000000000000e+00,0.00000000000000000e+00,2.96500000000000114e+02
54,7.25000000000000089e-01,1.25000000000000000e-01,0.00000000000000000e+00,0.00000000000000000e+00,0.00000000000000000e+00,0.00000000000000000e+00,2.95500000000000171e+02
55,7.75000000000000022e-01,1.25000000000000000e-01,0.00000000000000000e+00,0.00000000000000000e+00,0.00000000000000000e+00,0.00000000000000000e+00,2.94500000000000114e+02
56,8.25000000000000067e-01,1.25000000000000000e-01,0.00000000000000000e+00,0.00000000000000000e+00,0.00000000000000000e+00,0.00000000000000000e+00,2.93500000000000171e+02
57,8.75000000000000000e-01,1.25000000000000000e-01,0.00000000000000000e+00,0.00000000000000000e+00,0.00000000000000000e+00,0.00000000000000000e+00,2.92500000000000227e+02
58,9.25000000000000044e-01,1.25000000000000000e-01,0.00000000000000000e+00,0.00000000000000000e+00,0.00000000000000000e+00,0.00000000000000000e+00,2.91500000000000171e+02
59,9.75000000000000089e-01,1.25000000000000000e-01,0.00000000000000000e+00,0.00000000000000000e+00,0.00000000000000000e+00,0.00000000000000000e+00,2.90500000000000057e+02
60,2.50000000000000014e-02,1.75000000000000017e-01,0.00000000000000000e+00,0.00000000000000000e+00,0.00000000000000000e+00,0.00000000000000000e+00,3.09500000000000000e+02
61,7.50000000000000111e-02,1.75000000000000017e-01,0.00000000000000000e+00,0.00000000000000000e+00,0.00000000000000000e+00,0.00000000000000000e+00,3.08499999999999943e+02
62,1.25000000000000000e-01,1.75000000000000017e-01,0.00000000000000000e+00,0.00000000000000000e+00,0.00000000000000000e+00,0.00000000000000000e+00,3.07500000000000000e+02
63,1.75000000000000017e-01,1.75000000000000017e-01,0.00000000000000000e+00,0.00000000000000000e+00,0.00000000000000000e+00,0.00000000000000000e+00,3.06500000000000000e+02
64,2.25000000000000006e-01,1.75000000000000017e-01,0.00000000000000000e+00,0.00000000000000000e+00,0.00000000000000000e+00,0.00000000000000000e+00,3.05499999999999943e+02
65,2.75000000000000022e-01,1.75000000000000017e-01,0.00000000000000000e+00,0.00000000000000000e+00,0.00000000000000000e+00,0.00000000000000000e+00,3.04499999999999943e+02
66,3.25000000000000011e-01,1.75000000000000017e-01,0.00000000000000000e+00,0.00000000000000000e+00,0.00000000000000000e+00,0.00000000000000000e+00,3.03499999999999829e+02
67,3.75000000000000000e-01,1.75000000000000017e-01,0.00000000000000000e+00,0.00000000000000000e+00,0.00000000000000000e+00,0.00000000000000000e+00,3.02499999999999773e+02
68,4.25000000000000044e-01,1.75000000000000017e-01,0.00000000000000000e+00,0.00000000000000000e+00,0.00000000000000000e+00,0.00000000000000000e+00,3.01499999999999773e+02
69,4.75000000000000033e-01,1.75000000000000017e-01,0.00000000000000000e+00,0.00000000000000000e+00,0.00000000000000000e+00,0.00000000000000000e+00,3.00499999999999886e+02
70,5.25000000000000022e-01,1.75000000000000017e-01,0.00000000000000000e+00,0.00000000000000000e+00,0.00000000000000000e+00,0.00000000000000000e+00,2.99499999999999829e+02
71,5.75000000000000067e-01,1.75000000000000017e-01,0.00000000000000000e+00,0.00000000000000000e+00,0.00000000000000000e+00,0.00000000000000000e+00,2.98500000000000000e+02
72,6.25000000000000000e-01,1.75000000000000017e-01,0.00000000000000000e+00,0.00000000000000000e+00,0.00000000000000000e+00,0.00000000000000000e+00,2.97500000000000057e+02
73,6.75000000000000044e-01,1.75000000000000017e-01,0.00000000000000000e+00,0.00000000000000000e+00,0.00000000000000000e+00,0.00000000000000000e+00,2.96500000000000171e+02
74,7.25000000000000089e-01,1.75000000000000017e-01,0.00000000000000000e+00,0.00000000000000000e+00,0.00000000000000000e+00,0.00000000000000000e+00,2.95500000000000171e+02
75,7.75000000000000022e-01,1.75000000000000017e-01,0.00000000000000000e+00,0.00000000000000000e+00,0.00000000000000000e+00,0.00000000000000000e+00,2.94500000000000171e+02
76,8.25000000000000067e-01,1.75000000000000017e-01,0.00000000000000000e+00,0.00000000000000000e+00,0.00000000000000000e+00,0.00000000000000000e+00,2.93500000000000171e+02
77,8.75000000000000000e-01,1.75000000000000017e-01,0.00000000000000000e+00,0.00000000000000000e+00,0.00000000000000000e+00,0.00000000000000000e+00,2.92500000000000227e+02
78,9.25000000000000044e-01,1.75000000000000017e-01,0.00000000000000000e+00,0.00000000000000000e+00,0.00000000000000000e+00,0.00000000000000000e+00,2.91500000000000227e+02
79,9.75000000000000089e-01,1.75000000000000017e-01,0.00000000000000000e+00,0.00000000000000000e+00,0.00000000000000000e+00,0.00000000000000000e+00,2.90500000000000114e+02
80,2.50000000000000014e-02,2.25000000000000006e-01,0.00000000000000000e+00,0.00000000000000000e+00,0.00000000000000000e+00,0.00000000000000000e+00,3.09500000000000000e+02
81,7.50000000000000111e-02,2.25000000000000006e-01,0.00000000000000000e+00,0.00000000000000000e+00,0.00000000000000000e+00,0.00000000000000000e+00,3.08499999999999943e+02
82,1.25000000000000000e-01,2.25000000000000006e-01,0.00000000000000000e+00,0.00000000000000000e+00,0.00000000000000000e+00,0.00000000000000000e+00,3.07499999999999943e+02
83,1.75000000000000017e-01,2.25000000000000006e-01,0.00000000000000000e+00,0.00000000000000000e+00,0.00000000000000000e+00,0.00000000000000000e+00,3.06499999999999943e+02
84,2.25000000000000006e-01,2.25000000000000006e-01,0.00000000000000000e+00,0.00000000000000000e+00,0.00000000000000000e+00,0.00000000000000000e+00,3.05499999999999943e+02
85,2.75000000000000022e-01,2.25000000000000006e-01,0.00000000000000000e+00,0.00000000000000000e+00,0.00000000000000000e+00,0.00000000000000000e+00,3.04499999999999943e+02
86,3.25000000000000011e-01,2.25000000000000006e-01,0.00000000000000000e+00,0.00000000000000000e+00,0.00000000000000000e+00,0.00000000000000000e+00,3.03499999999999943e+02
87,3.75000000000000000e-01,2.25000000000000006e-01,0.00000000000000000e+00,0.00000000000000000e+00,0.00000000000000000e+00,0.00000000000000000e+00,3.02499999999999886e+02
88,4.25000000000000044e-01,2.25000000000000006e-01,0.00000000000000000e+00,0.00000000000000000e+00,0.00000000000000000e+00,0.00000000000000000e+00,3.01499999999999886e+02
89,4.75000000000000033e-01,2.25000000000000006e-01,0.00000000000000000e+00,0.00000000000000000e+00,0.00000000000000000e+00,0.00000000000000000e+00,3.00500000000000000e+02
90,5.25000000000000022e-01,2.25000000000000006e-01,0.00000000000000000e+00,0.00000000000000000e+00,0.00000000000000000e+00,0.00000000000000000e+00,2.99500000000000000e+02
91,5.75000000000000067e-01,2.25000000000000006e-01,0.00000000000000000e+00,0.00000000000000000e+00,0.00000000000000000e+00,0.00000000000000000e+00,2.98500000000000057e+02
92,6.25000000000000000e-01,2.25000000000000006e-01,0.00000000000000000e+00,0.00000000000000000e+00,0.00000000000000000e+00,0.00000000000000000e+00,2.97500000000000114e+02
93,6.75000000000000044e-01,2.25000000000000006e-01,0.00000000000000000e+00,0.00000000000000000e+00,0.00000000000000000e+00,0.00000000000000000e+00,2.96500000000000227e+02
94,7.25000000000000089e-01,2.25000000000000006e-01,0.00000000000000000e+00,0.00000000000000000e+00,0.00000000000000000e+00,0.00000000000000000e+00,2.95500000000000227e+02
95,7.75000000000000022e-01,2.25000000000000006e-01,0.00000000000000000e+00,0.00000000000000000e+00,0.00000000000000000e+00,0.00000000000000000e+00,2.94500000000000284e+02
96,8.25000000000000067e-01,2.25000000000000006e-01,0.00000000000000000e+00,0.00000000000000000e+00,0.00000000000000000e+00,0.00000000000000000e+00,2.93500000000000284e+02
97,8.75000000000000000e-01,2.25000000000000006e-01,0.00000000000000000e+00,0.00000000000000000e+00,0.00000000000000000e+00,0.00000000000000000e+00,2.92500000000000227e+02
98,9.25000000000000044e-01,2.25000000000000006e-01,0.00000000000000000e+00,0.00000000000000000e+00,0.00000000000000000e+00,0.00000000000000000e+00,2.91500000000000284e+02
99,9.75000000000000089e-01,2.25000000000000006e-01,0.00000000000000000e+00,0.00000000000000000e+00,0.00000000000000000e+00,0.00000000000000000e+00,2.90500000000000057e+02
100,2.50000000000000014e-02,2.75000000000000022e-01,0.00000000000000000e+00,0.00000000000000000e+00,0.00000000000000000e+00,0.00000000000000000e+00,3.09500000000000000e+02
101,7.50000000000000111e-02,2.75000000000000022e-01,0.00000000000000000e+00,0.00000000000000000e+00,0.00000000000000000e+00,0.00000000000000000e+00,3.08499999999999943e+02
102,1.25000000000000000e-01,2.75000000000000022e-01,0.00000000000000000e+00,0.00000000000000000e+00,0.00000000000000000e+00,0.00000000000000000e+00,3.07499999999999943e+02
103,1.75000000000000017e-01,2.75000000000000022e-01,0.00000000000000000e+00,0.00000000000000000e+00,0.00000000000000000e+00,0.00000000000000000e+00,3.06499999999999886e+02
104,2.25000000000000006e-01,2.75000000000000022e-01,0.00000000000000000e+00,0.00000000000000000e+00,0.00000000000000000e+00,0.00000000000000000e+00,3.05499999999999943e+02
105,2.75000000000000022e-01,2.75000000000000022e-01,0.00000000000000000e+00,0.00000000000000000e+00,0.00000000000000000e+00,0.00000000000000000e+00,3.04500000000000000e+02
106,3.25000000000000011e-01,2.75000000000000022e-01,0.00000000000000000e+00,0.00000000000000000e+00,0.00000000000000000e+00,0.00000000000000000e+00,3.03499999999999943e+02
107,3.75000000000000000e-01,2.75000000000000022e-01,0.00000000000000000e+00,0.00000000000000000e+00,0.00000000000000000e+00,0.00000000000000000e+00,3.02499999999999943e+02
108,4.25000000000000044e-01,2.75000000000000022e-01,0.00000000000000000e+00,0.00000000000000000e+00,0.00000000000000000e+00,0.00000000000000000e+00,3.01499999999999943e+02
109,4.75000000000000033e-01,2.75000000000000022e-01,0.00000000000000000e+00,0.00000000000000000e+00,0.00000000000000000e+00,0.00000000000000000e+00,3.00500000000000057e+02
110,5.25000000000000022e-01,2.75000000000000022e-01,0.00000000000000000e+00,0.00000000000000000e+00,0.00000000000000000e+00,0.00000000000000000e+00,2.99500000000000114e+02
111,5.75000000000000067e-01,2.75000000000000022e-01,0.00000000000000000e+00,0.00000000000000000e+00,0.00000000000000000e+00,0.00000000000000000e+00,2.98500000000000227e+02
112,6.25000000000000000e-01,2.75000000000000022e-01,0.00000000000000000e+00,0.00000000000000000e+00,0.00000000000000000e+00,0.00000000000000000e+00,2.97500000000000227e+02
113,6.75000000000000044e-01,2.75000000000000022e-01,0.00000000000000000e+00,0.00000000000000000e+00,0.00000000000000000e+00,0.00000000000000000e+00,2.96500000000000341e+02
114,7.25000000000000089e-01,2.75000000000000022e-01,0.00000000000000000e+00,0.00000000000000000e+00,0.00000000000000000e+00,0.00000000000000000e+00,2.95500000000000284e+02
115,7.75000000000000022e-01,2.75000000000000022e-01,0.00000000000000000e+00,0.00000000000000000e+00,0.00000000000000000e+00,0.00000000000000000e+00,2.94500000000000398e+02
116,8.25000000000000067e-01,2.75000000000000022e-01,0.00000000000000000e+00,0.00000000000000000e+00,0.00000000000000000e+00,0.00000000000000000e+00,2.93500000000000341e+02
117,8.75000000000000000e-01,2.75000000000000022e-01,0.00000000000000000e+00,0.00000000000000000e+00,0.00000000000000000e+00,0.00000000000000000e+00,2.92500000000000284e+02
118,9.25000000000000044e-01,2.75000000000000022e-01,0.00000000000000000e+00,0.00000000000000000e+00,0.00000000000000000e+00,0.00000000000000000e+00,2.91500000000000227e+02
119,9.75000000000000089e-01,2.75000000000000022e-01,0.00000000000000000e+00,0.00000000000000000e+00,0.00000000000000000e+00,0.00000000000000000e+00,2.90500000000000171e+02
120,2.50000000000000014e-02,3.25000000000000011e-01,0.00000000000000000e+00,0.00000000000000000e+00,0.00000000000000000e+00,0.00000000000000000e+00,3.09499999999999943e+02
121,7.50000000000000111e-02,3.25000000000000011e-01,0.00000000000000000e+00,0.00000000000000000e+00,0.00000000000000000e+00,0.00000000000000000e+00,3.08499999999999886e+02
122,1.25000000000000000e-01,3.25000000000000011e-01,0.00000000000000000e+00,0.00000000000000000e+00,0.00000000000000000e+00,0.00000000000000000e+00,3.07499999999999886e+02
123,1.75000000000000017e-01,3.25000000000000011e-01,0.00000000000000000e+00,0.00000000000000000e+00,0.00000000000000000e+00,0.00000000000000000e+00,3.06499999999999886e+02
124,2.25000000000000006e-01,3.25000000000000011e-01,0.00000000000000000e+00,0.00000000000000000e+00,0.00000000000000000e+00,0.00000000000000000e+00,3.05499999999999886e+02
125,2.75000000000000022e-01,3.25000000000000011e-01,0.00000000000000000e+00,0.00000000000000000e+00,0.00000000000000000e+00,0.00000000000000000e+00,3.04499999999999943e+02
126,3.25000000000000011e-01,3.25000000000000011e-01,0.00000000000000000e+00,0.00000000000000000e+00,0.00000000000000000e+00,0.00000000000000000e+00,3.03500000000000114e+02
127,3.75000000000000000e-01,3.25000000000000011e-01,0.00000000000000000e+00,0.00000000000000000e+00,0.00000000000000000e+00,0.00000000000000000e+00,3.02500000000000057e+02
128,4.25000000000000044e-01,3.25000000000000011e-01,0.00000000000000000e+00,0.00000000000000000e+00,0.00000000000000000e+00,0.00000000000000000e+00,3.01500000000000171e+02
129,4.75000000000000033e-01,3.25000000000000011e-01,0.00000000000000000e+00,0.00000000000000000e+00,0.00000000000000000e+00,0.00000000000000000e+00,3.00500000000000227e+02
130,5.25000000000000022e-01,3.25000000000000011e-01,0.00000000000000000e+00,0.00000000000000000e+00,0.00000000000000000e+00,0.00000000000000000e+00,2.99500000000000284e+02
131,5.75000000000000067e-01,3.25000000000000011e-01,0.00000000000000000e+00,0.00000000000000000e+00,0.00000000000000000e+00,0.00000000000000000e+00,2.98500000000000398e+02
132,6.25000000000000000e-01,3.25000000000000011e-01,0.00000000000000000e+00,0.00000000000000000e+00,0.00000000000000000e+00,0.00000000000000000e+00,2.97500000000000341e+02
133,6.75000000000000044e-01,3.25000000000000011e-01,0.00000000000000000e+00,0.00000000000000000e+00,0.00000000000000000e+00,0.00000000000000000e+00,2.96500000000000455e+02
134,7.25000000000000089e-01,3.25000000000000011e-01,0.00000000000000000e+00,0.00000000000000000e+00,0.00000000000000000e+00,0.00000000000000000e+00,2.95500000000000398e+02
135,7.75000000000000022e-01,3.25000000000000011e-01,0.00000000000000000e+00,0.00000000000000000e+00,0.00000000000000000e+00,0.00000000000000000e+00,2.94500000000000284e+02
136,8.25000000000000067e-01,3.25000000000000011e-01,0.00000000000000000e+00,0.00000000000000000e+00,0.00000000000000000e+00,0.00000000000000000e+00,2.93500000000000284e+02
137,8.75000000000000000e-01,3.25000000000000011e-01,0.00000000000000000e+00,0.00000000000000000e+00,0.00000000000000000e+00,0.00000000000000000e+00,2.92500000000000227e+02
138,9.25000000000000044e-01,3.25000000000000011e-01,0.00000000000000000e+00,0.00000000000000000e+00,0.00000000000000000e+00,0.00000000000000000e+00,2.91500000000000227e+02
139,9.75000000000000089e-01,3.25000000000000011e-01,0.00000000000000000e+00,0.00000000000000000e+00,0.00000000000000000e+00,0.00000000000000000e+00,2.90500000000000057e+02
140,2.50000000000000014e-02,3.75000000000000000e-01,0.00000000000000000e+00,0.00000000000000000e+00,0.00000000000000000e+00,0.00000000000000000e+00,3.09500000000000057e+02
141,7.50000000000000111e-02,3.75000000000000000e-01,0.00000000000000000e+00,0.00000000000000000e+00,0.00000000000000000e+00,0.00000000000000000e+00,3.08499999999999886e+02
142,1.25000000000000000e-01,3.75000000000000000e-01,0.00000000000000000e+00,0.00000000000000000e+00,0.00000000000000000e+00,0.00000000000000000e+00,3.07499999999999886e+02
143,1.75000000000000017e-01,3.75000000000000000e-01,0.00000000000000000e+00,0.00000000000000000e+00,0.00000000000000000e+00,0.00000000000000000e+00,3.06499999999999829e+02
144,2.25000000000000006e-01,3.75000000000000000e-01,0.00000000000000000e+00,0.00000000000000000e+00,0.00000000000000000e+00,0.00000000000000000e+00,3.05499999999999886e+02
145,2.75000000000000022e-01,3.75000000000000000e-01,0.00000000000000000e+00,0.00000000000000000e+00,0.00000000000000000e+00,0.00000000000000000e+00,3.04499999999999943e+02
146,3.25000000000000011e-01,3.75000000000000000e-01,0.00000000000000000e+00,0.00000000000000000e+00,0.00000000000000000e+00,0.00000000000000000e+00,3.03500000000000171e+02
147,3.75000000000000000e-01,3.75000000000000000e-01,0.00000000000000000e+00,0.00000000000000000e+00,0.00000000000000000e+00,0.00000000000000000e+00,3.02500000000000227e+02
148,4.25000000000000044e-01,3.75000000000000000e-01,0.00000000000000000e+00,0.00000000000000000e+00,0.00000000000000000e+00,0.00000000000000000e+00,3.01500000000000284e+02
149,4.75000000000000033e-01,3.75000000000000000e-01,0.00000000000000000e+00,0.00000000000000000e+00,0.00000000000000000e+00,0.00000000000000000e+00,3.00500000000000341e+02
150,5.25000000000000022e-01,3.75000000000000000e-01,0.00000000000000000e+00,0.00000000000000000e+00,0.00000000000000000e+00,0.00000000000000000e+00,2.99500000000000398e+02
151,5.75000000000000067e-01,3.75000000000000000e-01,0.00000000000000000e+00,0.00000000000000000e+00,0.00000000000000000e+00,0.00000000000000000e+00,2.98500000000000568e+02
152,6.25000000000000000e-01,3.75000000000000000e-01,0.00000000000000000e+00,0.00000000000000000e+00,0.00000000000000000e+00,0.00000000000000000e+00,2.97500000000000455e+02
153,6.75000000000000044e-01,3.75000000000000000e-01,0.00000000000000000e+00,0.00000000000000000e+00,0.00000000000000000e+00,0.00000000000000000e+00,2.96500000000000398e+02
154,7.25000000000000089e-01,3.75000000000000000e-01,0.00000000000000000e+00,0.00000000000000000e+00,0.00000000000000000e+00,0.00000000000000000e+00,2.95500000000000455e+02
155,7.75000000000000022e-01,3.75000000000000000e-01,0.00000000000000000e+00,0.00000000000000000e+00,0.00000000000000000e+00,0.00000000000000000e+00,2.94500000000000455e+02
156,8.25000000000000067e-01,3.75000000000000000e-01,0.00000000000000000e+00,0.00000000000000000e+00,0.00000000000000000e+00,0.00000000000000000e+00,2.93500000000000398e+02
157,8.75000000000000000e-01,3.75000000000000000e-01,0.00000000000000000e+00,0.00000000000000000e+00,0.00000000000000000e+00,0.00000000000000000e+00,2.92500000000000284e+02
158,9.25000000000000044e-01,3.75000000000000000e-01,0.00000000000000000e+00,0.00000000000000000e+00,0.00000000000000000e+00,0.00000000000000000e+00,2.91500000000000227e+02
159,9.75000000000000089e-01,3.75000000000000000e-01,0.00000000000000000e+00,0.00000000000000000e+00,0.00000000000000000e+00,0.00000000000000000e+00,2.90500000000000114e+02
160,2.50000000000000014e-02,4.25000000000000044e-01,0.00000000000000000e+00,0.00000000000000000e+00,0.00000000000000000e+00,0.00000000000000000e+00,3.09499999999999943e+02
161,7.50000000000000111e-02,4.25000000000000044e-01,0.00000000000000000e+00,0.00000000000000000e+00,0.00000000000000000e+00,0.00000000000000000e+00,3.08499999999999886e+02
162,1.25000000000000000e-01,4.25000000000000044e-01,0.00000000000000000e+00,0.00000000000000000e+00,0.00000000000000000e+00,0.00000000000000000e+00,3.07499999999999829e+02
163,1.75000000000000017e-01,4.25000000000000044e-01,0.00000000000000000e+00,0.00000000000000000e+00,0.00000000000000000e+00,0.00000000000000000e+00,3.06499999999999829e+02
164,2.25000000000000006e-01,4.25000000000000044e-01,0.00000000000000000e+00,0.00000000000000000e+00,0.00000000000000000e+00,0.00000000000000000e+00,3.05499999999999943e+02
165,2.75000000000000022e-01,4.25000000000000044e-01,0.00000000000000000e+00,0.00000000000000000e+00,0.00000000000000000e+00,0.00000000000000000e+00,3.04500000000000000e+02
166,3.25000000000000011e-01,4.25000000000000044e-01,0.00000000000000000e+00,0.00000000000000000e+00,0.00000000000000000e+00,0.00000000000000000e+00,3.03500000000000227e+02
167,3.75000000000000000e-01,4.25000000000000044e-01,0.00000000000000000e+00,0.00000000000000000e+00,0.00000000000000000e+00,0.00000000000000000e+00,3.02500000000000341e+02
168,4.25000000000000044e-01,4.25000000000000044e-01,0.00000000000000000e+00,0.00000000000000000e+00,0.00000000000000000e+00,0.00000000000000000e+00,3.01500000000000398e+02
169,4.75000000000000033e-01,4.25000000000000044e-01,0.00000000000000000e+00,0.00000000000000000e+00,0.00000000000000000e+00,0.00000000000000000e+00,3.00500000000000455e+02
170,5.25000000000000022e-01,4.25000000000000044e-01,0.00000000000000000e+00,0.00000000000000000e+00,0.00000000000000000e+00,0.00000000000000000e+00,2.99500000000000512e+02
171,5.75000000000000067e-01,4.25000000000000044e-01,0.00000000000000000e+00,0.00000000000000000e+00,0.00000000000000000e+00,0.00000000000000000e+00,2.98500000000000568e+02
172,6.25000000000000000e-01,4.25000000000000044e-01,0.00000000000000000e+00,0.00000000000000000e+00,0.00000000000000000e+00,0.00000000000000000e+00,2.97500000000000568e+02
173,6.75000000000000044e-01,4.25000000000000044e-01,0.00000000000000000e+00,0.00000000000000000e+00,0.00000000000000000e+00,0.00000000000000000e+00,2.96500000000000512e+02
174,7.25000000000000089e-01,4.25000000000000044e-01,0.00000000000000000e+00,0.00000000000000000e+00,0.00000000000000000e+00,0.00000000000000000e+00,2.95500000000000455e+02
175,7.75000000000000022e-01,4.25000000000000044e-01,0.00000000000000000e+00,0.00000000000000000e+00,0.00000000000000000e+00,0.00000000000000000e+00,2.94500000000000512e+02
176,8.25000000000000067e-01,4.25000000000000044e-01,0.00000000000000000e+00,0.00000000000000000e+00,0.00000000000000000e+00,0.00000000000000000e+00,2.93500000000000455e+02
177,8.75000000000000000e-01,4.25000000000000044e-01,0.00000000000000000e+00,0.00000000000000000e+00,0.00000000000000000e+00,0.00000000000000000e+00,2.92500000000000341e+02
178,9.25000000000000044e-01,4.25000000000000044e-01,0.00000000000000000e+00,0.00000000000000000e+00,0.00000000000000000e+00,0.00000000000000000e+00,2.91500000000000171e+02
179,9.75000000000000089e-01,4.25000000000000044e-01,0.00000000000000000e+00,0.00000000000000000e+00,0.00000000000000000e+00,0.00000000000000000e+00,2.90500000000000057e+02
180,2.50000000000000014e-02,4.75000000000000033e-01,0.00000000000000000e+00,0.00000000000000000e+00,0.00000000000000000e+00,0.00000000000000000e+00,3.09499999999999943e+02
181,7.50000000000000111e-02,4.75000000000000033e-01,0.00000000000000000e+00,0.00000000000000000e+00,0.00000000000000000e+00,0.00000000000000000e+00,3.08499999999999886e+02
182,1.25000000000000000e-01,4.75000000000000033e-01,0.00000000000000000e+00,0.00000000000000000e+00,0.00000000000000000e+00,0.00000000000000000e+00,3.07499999999999886e+02
183,1.75000000000000017e-01,4.75000000000000033e-01,0.00000000000000000e+00,0.00000000000000000e+00,0.00000000000000000e+00,0.00000000000000000e+00,3.06499999999999943e+02
184,2.25000000000000006e-01,4.75000000000000033e-01,0.00000000000000000e+00,0.00000000000000000e+00,0.00000000000000000e+00,0.00000000000000000e+00,3.05500000000000000e+02
185,2.75000000000000022e-01,4.75000000000000033e-01,0.00000000000000000e+00,0.00000000000000000e+00,0.00000000000000000e+00,0.00000000000000000e+00,3.04500000000000171e+02
186,3.25000000000000011e-01,4.75000000000000033e-01,0.00000000000000000e+00,0.00000000000000000e+00,0.00000000000000000e+00,0.00000000000000000e+00,3.03500000000000284e+02
187,3.75000000000000000e-01,4.75000000000000033e-01,0.00000000000000000e+00,0.00000000000000000e+00,0.00000000000000000e+00,0.00000000000000000e+00,3.02500000000000398e+02
188,4.25000000000000044e-01,4.75000000000000033e-01,0.00000000000000000e+00,0.00000000000000000e+00,0.00000000000000000e+00,0.00000000000000000e+00,3.01500000000000455e+02
189,4.75000000000000033e-01,4.75000000000000033e-01,0.00000000000000000e+00,0.00000000000000000e+00,0.00000000000000000e+00,0.00000000000000000e+00,3.00500000000000568e+02
190,5.25000000000000022e-01,4.75000000000000033e-01,0.00000000000000000e+00,0.00000000000000000e+00,0.00000000000000000e+00,0.00000000000000000e+00,2.99500000000000625e+02
191,5.75000000000000067e-01,4.75000000000000033e-01,0.00000000000000000e+00,0.00000000000000000e+00,0.00000000000000000e+00,0.00000000000000000e+00,2.98500000000000568e+02
192,6.25000000000000000e-01,4.75000000000000033e-01,0.00000000000000000e+00,0.00000000000000000e+00,0.00000000000000000e+00,0.00000000000000000e+00,2.97500000000000512e+02
193,6.75000000000000044e-01,4.75000000000000033e-01,0.00000000000000000e+00,0.00000000000000000e+00,0.00000000000000000e+00,0.00000000000000000e+00,2.96500000000000512e+02
194,7.25000000000000089e-01,4.75000000000000033e-01,0.00000000000000000e+00,0.00000000000000000e+00,0.00000000000000000e+00,0.00000000000000000e+00,2.95500000000000512e+02
195,7.75000000000000022e-01,4.75000000000000033e-01,0.00000000000000000e+00,0.00000000000000000e+00,0.00000000000000000e+00,0.00000000000000000e+00,2.94500000000000455e+02
196,8.25000000000000067e-01,4.75000000000000033e-01,0.00000000000000000e+00,0.00000000000000000e+00,0.00000000000000000e+00,0.00000000000000000e+00,2.93500000000000455e+02
197,8.75000000000000000e-01,4.75000000000000033e-01,0.00000000000000000e+00,0.00000000000000000e+00,0.00000000000000000e+00,0.00000000000000000e+00,2.92500000000000341e+02
198,9.25000000000000044e-01,4.75000000000000033e-01,0.00000000000000000e+00,0.00000000000000000e+00,0.00000000000000000e+00,0.00000000000000000e+00,2.91500000000000284e+02
199,9.75000000000000089e-01,4.75000000000000033e-01,0.00000000000000000e+00,0.00000000000000000e+00,0.00000000000000000e+00,0.00000000000000000e+00,2.90500000000000171e+02
200,2.50000000000000014e-02,5.25000000000000022e-01,0.00000000000000000e+00,0.00000000000000000e+00,0.00000000000000000e+00,0.00000000000000000e+00,3.09499999999999943e+02
201,7.50000000000000111e-02,5.25000000000000022e-01,0.00000000000000000e+00,0.00000000000000000e+00,0.00000000000000000e+00,0.00000000000000000e+00,3.08499999999999886e+02
202,1.25000000000000000e-01,5.25000000000000022e-01,0.00000000000000000e+00,0.00000000000000000e+00,0.00000000000000000e+00,0.00000000000000000e+00,3.07499999999999943e+02
203,1.75000000000000017e-01,5.25000000000000022e-01,0.00000000000000000e+00,0.00000000000000000e+00,0.00000000000000000e+00,0.00000000000000000e+00,3.06499999999999943e+02
204,2.25000000000000006e-01,5.25000000000000022e-01,0.00000000000000000e+00,0.00000000000000000e+00,0.00000000000000000e+00,0.00000000000000000e+00,3.05500000000000114e+02
205,2.75000000000000022e-01,5.25000000000000022e-01,0.00000000000000000e+00,0.00000000000000000e+00,0.00000000000000000e+00,0.00000000000000000e+00,3.04500000000000171e+02
206,3.25000000000000011e-01,5.25000000000000022e-01,0.00000000000000000e+00,0.00000000000000000e+00,0.00000000000000000e+00,0.00000000000000000e+00,3.03500000000000341e+02
207,3.75000000000000000e-01,5.25000000000000022e-01,0.00000000000000000e+00,0.00000000000000000e+00,0.00000000000000000e+00,0.00000000000000000e+00,3.02500000000000455e+02
208,4.25000000000000044e-01,5.25000000000000022e-01,0.00000000000000000e+00,0.00000000000000000e+00,0.00000000000000000e+00,0.00000000000000000e+00,3.01500000000000512e+02
209,4.75000000000000033e-01,5.25000000000000022e-01,0.00000000000000000e+00,0.00000000000000000e+00,0.00000000000000000e+00,0.00000000000000000e+00,3.00500000000000512e+02
210,5.25000000000000022e-01,5.25000000000000022e-01,0.00000000000000000e+00,0.00000000000000000e+00,0.00000000000000000e+00,0.00000000000000000e+00,2.99500000000000625e+02
211,5.75000000000000067e-01,5.25000000000000022e-01,0.00000000000000000e+00,0.00000000000000000e+00,0.00000000000000000e+00,0.00000000000000000e+00,2.98500000000000625e+02
212,6.25000000000000000e-01,5.25000000000000022e-01,0.00000000000000000e+00,0.00000000000000000e+00,0.00000000000000000e+00,0.00000000000000000e+00,2.97500000000000625e+02
213,6.75000000000000044e-01,5.25000000000000022e-01,0.00000000000000000e+00,0.00000000000000000e+00,0.00000000000000000e+00,0.00000000000000000e+00,2.96500000000000512e+02
214,7.25000000000000089e-01,5.25000000000000022e-01,0.00000000000000000e+00,0.00000000000000000e+00,0.00000000000000000e+00,0.00000000000000000e+00,2.95500000000000568e+02
215,7.75000000000000022e-01,5.25000000000000022e-01,0.00000000000000000e+00,0.00000000000000000e+00,0.00000000000000000e+00,0.00000000000000000e+00,2.94500000000000568e+02
216,8.25000000000000067e-01,5.25000000000000022e-01,0.00000000000000000e+00,0.00000000000000000e+00,0.00000000000000000e+00,0.00000000000000000e+00,2.93500000000000455e+02
217,8.75000000000000000e-01,5.25000000000000022e-01,0.00000000000000000e+00,0.00000000000000000e+00,0.00000000000000000e+00,0.00000000000000000e+00,2.92500000000000341e+02
218,9.25000000000000044e-01,5.25000000000000022e-01,0.00000000000000000e+00,0.00000000000000000e+00,0.00000000000000000e+00,0.00000000000000000e+00,2.91500000000000171e+02
219,9.75000000000000089e-01,5.25000000000000022e-01,0.00000000000000000e+00,0.00000000000000000e+00,0.00000000000000000e+00,0.00000000000000000e+00,2.90500000000000114e+02
220,2.50000000000000014e-02,5.75000000000000067e-01,0.00000000000000000e+00,0.00000000000000000e+00,0.00000000000000000e+00,0.00000000000000000e+00,3.09499999999999943e+02
221,7.50000000000000111e-02,5.75000000000000067e-01,0.00000000000000000e+00,0.00000000000000000e+00,0.00000000000000000e+00,0.00000000000000000e+00,3.08500000000000000e+02
222,1.25000000000000000e-01,5.75000000000000067e-01,0.00000000000000000e+00,0.00000000000000000e+00,0.00000000000000000e+00,0.00000000000000000e+00,3.07500000000000114e+02
223,1.75000000000000017e-01,5.75000000000000067e-01,0.00000000000000000e+00,0.00000000000000000e+00,0.00000000000000000e+00,0.00000000000000000e+00,3.06500000000000057e+02
224,2.25000000000000006e-01,5.75000000000000067e-01,0.00000000000000000e+00,0.00000000000000000e+00,0.00000000000000000e+00,0.00000000000000000e+00,3.05500000000000171e+02
225,2.75000000000000022e-01,5.75000000000000067e-01,0.00000000000000000e+00,0.00000000000000000e+00,0.00000000000000000e+00,0.00000000000000000e+00,3.04500000000000284e+02
226,3.25000000000000011e-01,5.75000000000000067e-01,0.00000000000000000e+00,0.00000000000000000e+00,0.00000000000000000e+00,0.00000000000000000e+00,3.03500000000000398e+02
227,3.75000000000000000e-01,5.75000000000000067e-01,0.00000000000000000e+00,0.00000000000000000e+00,0.00000000000000000e+00,0.00000000000000000e+00,3.02500000000000455e+02
228,4.25000000000000044e-01,5.75000000000000067e-01,0.00000000000000000e+00,0.00000000000000000e+00,0.00000000000000000e+00,0.00000000000000000e+00,3.01500000000000568e+02
229,4.75000000000000033e-01,5.75000000000000067e-01,0.00000000000000000e+00,0.00000000000000000e+00,0.00000000000000000e+00,0.00000000000000000e+00,3.00500000000000682e+02
230,5.25000000000000022e-01,5.75000000000000067e-01,0.00000000000000000e+00,0.00000000000000000e+00,0.00000000000000000e+00,0.00000000000000000e+00,2.99500000000000682e+02
231,5.75000000000000067e-01,5.75000000000000067e-01,0.00000000000000000e+00,0.00000000000000000e+00,0.00000000000000000e+00,0.00000000000000000e+00,2.98500000000000625e+02
232,6.25000000000000000e-01,5.75000000000000067e-01,0.00000000000000000e+00,0.00000000000000000e+00,0.00000000000000000e+00,0.00000000000000000e+00,2.97500000000000625e+02
233,6.75000000000000044e-01,5.75000000000000067e-01,0.00000000000000000e+00,0.00000000000000000e+00,0.00000000000000000e+00,0.00000000000000000e+00,2.96500000000000568e+02
234,7.25000000000000089e-01,5.75000000000000067e-01,0.00000000000000000e+00,0.00000000000000000e+00,0.00000000000000000e+00,0.00000000000000000e+00,2.95500000000000568e+02
235,7.75000000000000022e-01,5.75000000000000067e-01,0.00000000000000000e+00,0.00000000000000000e+00,0.00000000000000000e+00,0.00000000000000000e+00,2.94500000000000512e+02
236,8.25000000000000067e-01,5.75000000000000067e-01,0.00000000000000000e+00,0.00000000000000000e+00,0.00000000000000000e+00,0.00000000000000000e+00,2.93500000000000398e+02
237,8.75000000000000000e-01,5.75000000000000067e-01,0.00000000000000000e+00,0.00000000000000000e+00,0.00000000000000000e+00,0.00000000000000000e+00,2.92500000000000341e+02
238,9.25000000000000044e-01,5.75000000000000067e-01,0.00000000000000000e+00,0.00000000000000000e+00,0.00000000000000000e+00,0.00000000000000000e+00,2.91500000000000227e+02
239,9.75000000000000089e-01,5.75000000000000067e-01,0.00000000000000000e+00,0.00000000000000000e+00,0.00000000000000000e+00,0.00000000000000000e+00,2.90500000000000171e+02
240,2.50000000000000014e-02,6.25000000000000000e-01,0.00000000000000000e+00,0.00000000000000000e+00,0.00000000000000000e+00,0.00000000000000000e+00,3.09500000000000000e+02
241,7.50000000000000111e-02,6.25000000000000000e-01,0.00000000000000000e+00,0.00000000000000000e+00,0.00000000000000000e+00,0.00000000000000000e+00,3.08500000000000114e+02
242,1.25000000000000000e-01,6.25000000000000000e-01,0.00000000000000000e+00,0.00000000000000000e+00,0.00000000000000000e+00,0.00000000000000000e+00,3.07500000000000114e+02
243,1.75000000000000017e-01,6.25000000000000000e-01,0.00000000000000000e+00,0.00000000000000000e+00,0.00000000000000000e+00,0.00000000000000000e+00,3.06500000000000227e+02
244,2.25000000000000006e-01,6.25000000000000000e-01,0.00000000000000000e+00,0.00000000000000000e+00,0.00000000000000000e+00,0.00000000000000000e+00,3.05500000000000284e+02
245,2.75000000000000022e-01,6.25000000000000000e-01,0.00000000000000000e+00,0.00000000000000000e+00,0.00000000000000000e+00,0.00000000000000000e+00,3.04500000000000341e+02
246,3.25000000000000011e-01,6.25000000000000000e-01,0.00000000000000000e+00,0.00000000000000000e+00,0.00000000000000000e+00,0.00000000000000000e+00,3.03500000000000398e+02
247,3.75000000000000000e-01,6.25000000000000000e-01,0.00000000000000000e+00,0.00000000000000000e+00,0.00000000000000000e+00,0.00000000000000000e+00,3.02500000000000568e+02
248,4.25000000000000044e-01,6.25000000000000000e-01,0.00000000000000000e+00,0.00000000000000000e+00,0.00000000000000000e+00,0.00000000000000000e+00,3.01500000000000625e+02
249,4.75000000000000033e-01,6.25000000000000000e-01,0.00000000000000000e+00,0.00000000000000000e+00,0.00000000000000000e+00,0.00000000000000000e+00,3.00500000000000625e+02
250,5.25000000000000022e-01,6.25000000000000000e-01,0.00000000000000000e+00,0.00000000000000000e+00,0.00000000000000000e+00,0.00000000000000000e+00,2.99500000000000625e+02
251,5.75000000000000067e-01,6.25000000000000000e-01,0.00000000000000000e+00,0.00000000000000000e+00,0.00000000000000000e+00,0.00000000000000000e+00,2.98500000000000625e+02
252,6.25000000000000000e-01,6.25000000000000000e-01,0.00000000000000000e+00,0.00000000000000000e+00,0.00000000000000000e+00,0.00000000000000000e+00,2.97500000000000568e+02
253,6.75000000000000044e-01,6.25000000000000000e-01,0.00000000000000000e+00,0.00000000000000000e+00,0.00000000000000000e+00,0.00000000000000000e+00,2.96500000000000625e+02
254,7.25000000000000089e-01,6.25000000000000000e-01,0.00000000000000000e+00,0.00000000000000000e+00,0.00000000000000000e+00,0.00000000000000000e+00,2.95500000000000568e+02
255,7.75000000000000022e-01,6.25000000000000000e-01,0.00000000000000000e+00,0.00000000000000000e+00,0.00000000000000000e+00,0.00000000000000000e+00,2.94500000000000512e+02
256,8.25000000000000067e-01,6.25000000000000000e-01,0.00000000000000000e+00,0.00000000000000000e+00,0.00000000000000000e+00,0.00000000000000000e+00,2.93500000000000398e+02
257,8.75000000000000000e-01,6.25000000000000000e-01,0.00000000000000000e+00,0.00000000000000000e+00,0.00000000000000000e+00,0.00000000000000000e+00,2.92500000000000284e+02
258,9.25000000000000044e-01,6.25000000000000000e-01,0.00000000000000000e+00,0.00000000000000000e+00,0.00000000000000000e+00,0.00000000000000000e+00,2.91500000000000227e+02
259,9.75000000000000089e-01,6.25000000000000000e-01,0.00000000000000000e+00,0.00000000000000000e+00,0.00000000000000000e+00,0.00000000000000000e+00,2.90500000000000114e+02
260,2.50000000000000014e-02,6.75000000000000044e-01,0.00000000000000000e+00,0.00000000000000000e+00,0.00000000000000000e+00,0.00000000000000000e+00,3.09500000000000000e+02
261,7.50000000000000111e-02,6.75000000000000044e-01,0.00000000000000000e+00,0.00000000000000000e+00,0.00000000000000000e+00,0.00000000000000000e+00,3.08500000000000114e+02
262,1.25000000000000000e-01,6.75000000000000044e-01,0.00000000000000000e+00,0.00000000000000000e+00,0.00000000000000000e+00,0.00000000000000000e+00,3.07500000000000171e+02
263,1.75000000000000017e-01,6.75000000000000044e-01,0.00000000000000000e+00,0.00000000000000000e+00,0.00000000000000000e+00,0.00000000000000000e+00,3.06500000000000227e+02
264,2.25000000000000006e-01,6.75000000000000044e-01,0.00000000000000000e+00,0.00000000000000000e+00,0.00000000000000000e+00,0.00000000000000000e+00,3.05500000000000284e+02
265,2.75000000000000022e-01,6.75000000000000044e-01,0.00000000000000000e+00,0.00000000000000000e+00,0.00000000000000000e+00,0.00000000000000000e+00,3.04500000000000455e+02
266,3.25000000000000011e-01,6.75000000000000044e-01,0.00000000000000000e+00,0.00000000000000000e+00,0.00000000000000000e+00,0.00000000000000000e+00,3.03500000000000455e+02
267,3.75000000000000000e-01,6.75000000000000044e-01,0.00000000000000000e+00,0.00000000000000000e+00,0.00000000000000000e+00,0.00000000000000000e+00,3.02500000000000455e+02
268,4.25000000000000044e-01,6.75000000000000044e-01,0.00000000000000000e+00,0.00000000000000000e+00,0.00000000000000000e+00,0.00000000000000000e+00,3.01500000000000512e+02
269,4.75000000000000033e-01,6.75000000000000044e-01,0.00000000000000000e+00,0.00000000000000000e+00,0.00000000000000000e+00,0.00000000000000000e+00,3.00500000000000682e+02
270,5.25000000000000022e-01,6.75000000000000044e-01,0.00000000000000000e+00,0.00000000000000000e+00,0.00000000000000000e+00,0.00000000000000000e+00,2.99500000000000625e+02
271,5.75000000000000067e-01,6.75000000000000044e-01,0.00000000000000000e+00,0.00000000000000000e+00,0.00000000000000000e+00,0.00000000000000000e+00,2.98500000000000682e+02
272,6.25000000000000000e-01,6.75000000000000044e-01,0.00000000000000000e+00,0.00000000000000000e+00,0.00000000000000000e+00,0.00000000000000000e+00,2.97500000000000568e+02
273,6.75000000000000044e-01,6.75000000000000044e-01,0.00000000000000000e+00,0.00000000000000000e+00,0.00000000000000000e+00,0.00000000000000000e+00,2.96500000000000625e+02
274,7.25000000000000089e-01,6.75000000000000044e-01,0.00000000000000000e+00,0.00000000000000000e+00,0.00000000000000000e+00,0.00000000000000000e+00,2.95500000000000568e+02
275,7.75000000000000022e-01,6.75000000000000044e-01,0.00000000000000000e+00,0.00000000000000000e+00,0.00000000000000000e+00,0.00000000000000000e+00,2.94500000000000512e+02
276,8.25000000000000067e-01,6.75000000000000044e-01,0.00000000000000000e+00,0.00000000000000000e+00,0.00000000000000000e+00,0.00000000000000000e+00,2.93500000000000512e+02
277,8.75000000000000000e-01,6.75000000000000044e-01,0.00000000000000000e+00,0.00000000000000000e+00,0.00000000000000000e+00,0.00000000000000000e+00,2.92500000000000284e+02
278,9.25000000000000044e-01,6.75000000000000044e-01,0.00000000000000000e+00,0.00000000000000000e+00,0.00000000000000000e+00,0.00000000000000000e+00,2.91500000000000227e+02
279,9.75000000000000089e-01,6.75000000000000044e-01,0.00000000000000000e+00,0.00000000000000000e+00,0.00000000000000000e+00,0.00000000000000000e+00,2.90500000000000057e+02
280,2.50000000000000014e-02,7.25000000000000089e-01,0.00000000000000000e+00,0.00000000000000000e+00,0.00000000000000000e+00,0.00000000000000000e+00,3.09500000000000057e+02
281,7.50000000000000111e-02,7.25000000000000089e-01,0.00000000000000000e+00,0.00000000000000000e+00,0.00000000000000000e+00,0.00000000000000000e+00,3.08500000000000057e+02
282,1.25000000000000000e-01,7.25000000000000089e-01,0.00000000000000000e+00,0.00000000000000000e+00,0.00000000000000000e+00,0.00000000000000000e+00,3.07500000000000171e+02
283,1.75000000000000017e-01,7.25000000000000089e-01,0.00000000000000000e+00,0.00000000000000000e+00,0.00000000000000000e+00,0.00000000000000000e+00,3.06500000000000227e+02
284,2.25000000000000006e-01,7.25000000000000089e-01,0.00000000000000000e+00,0.00000000000000000e+00,0.00000000000000000e+00,0.00000000000000000e+00,3.05500000000000341e+02
285,2.75000000000000022e-01,7.25000000000000089e-01,0.00000000000000000e+00,0.00000000000000000e+00,0.00000000000000000e+00,0.00000000000000000e+00,3.04500000000000398e+02
286,3.25000000000000011e-01,7.25000000000000089e-01,0.00000000000000000e+00,0.00000000000000000e+00,0.00000000000000000e+00,0.00000000000000000e+00,3.03500000000000455e+02
287,3.75000000000000000e-01,7.25000000000000089e-01,0.00000000000000000e+00,0.00000000000000000e+00,0.00000000000000000e+00,0.00000000000000000e+00,3.02500000000000568e+02
288,4.25000000000000044e-01,7.25000000000000089e-01,0.00000000000000000e+00,0.00000000000000000e+00,0.00000000000000000e+00,0.00000000000000000e+00,3.01500000000000625e+02
289,4.75000000000000033e-01,7.25000000000000089e-01,0.00000000000000000e+00,0.00000000000000000e+00,0.00000000000000000e+00,0.00000000000000000e+00,3.00500000000000625e+02
290,5.25000000000000022e-01,7.25000000000000089e-01,0.00000000000000000e+00,0.00000000000000000e+00,0.00000000000000000e+00,0.00000000000000000e+00,2.99500000000000682e+02
291,5.75000000000000067e-01,7.25000000000000089e-01,0.00000000000000000e+00,0.00000000000000000e+00,0.00000000000000000e+00,0.00000000000000000e+00,2.98500000000000682e+02
292,6.25000000000000000e-01,7.25000000000000089e-01,0.00000000000000000e+00,0.00000000000000000e+00,0.00000000000000000e+00,0.00000000000000000e+00,2.97500000000000682e+02
293,6.75000000000000044e-01,7.25000000000000089e-01,0.00000000000000000e+00,0.00000000000000000e+00,0.00000000000000000e+00,0.00000000000000000e+00,2.96500000000000625e+02
294,7.25000000000000089e-01,7.25000000000000089e-01,0.00000000000000000e+00,0.00000000000000000e+00,0.00000000000000000e+00,0.00000000000000000e+00,2.95500000000000625e+02
295,7.75000000000000022e-01,7.25000000000000089e-01,0.00000000000000000e+00,0.00000000000000000e+00,0.00000000000000000e+00,0.00000000000000000e+00,2.94500000000000512e+02
296,8.25000000000000067e-01,7.25000000000000089e-01,0.00000000000000000e+00,0.00000000000000000e+00,0.00000000000000000e+00,0.00000000000000000e+00,2.93500000000000455e+02
297,8.75000000000000000e-01,7.25000000000000089e-01,0.00000000000000000e+00,0.00000000000000000e+00,0.00000000000000000e+00,0.00000000000000000e+00,2.92500000000000341e+02
298,9.25000000000000044e-01,7.25000000000000089e-01,0.00000000000000000e+00,0.00000000000000000e+00,0.00000000000000000e+00,0.00000000000000000e+00,2.91500000000000284e+02
299,9.75000000000000089e-01,7.25000000000000089e-01,0.00000000000000000e+00,0.00000000000000000e+00,0.00000000000000000e+00,0.00000000000000000e+00,2.90500000000000057e+02
300,2.50000000000000014e-02,7.75000000000000022e-01,0.00000000000000000e+00,0.00000000000000000e+00,0.00000000000000000e+00,0.00000000000000000e+00,3.09500000000000114e+02
301,7.50000000000000111e-02,7.75000000000000022e-01,0.00000000000000000e+00,0.00000000000000000e+00,0.00000000000000000e+00,0.00000000000000000e+00,3.08500000000000057e+02
302,1.25000000000000000e-01,7.75000000000000022e-01,0.00000000000000000e+00,0.00000000000000000e+00,0.00000000000000000e+00,0.00000000000000000e+00,3.07500000000000227e+02
303,1.75000000000000017e-01,7.75000000000000022e-01,0.00000000000000000e+00,0.00000000000000000e+00,0.00000000000000000e+00,0.00000000000000000e+00,3.06500000000000284e+02
304,2.25000000000000006e-01,7.75000000000000022e-01,0.00000000000000000e+00,0.00000000000000000e+00,0.00000000000000000e+00,0.00000000000000000e+00,3.05500000000000398e+02
305,2.75000000000000022e-01,7.75000000000000022e-01,0.00000000000000000e+00,0.00000000000000000e+00,0.00000000000000000e+00,0.00000000000000000e+00,3.04500000000000455e+02
306,3.25000000000000011e-01,7.75000000000000022e-01,0.00000000000000000e+00,0.00000000000000000e+00,0.00000000000000000e+00,0.00000000000000000e+00,3.03500000000000512e+02
307,3.75000000000000000e-01,7.75000000000000022e-01,0.00000000000000000e+00,0.00000000000000000e+00,0.00000000000000000e+00,0.00000000000000000e+00,3.02500000000000568e+02
308,4.25000000000000044e-01,7.75000000000000022e-01,0.00000000000000000e+00,0.00000000000000000e+00,0.00000000000000000e+00,0.00000000000000000e+00,3.01500000000000682e+02
309,4.75000000000000033e-01,7.75000000000000022e-01,0.00000000000000000e+00,0.00000000000000000e+00,0.00000000000000000e+00,0.00000000000000000e+00,3.00500000000000682e+02
310,5.25000000000000022e-01,7.75000000000000022e-01,0.00000000000000000e+00,0.00000000000000000e+00,0.00000000000000000e+00,0.00000000000000000e+00,2.99500000000000739e+02
311,5.75000000000000067e-01,7.75000000000000022e-01,0.00000000000000000e+00,0.00000000000000000e+00,0.00000000000000000e+00,0.00000000000000000e+00,2.98500000000000682e+02
312,6.25000000000000000e-01,7.75000000000000022e-01,0.00000000000000000e+00,0.00000000000000000e+00,0.00000000000000000e+00,0.00000000000000000e+00,2.97500000000000682e+02
313,6.75000000000000044e-01,7.75000000000000022e-01,0.00000000000000000e+00,0.00000000000000000e+00,0.00000000000000000e+00,0.00000000000000000e+00,2.96500000000000625e+02
314,7.25000000000000089e-01,7.75000000000000022e-01,0.00000000000000000e+00,0.00000000000000000e+00,0.00000000000000000e+00,0.00000000000000000e+00,2.95500000000000568e+02
315,7.75000000000000022e-01,7.75000000000000022e-01,0.00000000000000000e+00,0.00000000000000000e+00,0.00000000000000000e+00,0.00000000000000000e+00,2.94500000000000512e+02
316,8.25000000000000067e-01,7.75000000000000022e-01,0.00000000000000000e+00,0.00000000000000000e+00,0.00000000000000000e+00,0.00000000000000000e+00,2.93500000000000455e+02
317,8.75000000000000000e-01,7.75000000000000022e-01,0.00000000000000000e+00,0.00000000000000000e+00,0.00000000000000000e+00,0.00000000000000000e+00,2.92500000000000398e+02
318,9.25000000000000044e-01,7.75000000000000022e-01,0.00000000000000000e+00,0.00000000000000000e+00,0.00000000000000000e+00,0.00000000000000000e+00,2.91500000000000227e+02
319,9.75000000000000089e-01,7.75000000000000022e-01,0.00000000000000000e+00,0.00000000000000000e+00,0.00000000000000000e+00,0.00000000000000000e+00,2.90500000000000114e+02
320,2.50000000000000014e-02,8.25000000000000067e-01,0.00000000000000000e+00,0.00000000000000000e+00,0.00000000000000000e+00,0.00000000000000000e+00,3.09500000000000000e+02
321,7.50000000000000111e-02,8.25000000000000067e-01,0.00000000000000000e+00,0.00000000000000000e+00,0.00000000000000000e+00,0.00000000000000000e+00,3.08500000000000057e+02
322,1.25000000000000000e-01,8.25000000000000067e-01,0.00000000000000000e+00,0.00000000000000000e+00,0.00000000000000000e+00,0.00000000000000000e+00,3.07500000000000171e+02
323,1.75000000000000017e-01,8.25000000000000067e-01,0.00000000000000000e+00,0.00000000000000000e+00,0.00000000000000000e+00,0.00000000000000000e+00,3.06500000000000341e+02
324,2.25000000000000006e-01,8.25000000000000067e-01,0.00000000000000000e+00,0.00000000000000000e+00,0.00000000000000000e+00,0.00000000000000000e+00,3.05500000000000398e+02
325,2.75000000000000022e-01,8.25000000000000067e-01,0.00000000000000000e+00,0.00000000000000000e+00,0.00000000000000000e+00,0.00000000000000000e+00,3.04500000000000512e+02
326,3.25000000000000011e-01,8.25000000000000067e-01,0.00000000000000000e+00,0.00000000000000000e+00,0.00000000000000000e+00,0.00000000000000000e+00,3.03500000000000568e+02
327,3.75000000000000000e-01,8.25000000000000067e-01,0.00000000000000000e+00,0.00000000000000000e+00,0.00000000000000000e+00,0.00000000000000000e+00,3.02500000000000625e+02
328,4.25000000000000044e-01,8.25000000000000067e-01,0.00000000000000000e+00,0.00000000000000000e+00,0.00000000000000000e+00,0.00000000000000000e+00,3.01500000000000739e+02
329,4.75000000000000033e-01,8.25000000000000067e-01,0.00000000000000000e+00,0.00000000000000000e+00,0.00000000000000000e+00,0.00000000000000000e+00,3.00500000000000682e+02
330,5.25000000000000022e-01,8.25000000000000067e-01,0.00000000000000000e+00,0.00000000000000000e+00,0.00000000000000000e+00,0.00000000000000000e+00,2.99500000000000739e+02
331,5.75000000000000067e-01,8.25000000000000067e-01,0.00000000000000000e+00,0.00000000000000000e+00,0.00000000000000000e+00,0.00000000000000000e+00,2.98500000000000625e+02
332,6.25000000000000000e-01,8.25000000000000067e-01,0.00000000000000000e+00,0.00000000000000000e+00,0.00000000000000000e+00,0.00000000000000000e+00,2.97500000000000625e+02
333,6.75000000000000044e-01,8.25000000000000067e-01,0.00000000000000000e+00,0.00000000000000000e+00,0.00000000000000000e+00,0.00000000000000000e+00,2.96500000000000682e+02
334,7.25000000000000089e-01,8.25000000000000067e-01,0.00000000000000000e+00,0.00000000000000000e+00,0.00000000000000000e+00,0.00000000000000000e+00,2.95500000000000568e+02
335,7.75000000000000022e-01,8.25000000000000067e-01,0.00000000000000000e+00,0.00000000000000000e+00,0.00000000000000000e+00,0.00000000000000000e+00,2.94500000000000512e+02
336,8.25000000000000067e-01,8.25000000000000067e-01,0.00000000000000000e+00,0.00000000000000000e+00,0.00000000000000000e+00,0.00000000000000000e+00,2.93500000000000455e+02
337,8.75000000000000000e-01,8.25000000000000067e-01,0.00000000000000000e+00,0.00000000000000000e+00,0.00000000000000000e+00,0.00000000000000000e+00,2.92500000000000341e+02
338,9.25000000000000044e-01,8.25000000000000067e-01,0.00000000000000000e+00,0.00000000000000000e+00,0.00000000000000000e+00,0.00000000000000000e+00,2.91500000000000227e+02
339,9.75000000000000089e-01,8.25000000000000067e-01,0.00000000000000000e+00,0.00000000000000000e+00,0.00000000000000000e+00,0.00000000000000000e+00,2.90500000000000114e+02
340,2.50000000000000014e-02,8.75000000000000000e-01,0.00000000000000000e+00,0.00000000000000000e+00,0.00000000000000000e+00,0.00000000000000000e+00,3.09500000000000057e+02
341,7.50000000000000111e-02,8.75000000000000000e-01,0.00000000000000000e+00,0.00000000000000000e+00,0.00000000000000000e+00,0.00000000000000000e+00,3.08500000000000114e+02
342,1.25000000000000000e-01,8.75000000000000000e-01,0.00000000000000000e+00,0.00000000000000000e+00,0.00000000000000000e+00,0.00000000000000000e+00,3.07500000000000284e+02
343,1.75000000000000017e-01,8.75000000000000000e-01,0.00000000000000000e+00,0.00000000000000000e+00,0.00000000000000000e+00,0.00000000000000000e+00,3.06500000000000341e+02
344,2.25000000000000006e-01,8.75000000000000000e-01,0.00000000000000000e+00,0.00000000000000000e+00,0.00000000000000000e+00,0.00000000000000000e+00,3.05500000000000568e+02
345,2.75000000000000022e-01,8.75000000000000000e-01,0.00000000000000000e+00,0.00000000000000000e+00,0.00000000000000000e+00,0.00000000000000000e+00,3.04500000000000568e+02
346,3.25000000000000011e-01,8.75000000000000000e-01,0.00000000000000000e+00,0.00000000000000000e+00,0.00000000000000000e+00,0.00000000000000000e+00,3.03500000000000568e+02
347,3.75000000000000000e-01,8.75000000000000000e-01,0.00000000000000000e+00,0.00000000000000000e+00,0.00000000000000000e+00,0.00000000000000000e+00,3.02500000000000682e+02
348,4.25000000000000044e-01,8.75000000000000000e-01,0.00000000000000000e+00,0.00000000000000000e+00,0.00000000000000000e+00,0.00000000000000000e+00,3.01500000000000739e+02
349,4.75000000000000033e-01,8.75000000000000000e-01,0.00000000000000000e+00,0.00000000000000000e+00,0.00000000000000000e+00,0.00000000000000000e+00,3.00500000000000682e+02
350,5.25000000000000022e-01,8.75000000000000000e-01,0.00000000000000000e+00,0.00000000000000000e+00,0.00000000000000000e+00,0.00000000000000000e+00,2.99500000000000739e+02
351,5.75000000000000067e-01,8.75000000000000000e-01,0.00000000000000000e+00,0.00000000000000000e+00,0.00000000000000000e+00,0.00000000000000000e+00,2.98500000000000625e+02
352,6.25000000000000000e-01,8.75000000000000000e-01,0.00000000000000000e+00,0.00000000000000000e+00,0.00000000000000000e+00,0.00000000000000000e+00,2.97500000000000568e+02
353,6.75000000000000044e-01,8.75000000000000000e-01,0.00000000000000000e+00,0.00000000000000000e+00,0.00000000000000000e+00,0.00000000000000000e+00,2.96500000000000625e+02
354,7.25000000000000089e-01,8.75000000000000000e-01,0.00000000000000000e+00,0.00000000000000000e+00,0.00000000000000000e+00,0.00000000000000000e+00,2.95500000000000568e+02
355,7.75000000000000022e-01,8.75000000000000000e-01,0.00000000000000000e+00,0.00000000000000000e+00,0.00000000000000000e+00,0.00000000000000000e+00,2.94500000000000512e+02
356,8.25000000000000067e-01,8.75000000000000000e-01,0.00000000000000000e+00,0.00000000000000000e+00,0.00000000000000000e+00,0.00000000000000000e+00,2.93500000000000512e+02
357,8.75000000000000000e-01,8.75000000000000000e-01,0.00000000000000000e+00,0.00000000000000000e+00,0.00000000000000000e+00,0.00000000000000000e+00,2.92500000000000398e+02
358,9.25000000000000044e-01,8.75000000000000000e-01,0.00000000000000000e+00,0.00000000000000000e+00,0.00000000000000000e+00,0.00000000000000000e+00,2.91500000000000284e+02
359,9.75000000000000089e-01,8.75000000000000000e-01,0.00000000000000000e+00,0.00000000000000000e+00,0.00000000000000000e+00,0.00000000000000000e+00,2.90500000000000114e+02
360,2.50000000000000014e-02,9.25000000000000044e-01,0.00000000000000000e+00,0.00000000000000000e+00,0.00000000000000000e+00,0.00000000000000000e+00,3.09500000000000057e+02
361,7.50000000000000111e-02,9.25000000000000044e-01,0.00000000000000000e+00,0.00000000000000000e+00,0.00000000000000000e+00,0.00000000000000000e+00,3.08500000000000284e+02
362,1.25000000000000000e-01,9.25000000000000044e-01,0.00000000000000000e+00,0.00000000000000000e+00,0.00000000000000000e+00,0.00000000000000000e+00,3.07500000000000341e+02
363,1.75000000000000017e-01,9.25000000000000044e-01,0.00000000000000000e+00,0.00000000000000000e+00,0.00000000000000000e+00,0.00000000000000000e+00,3.06500000000000455e+02
364,2.25000000000000006e-01,9.25000000000000044e-01,0.00000000000000000e+00,0.00000000000000000e+00,0.00000000000000000e+00,0.00000000000000000e+00,3.05500000000000625e+02
365,2.75000000000000022e-01,9.25000000000000044e-01,0.00000000000000000e+00,0.00000000000000000e+00,0.00000000000000000e+00,0.00000000000000000e+00,3.04500000000000625e+02
366,3.25000000000000011e-01,9.25000000000000044e-01,0.00000000000000000e+00,0.00000000000000000e+00,0.00000000000000000e+00,0.00000000000000000e+00,3.03500000000000625e+02
367,3.75000000000000000e-01,9.25000000000000044e-01,0.00000000000000000e+00,0.00000000000000000e+00,0.00000000000000000e+00,0.00000000000000000e+00,3.02500000000000625e+02
368,4.25000000000000044e-01,9.25000000000000044e-01,0.00000000000000000e+00,0.00000000000000000e+00,0.00000000000000000e+00,0.00000000000000000e+00,3.01500000000000682e+02
369,4.75000000000000033e-01,9.25000000000000044e-01,0.00000000000000000e+00,0.00000000000000000e+00,0.00000000000000000e+00,0.00000000000000000e+00,3.00500000000000625e+02
370,5.25000000000000022e-01,9.25000000000000044e-01,0.00000000000000000e+00,0.00000000000000000e+00,0.00000000000000000e+00,0.00000000000000000e+00,2.99500000000000625e+02
371,5.75000000000000067e-01,9.25000000000000044e-01,0.00000000000000000e+00,0.00000000000000000e+00,0.00000000000000000e+00,0.00000000000000000e+00,2.98500000000000625e+02
372,6.25000000000000000e-01,9.25000000000000044e-01,0.00000000000000000e+00,0.00000000000000000e+00,0.00000000000000000e+00,0.00000000000000000e+00,2.97500000000000625e+02
373,6.75000000000000044e-01,9.25000000000000044e-01,0.00000000000000000e+00,0.00000000000000000e+00,0.00000000000000000e+00,0.00000000000000000e+00,2.96500000000000625e+02
374,7.25000000000000089e-01,9.25000000000000044e-01,0.00000000000000000e+00,0.00000000000000000e+00,0.00000000000000000e+00,0.00000000000000000e+00,2.95500000000000682e+02
375,7.75000000000000022e-01,9.25000000000000044e-01,0.00000000000000000e+00,0.00000000000000000e+00,0.00000000000000000e+00,0.00000000000000000e+00,2.94500000000000512e+02
376,8.25000000000000067e-01,9.25000000000000044e-01,0.00000000000000000e+00,0.00000000000000000e+00,0.00000000000000000e+00,0.00000000000000000e+00,2.93500000000000455e+02
377,8.75000000000000000e-01,9.25000000000000044e-01,0.00000000000000000e+00,0.00000000000000000e+00,0.00000000000000000e+00,0.00000000000000000e+00,2.92500000000000341e+02
378,9.25000000000000044e-01,9.25000000000000044e-01,0.00000000000000000e+00,0.00000000000000000e+00,0.00000000000000000e+00,0.00000000000000000e+00,2.91500000000000227e+02
379,9.75000000000000089e-01,9.25000000000000044e-01,0.00000000000000000e+00,0.00000000000000000e+00,0.00000000000000000e+00,0.00000000000000000e+00,2.90500000000000171e+02
380,2.50000000000000014e-02,9.75000000000000089e-01,0.00000000000000000e+00,0.00000000000000000e+00,0.00000000000000000e+00,0.00000000000000000e+00,3.09500000000000114e+02
381,7.50000000000000111e-02,9.75000000000000089e-01,0.00000000000000000e+00,0.00000000000000000e+00,0.00000000000000000e+00,0.00000000000000000e+00,3.08500000000000227e+02
382,1.25000000000000000e-01,9.75000000000000089e-01,0.00000000000000000e+00,0.00000000000000000e+00,0.00000000000000000e+00,0.00000000000000000e+00,3.07500000000000398e+02
383,1.75000000000000017e-01,9.75000000000000089e-01,0.00000000000000000e+00,0.00000000000000000e+00,0.00000000000000000e+00,0.00000000000000000e+00,3.06500000000000512e+02
384,2.25000000000000006e-01,9.75000000000000089e-01,0.00000000000000000e+00,0.00000000000000000e+00,0.00000000000000000e+00,0.00000000000000000e+00,3.05500000000000625e+02
385,2.75000000000000022e-01,9.75000000000000089e-01,0.00000000000000000e+00,0.00000000000000000e+00,0.00000000000000000e+00,0.00000000000000000e+00,3.04500000000000739e+02
386,3.25000000000000011e-01,9.75000000000000089e-01,0.00000000000000000e+00,0.00000000000000000e+00,0.00000000000000000e+00,0.00000000000000000e+00,3.03500000000000682e+02
387,3.75000000000000000e-01,9.75000000000000089e-01,0.00000000000000000e+00,0.00000000000000000e+00,0.00000000000000000e+00,0.00000000000000000e+00,3.02500000000000796e+02
388,4.25000000000000044e-01,9.75000000000000089e-01,0.00000000000000000e+00,0.00000000000000000e+00,0.00000000000000000e+00,0.00000000000000000e+00,3.01500000000000796e+02
389,4.75000000000000033e-01,9.75000000000000089e-01,0.00000000000000000e+00,0.00000000000000000e+00,0.00000000000000000e+00,0.00000000000000000e+00,3.00500000000000682e+02
390,5.25000000000000022e-01,9.75000000000000089e-01,0.00000000000000000e+00,0.00000000000000000e+00,0.00000000000000000e+00,0.00000000000000000e+00,2.99500000000000682e+02
391,5.75000000000000067e-01,9.75000000000000089e-01,0.00000000000000000e+00,0.00000000000000000e+00,0.00000000000000000e+00,0.00000000000000000e+00,2.98500000000000682e+02
392,6.25000000000000000e-01,9.75000000000000089e-01,0.00000000000000000e+00,0.00000000000000000e+00,0.00000000000000000e+00,0.00000000000000000e+00,2.97500000000000739e+02
393,6.75000000000000044e-01,9.75000000000000089e-01,0.00000000000000000e+00,0.00000000000000000e+00,0.00000000000000000e+00,0.00000000000000000e+00,2.96500000000000682e+02
394,7.25000000000000089e-01,9.75000000000000089e-01,0.00000000000000000e+00,0.00000000000000000e+00,0.00000000000000000e+00,0.00000000000000000e+00,2.95500000000000568e+02
395,7.75000000000000022e-01,9.75000000000000089e-01,0.00000000000000000e+00,0.00000000000000000e+00,0.00000000000000000e+00,0.00000000000000000e+00,2.94500000000000512e+02
396,8.25000000000000067e-01,9.75000000000000089e-01,0.00000000000000000e+00,0.00000000000000000e+00,0.00000000000000000e+00,0.00000000000000000e+00,2.93500000000000341e+02
397,8.75000000000000000e-01,9.75000000000000089e-01,0.00000000000000000e+00,0.00000000000000000e+00,0.00000000000000000e+00,0.00000000000000000e+00,2.92500000000000284e+02
398,9.25000000000000044e-01,9.75000000000000089e-01,0.00000000000000000e+00,0.00000000000000000e+00,0.00000000000000000e+00,0.00000000000000000e+00,2.91500000000000171e+02
399,9.75000000000000089e-01,9.75000000000000089e-01,0.00000000000000000e+00,0.00000000000000000e+00,0.00000000000000000e+00,0.00000000000000000e+00,2.90500000000000114e+02
