cell_id,x,y,velocity_x,velocity_y,velocity_magnitude,pressure,density,pressure_absolute,compressible_temperature,mach_number
0,1.04166666666666661e-02,3.12500000000000017e-03,8.79644128765985833e+00,2.41835458230683287e+00,9.12281854543931381e+00,5.93009188165331798e+04,2.03467259248031196e+00,1.75215830301442067e+05,3.00000000000000000e+02,2.64027717521630144e-02
1,3.12500000000000000e-02,3.12500000000000017e-03,7.59605646340495699e+00,1.40400051988369828e-01,7.59735387946583440e+00,5.33689763515572922e+04,1.96639502468716332e+00,1.69336107550935063e+05,3.00000000000000000e+02,2.33633695024922719e-02
2,5.20833333333333287e-02,3.12500000000000017e-03,6.98681678988068455e+00,5.70965405260435432e-02,6.98705008356879276e+00,5.56973297442356925e+04,1.98693927279451787e+00,1.71105275476699899e+05,3.00000000000000000e+02,1.98767419957787510e-02
3,7.29166666666666574e-02,3.12500000000000017e-03,6.98566394223233367e+00,-3.50414601073531723e-04,6.98566395102107496e+00,5.10787984547059677e+04,1.94272394409999793e+00,1.67297672446171317e+05,3.00000000000000000e+02,2.16401156711128577e-02
4,9.37500000000000000e-02,3.12500000000000017e-03,6.97370883935849584e+00,7.63876542997481210e-04,6.97370888119472543e+00,5.33467630866163963e+04,1.95478589016535764e+00,1.68336386931589775e+05,3.00000000000000000e+02,2.01643860703617089e-02
5,1.14583333333333329e-01,3.12500000000000017e-03,6.97856851334557060e+00,-1.35329136624120984e-04,6.97856851465772898e+00,4.87494145022074881e+04,1.91796436688813920e+00,1.65165501454572106e+05,3.00000000000000000e+02,2.18668952981013846e-02
6,1.35416666666666657e-01,3.12500000000000017e-03,6.97488300581421505e+00,1.44096299205571903e-05,6.97488300582910004e+00,5.10097122122544824e+04,1.92262013667039167e+00,1.65566433069370774e+05,3.00000000000000000e+02,2.05404961361383732e-02
7,1.56250000000000000e-01,3.12500000000000017e-03,6.97853809401011915e+00,-4.60021721063810124e-06,6.97853809401163527e+00,4.64164160424286019e+04,1.89245436734446404e+00,1.62968707843868528e+05,3.00000000000000000e+02,2.21329103410118459e-02
8,1.77083333333333315e-01,3.12500000000000017e-03,6.97496576370433274e+00,6.87166925719978476e-07,6.97496576370436649e+00,4.86728325014281363e+04,1.89027016746535370e+00,1.62780615471278928e+05,3.00000000000000000e+02,2.09249374928933453e-02
9,1.97916666666666657e-01,3.12500000000000017e-03,6.97850321224724013e+00,1.10840508777865463e-07,6.97850321224724102e+00,4.40832740476876497e+04,1.86623621540679796e+00,1.60710931689756399e+05,3.00000000000000000e+02,2.24165453697368969e-02
10,2.18750000000000000e-01,3.12500000000000017e-03,6.97500548527158681e+00,-1.76078892731068555e-07,6.97500548527158948e+00,4.63359993004296412e+04,1.85770381486367109e+00,1.59976164016985043e+05,3.00000000000000000e+02,2.13224029643415899e-02
11,2.39583333333333315e-01,3.12500000000000017e-03,6.97846098014130067e+00,2.59171091623369078e-07,6.97846098014130511e+00,4.17500900007953023e+04,1.83930169493466988e+00,1.58391465459299099e+05,3.00000000000000000e+02,2.27192770157493146e-02
12,2.60416666666666630e-01,3.12500000000000017e-03,6.97505137728563795e+00,-2.83531090355763719e-07,6.97505137728564328e+00,4.39992104172994223e+04,1.82488607042883499e+00,1.57150063954979123e+05,3.00000000000000000e+02,2.17344896412275390e-02
13,2.81250000000000000e-01,3.12500000000000017e-03,6.97841145043417654e+00,3.12297771162329601e-07,6.97841145043418365e+00,3.94168584223948783e+04,1.81163872723889940e+00,1.56009268996177823e+05,3.00000000000000000e+02,2.30424669027558676e-02
14,3.02083333333333315e-01,3.12500000000000017e-03,6.97510444919653594e+00,-3.13272080955508195e-07,6.97510444919654304e+00,4.16624728979353822e+04,1.79178021582212854e+00,1.54299153285522596e+05,3.00000000000000000e+02,2.21627384811394559e-02
15,3.22916666666666630e-01,3.12500000000000017e-03,6.97835496292618984e+00,3.27930509052027085e-07,6.97835496292619695e+00,3.70835718051465956e+04,1.78323286845836648e+00,1.53563098467292235e+05,3.00000000000000000e+02,2.33876322792112984e-02
16,3.43750000000000000e-01,3.12500000000000017e-03,6.97516436827195641e+00,-3.40495589406435206e-07,6.97516436827196440e+00,3.93257939884567459e+04,1.75834756868373843e+00,1.51420100877200137e+05,3.00000000000000000e+02,2.26088700551065440e-02
17,3.64583333333333315e-01,3.12500000000000017e-03,6.97829165034986154e+00,3.60358427772978012e-07,6.97829165034987042e+00,3.47502230183109423e+04,1.75406707235247716e+00,1.51051485935633566e+05,3.00000000000000000e+02,2.37564903144209492e-02
18,3.85416666666666630e-01,3.12500000000000017e-03,6.97523105104420083e+00,-3.91932611659341125e-07,6.97523105104421148e+00,3.69891807870954799e+04,1.72454719059570993e+00,1.48509381318149564e+05,3.00000000000000000e+02,2.30748211318143777e-02
19,4.06250000000000000e-01,3.12500000000000017e-03,6.97822172834094712e+00,4.09758983958707625e-07,6.97822172834095955e+00,3.24168050173181546e+04,1.72412138178329544e+00,1.48472712792268489e+05,3.00000000000000000e+02,2.41509925209818926e-02
20,4.27083333333333315e-01,3.12500000000000017e-03,6.97530413482342038e+00,-4.27477928293441239e-07,6.97530413482343370e+00,3.46526402066779774e+04,1.69033555143793368e+00,1.45563246012077667e+05,3.00000000000000000e+02,2.35627827234487358e-02
21,4.47916666666666630e-01,3.12500000000000017e-03,6.97814559720538874e+00,4.22327971766535484e-07,6.97814559720540117e+00,3.00833110850127632e+04,1.69337256344731557e+00,1.45824778301265585e+05,3.00000000000000000e+02,2.45733661624850351e-02
22,4.68750000000000000e-01,3.12500000000000017e-03,6.97538327903473565e+00,-4.45841762697927262e-07,6.97538327903474986e+00,3.23161787423149108e+04,1.65566613406462482e+00,1.42577689134975168e+05,3.00000000000000000e+02,2.40752457045515789e-02
23,4.89583333333333315e-01,3.12500000000000017e-03,6.97806351992768636e+00,4.79370986207072358e-07,6.97806351992770324e+00,2.77497349343068126e+04,1.66179367780579490e+00,1.43105362564246025e+05,3.00000000000000000e+02,2.50261653457813128e-02
24,5.10416666666666630e-01,3.12500000000000017e-03,6.97546824969525048e+00,-4.80192666463085773e-07,6.97546824969526646e+00,2.99798025789562598e+04,1.62048896441597168e+00,1.39548407170681399e+05,3.00000000000000000e+02,2.46150575678259591e-02
25,5.31250000000000000e-01,3.12500000000000017e-03,6.97797578855972223e+00,5.02883611649953299e-07,6.97797578855974088e+00,2.54160704469395969e+04,1.62935356546922838e+00,1.40311782290382602e+05,3.00000000000000000e+02,2.55123335754923707e-02
26,5.52083333333333259e-01,3.12500000000000017e-03,6.97555865054744650e+00,-5.26517393265251913e-07,6.97555865054746693e+00,2.76435176261258202e+04,1.58475005089323306e+00,1.36470750632670766e+05,3.00000000000000000e+02,2.51854923311041617e-02
27,5.72916666666666630e-01,3.12500000000000017e-03,6.97788284237031053e+00,5.65159204428924604e-07,6.97788284237033363e+00,2.30823119675173257e+04,1.59601623248447266e+00,1.37440937860400358e+05,3.00000000000000000e+02,2.60352824459808563e-02
28,5.93750000000000000e-01,3.12500000000000017e-03,6.97565406936650767e+00,-5.75410152398546165e-07,6.97565406936653165e+00,2.53073293492380290e+04,1.54839070904578024e+00,1.33339665909477364e+05,3.00000000000000000e+02,2.57903381244357979e-02
29,6.14583333333333259e-01,3.12500000000000017e-03,6.97778509487888332e+00,5.71100814723135545e-07,6.97778509487890730e+00,2.07484542264019583e+04,1.56174010774832683e+00,1.34489249378747161e+05,3.00000000000000000e+02,2.65989898024847349e-02
30,6.35416666666666630e-01,3.12500000000000017e-03,6.97575407500458322e+00,-5.81841131016384053e-07,6.97575407500460809e+00,2.29712427742063192e+04,1.51134674174802353e+00,1.30149624665631040e+05,3.00000000000000000e+02,2.64340086346584353e-02
31,6.56250000000000000e-01,3.12500000000000017e-03,6.97768292728671469e+00,5.96855493228581127e-07,6.97768292728674044e+00,1.84144924428880186e+04,1.52647713555970799e+00,1.31452578528724262e+05,3.00000000000000000e+02,2.72081247976320058e-02
32,6.77083333333333259e-01,3.12500000000000017e-03,6.97585829952579939e+00,-5.80678294758220737e-07,6.97585829952582337e+00,2.06352625102071434e+04,1.47354743820605871e+00,1.26894537641114744e+05,3.00000000000000000e+02,2.71216842344547404e-02
33,6.97916666666666630e-01,3.12500000000000017e-03,6.97757678701488882e+00,5.95112126982018099e-07,6.97757678701491368e+00,1.60804221923952882e+04,1.49017166233301657e+00,1.28326132701807714e+05,3.00000000000000000e+02,2.78682087029647856e-02
34,7.18750000000000000e-01,3.12500000000000017e-03,6.97596626844019596e+00,-5.97190612083510897e-07,6.97596626844022172e+00,1.82993927166411086e+04,1.43491433386507161e+00,1.23567647860790647e+05,3.00000000000000000e+02,2.78594953392820657e-02
35,7.39583333333333259e-01,3.12500000000000017e-03,6.97746711253539864e+00,6.15834287741815325e-07,6.97746711253542529e+00,1.37462395674778327e+04,1.45275905134166172e+00,1.25104345706287204e+05,3.00000000000000000e+02,2.85858235771767367e-02
36,7.60416666666666630e-01,3.12500000000000017e-03,6.97607756639000431e+00,-6.31150931758785110e-07,6.97607756639003274e+00,1.59636370870997507e+04,1.39535966492450969e+00,1.20161397544974156e+05,3.00000000000000000e+02,2.86547616678388926e-02
37,7.81250000000000000e-01,3.12500000000000017e-03,6.97735431648165960e+00,6.34432579255431503e-07,6.97735431648168891e+00,1.14119410784740467e+04,1.41416394419205171e+00,1.21780728054098538e+05,3.00000000000000000e+02,2.93688873101624510e-02
38,8.02083333333333259e-01,3.12500000000000017e-03,6.97619175058568608e+00,-6.38535240670268120e-07,6.97619175058571539e+00,1.36279989038471394e+04,1.35478441490603352e+00,1.16667259889633075e+05,3.00000000000000000e+02,2.95163102970181675e-02
39,8.22916666666666630e-01,3.12500000000000017e-03,6.97723888909049794e+00,6.45263462971433084e-07,6.97723888909052814e+00,9.07752369484730116e+03,1.37429804926032828e+00,1.18347676512053178e+05,3.00000000000000000e+02,3.02270214692013442e-02
40,8.43750000000000000e-01,3.12500000000000017e-03,6.97630830535110924e+00,-6.56350440249367114e-07,6.97630830535114033e+00,1.12924809221248724e+04,1.31307581501555126e+00,1.13075523810064202e+05,3.00000000000000000e+02,3.04549038972169207e-02
41,8.64583333333333259e-01,3.12500000000000017e-03,6.97712134410531881e+00,6.54582805745873112e-07,6.97712134410534901e+00,6.74298492545638783e+03,1.33305729384333227e+00,1.14796228859318566e+05,3.00000000000000000e+02,3.11720522866832314e-02
42,8.85416666666666630e-01,3.12500000000000017e-03,6.97642671269694770e+00,-6.54065285035460481e-07,6.97642671269697878e+00,8.95708537295649694e+03,1.27010410060033463e+00,1.09375014623197814e+05,3.00000000000000000e+02,3.14838393291868440e-02
43,9.06250000000000000e-01,3.12500000000000017e-03,6.97700220575536534e+00,6.53344763876448408e-07,6.97700220575539554e+00,4.40832281611621511e+03,1.29031809263729658e+00,1.11115742547460803e+05,3.00000000000000000e+02,3.22187125554320025e-02
44,9.27083333333333259e-01,3.12500000000000017e-03,6.97654648407540279e+00,-6.73044970021833677e-07,6.97654648407543476e+00,6.62181393264905910e+03,1.22571823678852665e+00,1.05552725961043980e+05,3.00000000000000000e+02,3.26197670876213000e-02
45,9.47916666666666630e-01,3.12500000000000017e-03,6.97688194900871483e+00,6.90375444379109880e-07,6.97688194900874858e+00,2.07353596057357299e+03,1.24593278688311493e+00,1.07293501942439441e+05,3.00000000000000000e+02,3.33863563193114166e-02
46,9.68750000000000000e-01,3.12500000000000017e-03,6.97666752251545308e+00,-7.77598062640166153e-07,6.97666752251549660e+00,4.28666782758975205e+03,1.17973649795387003e+00,1.01593008521297510e+05,3.00000000000000000e+02,3.38869484230071502e-02
47,9.89583333333333259e-01,3.12500000000000017e-03,6.97676362128030991e+00,1.80881410912986051e-07,6.97676362128031258e+00,-2.61376791798423824e+02,1.19971439187322582e+00,1.03313404856162844e+05,3.00000000000000000e+02,3.47382643093651980e-02
48,1.04166666666666661e-02,9.37500000000000139e-03,1.91240991552117237e+01,4.66389495336795878e+00,1.96845900296252267e+01,5.80329850303743879e+04,2.01944310005553396e+00,1.73904342561282305e+05,3.00000000000000000e+02,5.58172758896005386e-02
49,3.12500000000000000e-02,9.37500000000000139e-03,1.84137276765852995e+01,4.02490295415388111e-01,1.84181260009086429e+01,5.34374803207094083e+04,1.96724590678756073e+00,1.69409381263010786e+05,3.00000000000000000e+02,5.59477620148073410e-02
50,5.20833333333333287e-02,9.37500000000000139e-03,1.81697800544657717e+01,1.26016792899634134e-01,1.81702170449269786e+01,5.56815840557527044e+04,1.98679546225881309e+00,1.71092891232417693e+05,3.00000000000000000e+02,5.21349682753045399e-02
51,7.29166666666666574e-02,9.37500000000000139e-03,1.81483933890494065e+01,4.28873478107908834e-03,1.81483938957952482e+01,5.10827223901340622e+04,1.94277756631389487e+00,1.67302290123121056e+05,3.00000000000000000e+02,5.56673604010757619e-02
52,9.37500000000000000e-02,9.37500000000000139e-03,1.81357686620218850e+01,1.35733608164941445e-03,1.81357687128154659e+01,5.33463518989466465e+04,1.95478437983122966e+00,1.68336256869166333e+05,3.00000000000000000e+02,5.28891299301206472e-02
53,1.14583333333333329e-01,9.37500000000000139e-03,1.81432083037320773e+01,-2.08122166600090803e-04,1.81432083049257713e+01,4.87495223048289263e+04,1.91796494480486945e+00,1.65165551221871341e+05,3.00000000000000000e+02,5.63269066451382375e-02
54,1.35416666666666657e-01,9.37500000000000139e-03,1.81357730649405156e+01,-1.54912235241197232e-05,1.81357730649471307e+01,5.10096847059991560e+04,1.92262039467583135e+00,1.65566455287509219e+05,3.00000000000000000e+02,5.38175855500995573e-02
55,1.56250000000000000e-01,9.37500000000000139e-03,1.81432263252464026e+01,-8.52941134861115979e-06,1.81432263252484063e+01,4.64164187850751405e+04,1.89245360534900997e+00,1.62968642224629992e+05,3.00000000000000000e+02,5.70513346600895199e-02
56,1.77083333333333315e-01,9.37500000000000139e-03,1.81358675073086637e+01,-3.32481787505751911e-06,1.81358675073089692e+01,4.86728302860104595e+04,1.89027063083511893e+00,1.62780655374366266e+05,3.00000000000000000e+02,5.47797865651867694e-02
57,1.97916666666666657e-01,9.37500000000000139e-03,1.81431626682827165e+01,2.40187066835788766e-06,1.81431626682828764e+01,4.40832748424234669e+04,1.86623546994536915e+00,1.60710867494345468e+05,3.00000000000000000e+02,5.78202351637800843e-02
58,2.18750000000000000e-01,9.37500000000000139e-03,1.81359484183068140e+01,-2.95976042110263617e-06,1.81359484183070556e+01,4.63359984009274704e+04,1.85770426003593037e+00,1.59976202352994151e+05,3.00000000000000000e+02,5.57777496317209895e-02
59,2.39583333333333315e-01,9.37500000000000139e-03,1.81430758519523323e+01,3.19102637017582897e-06,1.81430758519526130e+01,4.17500908859507181e+04,1.83930096808136412e+00,1.58391402866326680e+05,3.00000000000000000e+02,5.86369573852469905e-02
60,2.60416666666666630e-01,9.37500000000000139e-03,1.81360433783470825e+01,-3.46643362308881020e-06,1.81360433783474129e+01,4.39992094656295667e+04,1.82488647887255873e+00,1.57150099128110392e+05,3.00000000000000000e+02,5.68151486117527346e-02
61,2.81250000000000000e-01,9.37500000000000139e-03,1.81429734092167045e+01,3.72482815266751655e-06,1.81429734092170882e+01,3.94168594339371266e+04,1.81163801579996320e+00,1.56009207730613824e+05,3.00000000000000000e+02,5.95050496662303530e-02
62,3.02083333333333315e-01,9.37500000000000139e-03,1.81361531159636868e+01,-3.94458868861365667e-06,1.81361531159641167e+01,4.16624718058321960e+04,1.79178058522652095e+00,1.54299185096781846e+05,3.00000000000000000e+02,5.78959249566312062e-02
63,3.22916666666666630e-01,9.37500000000000139e-03,1.81428565992897930e+01,4.15514423010337864e-06,1.81428565992902691e+01,3.70835729606830355e+04,1.78323217030910586e+00,1.53563038346168643e+05,3.00000000000000000e+02,6.04284655772187942e-02
64,3.43750000000000000e-01,9.37500000000000139e-03,1.81362770049431816e+01,-4.37833754690036014e-06,1.81362770049437074e+01,3.93257927630654813e+04,1.75834789713889528e+00,1.51420129162115976e+05,3.00000000000000000e+02,5.90244898184363737e-02
65,3.64583333333333315e-01,9.37500000000000139e-03,1.81427256759068385e+01,4.60352079117696782e-06,1.81427256759074247e+01,3.47502243048081946e+04,1.75406638525507841e+00,1.51051426766241086e+05,3.00000000000000000e+02,6.14116726710353111e-02
66,3.85416666666666630e-01,9.37500000000000139e-03,1.81364148532537257e+01,-4.85612432288482661e-06,1.81364148532543759e+01,3.69891794472971960e+04,1.72454747600989178e+00,1.48509405896591838e+05,3.00000000000000000e+02,6.02058118847332291e-02
67,4.06250000000000000e-01,9.37500000000000139e-03,1.81425811520331983e+01,5.07150006271075643e-06,1.81425811520339053e+01,3.24168064138183981e+04,1.72412070321997279e+00,1.48472654357787949e+05,3.00000000000000000e+02,6.24597425008236729e-02
68,4.27083333333333315e-01,9.37500000000000139e-03,1.81365658575789617e+01,-5.27329778456523651e-06,1.81365658575797291e+01,3.46526387536618713e+04,1.69033579159453762e+00,1.45563266693163605e+05,3.00000000000000000e+02,6.14455148106959059e-02
69,4.47916666666666630e-01,9.37500000000000139e-03,1.81424238417645292e+01,5.49269538297808454e-06,1.81424238417653605e+01,3.00833126290073524e+04,1.69337189042395919e+00,1.45824720343859255e+05,3.00000000000000000e+02,6.35784572817225252e-02
70,4.68750000000000000e-01,9.37500000000000139e-03,1.81367294086161976e+01,-5.68203255589554805e-06,1.81367294086170894e+01,3.23161771525813092e+04,1.65566632604591213e+00,1.42577705667443719e+05,3.00000000000000000e+02,6.27499950934385653e-02
71,4.89583333333333315e-01,9.37500000000000139e-03,1.81422542315842890e+01,5.86864351834979720e-06,1.81422542315852375e+01,2.77497365510709751e+04,1.66179300688534992e+00,1.43105304787931906e+05,3.00000000000000000e+02,6.47744410663884940e-02
72,5.10416666666666630e-01,9.37500000000000139e-03,1.81369049372972810e+01,-6.07565301357211891e-06,1.81369049372982971e+01,2.99798008917812367e+04,1.62048910498490617e+00,1.39548419275775203e+05,3.00000000000000000e+02,6.41265674879990116e-02
73,5.31250000000000000e-01,9.37500000000000139e-03,1.81420729757325851e+01,6.23251855618391882e-06,1.81420729757336545e+01,2.54160721670447674e+04,1.62935289273462325e+00,1.40311724357842089e+05,3.00000000000000000e+02,6.60553207860344743e-02
74,5.52083333333333259e-01,9.37500000000000139e-03,1.81370916801319879e+01,-6.41252643103709482e-06,1.81370916801331212e+01,2.76435158706676448e+04,1.58475013643907725e+00,1.36470757999451132e+05,3.00000000000000000e+02,6.55836451292707984e-02
75,5.72916666666666630e-01,9.37500000000000139e-03,1.81418810069767567e+01,6.62790743846098305e-06,1.81418810069779681e+01,2.30823137589761354e+04,1.59601555313815635e+00,1.37440879358492326e+05,3.00000000000000000e+02,6.74299285540333887e-02
76,5.93750000000000000e-01,9.37500000000000139e-03,1.81372887174424555e+01,-6.80533953381460093e-06,1.81372887174437309e+01,2.53073275009710560e+04,1.54839073458759757e+00,1.33339668109010963e+05,3.00000000000000000e+02,6.71309646064833232e-02
77,6.14583333333333259e-01,9.37500000000000139e-03,1.81416791262464514e+01,6.91771632011358519e-06,1.81416791262477730e+01,2.07484561252662352e+04,1.56173941598144839e+00,1.34489189807242423e+05,3.00000000000000000e+02,6.89085533744226431e-02
78,6.35416666666666630e-01,9.37500000000000139e-03,1.81374952560215341e+01,-7.08613988328575393e-06,1.81374952560229161e+01,2.29712408314789500e+04,1.51134670175680474e+00,1.30149621221787238e+05,3.00000000000000000e+02,6.87798715913000708e-02
79,6.56250000000000000e-01,9.37500000000000139e-03,1.81414681464897463e+01,7.23447141229054161e-06,1.81414681464911887e+01,1.84144944244047001e+04,1.52647642449286658e+00,1.31452517295203201e+05,3.00000000000000000e+02,7.05032630557295148e-02
80,6.77083333333333259e-01,9.37500000000000139e-03,1.81377104619051224e+01,-7.30903323037747968e-06,1.81377104619065967e+01,2.06352604804243383e+04,1.47354732502428365e+00,1.26894527894466184e+05,3.00000000000000000e+02,7.05436837735884670e-02
81,6.97916666666666630e-01,9.37500000000000139e-03,1.81412489683948479e+01,7.44095614644197538e-06,1.81412489683963756e+01,1.60804242533684173e+04,1.49017092343323498e+00,1.28326069071453036e+05,3.00000000000000000e+02,7.22283161072681951e-02
82,7.18750000000000000e-01,9.37500000000000139e-03,1.81379333916300958e+01,-7.54588828774669894e-06,1.81379333916316661e+01,1.82993906184135813e+04,1.43491413896787079e+00,1.23567631077218190e+05,3.00000000000000000e+02,7.24381607612369499e-02
83,7.39583333333333259e-01,9.37500000000000139e-03,1.81410225188334309e+01,7.67003291054315437e-06,1.81410225188350545e+01,1.37462416894212038e+04,1.45275827400698221e+00,1.25104278766111267e+05,3.00000000000000000e+02,7.41006977463671695e-02
84,7.60416666666666630e-01,9.37500000000000139e-03,1.81381631729601018e+01,-7.77609968236278536e-06,1.81381631729617681e+01,1.59636349389574134e+04,1.39535937737753168e+00,1.20161372782866150e+05,3.00000000000000000e+02,7.44821179466335498e-02
85,7.81250000000000000e-01,9.37500000000000139e-03,1.81407896499148080e+01,7.86560867115895794e-06,1.81407896499165133e+01,1.14119432518309623e+04,1.41416311537126349e+00,1.21780656680196349e+05,3.00000000000000000e+02,7.61408247514543529e-02
86,8.02083333333333259e-01,9.37500000000000139e-03,1.81383988876319293e+01,-7.94383563180248774e-06,1.81383988876336701e+01,1.36279967057557351e+04,1.35478402024413702e+00,1.16667225903323852e+05,3.00000000000000000e+02,7.66982411962943700e-02
87,8.22916666666666630e-01,9.37500000000000139e-03,1.81405513675408692e+01,8.02833545391676539e-06,1.81405513675426455e+01,9.07752591523282717e+03,1.37429715177201506e+00,1.18347599224847072e+05,3.00000000000000000e+02,7.83734881134410394e-02
88,8.43750000000000000e-01,9.37500000000000139e-03,1.81386394814763641e+01,-8.10808528490710104e-06,1.81386394814781760e+01,1.12924786841644054e+04,1.31307529386570887e+00,1.13075478931245525e+05,3.00000000000000000e+02,7.91141845442650676e-02
89,8.64583333333333259e-01,9.37500000000000139e-03,1.81403087404741754e+01,8.14981038728466996e-06,1.81403087404760051e+01,6.74298718285341511e+03,1.33305629806125769e+00,1.14796143107545213e+05,3.00000000000000000e+02,8.08291357701934471e-02
90,8.85416666666666630e-01,9.37500000000000139e-03,1.81388838759049094e+01,-8.19237286934322226e-06,1.81388838759067603e+01,8.95708310128751145e+03,1.27010341570947394e+00,1.09374955643821348e+05,3.00000000000000000e+02,8.17640915236840099e-02
91,9.06250000000000000e-01,9.37500000000000139e-03,1.81400628325547615e+01,8.23434291163453906e-06,1.81400628325566302e+01,4.40832510523660676e+03,1.29031693987250295e+00,1.11115643277120587e+05,3.00000000000000000e+02,8.35456756044248572e-02
92,9.27083333333333259e-01,9.37500000000000139e-03,1.81391311063250100e+01,-8.29338071809384936e-06,1.81391311063269072e+01,6.62181164536855158e+03,1.22571714272746046e+00,1.05552631745975261e+05,3.00000000000000000e+02,8.46907525231740538e-02
93,9.47916666666666630e-01,9.37500000000000139e-03,1.81398146624151408e+01,8.17372730385035906e-06,1.81398146624169812e+01,2.07353818065530686e+03,1.24593059764795977e+00,1.07293313416454053e+05,3.00000000000000000e+02,8.65719337997743754e-02
94,9.68750000000000000e-01,9.37500000000000139e-03,1.81393809049551287e+01,-8.74844357922459054e-06,1.81393809049572390e+01,4.28666548201945807e+03,1.17973452576182947e+00,1.01592838685979950e+05,3.00000000000000000e+02,8.79521593646986066e-02
95,9.89583333333333259e-01,9.37500000000000139e-03,1.81395691277815132e+01,4.49768842725105103e-06,1.81395691277820710e+01,-2.61375334105086552e+02,1.19971027123139917e+00,1.03313050007091937e+05,3.00000000000000000e+02,8.99942527267724446e-02
96,1.04166666666666661e-02,1.56250000000000000e-02,2.48361348083112823e+01,3.15700438008240258e+00,2.50359794869797518e+01,5.82029300372426733e+04,2.02138438085931860e+00,1.74071515957700205e+05,3.00000000000000000e+02,7.04813348254742789e-02
97,3.12500000000000000e-02,1.56250000000000000e-02,2.54290577227744450e+01,4.26701407999658999e-01,2.54326375108792746e+01,5.34480092081937182e+04,1.96759255731518268e+00,1.69439233073196956e+05,3.00000000000000000e+02,7.65385669113055750e-02
98,5.20833333333333287e-02,1.56250000000000000e-02,2.55763592205561423e+01,1.36688509900607019e-01,2.55767244722162559e+01,5.56925412145039008e+04,1.98691676246976701e+00,1.71103337000083993e+05,3.00000000000000000e+02,7.36817221723562316e-02
99,7.29166666666666574e-02,1.56250000000000000e-02,2.55878488141030829e+01,9.86408571590645031e-03,2.55878507153997496e+01,5.10825480292980355e+04,1.94278963659409132e+00,1.67303329555300181e+05,3.00000000000000000e+02,7.80265460991702992e-02
100,9.37500000000000000e-02,1.56250000000000000e-02,2.55772465296670468e+01,2.30556359419168593e-03,2.55772466335801774e+01,5.33468905612762755e+04,1.95478533762561479e+00,1.68336339349629823e+05,3.00000000000000000e+02,7.49235622383227912e-02
101,1.14583333333333329e-01,1.56250000000000000e-02,2.55860869916829721e+01,-1.20173537585856381e-04,2.55860869919651890e+01,4.87494946001254502e+04,1.91796985308454015e+00,1.65165973898375174e+05,3.00000000000000000e+02,7.90107617105329785e-02
102,1.35416666666666657e-01,1.56250000000000000e-02,2.55769048372113268e+01,-1.01507393865222361e-05,2.55769048372133412e+01,5.10097132338582742e+04,1.92261635100733264e+00,1.65566107066996454e+05,3.00000000000000000e+02,7.62014945183639991e-02
103,1.56250000000000000e-01,1.56250000000000000e-02,2.55858647355774131e+01,-1.10551581252713793e-05,2.55858647355798006e+01,4.64164161876393919e+04,1.89245822219633442e+00,1.62969039804437343e+05,3.00000000000000000e+02,8.00566473840258475e-02
104,1.77083333333333315e-01,1.56250000000000000e-02,2.55769736600685320e+01,-4.74278149019178702e-06,2.55769736600689725e+01,4.86728329305787411e+04,1.89026655531449217e+00,1.62780304410907498e+05,3.00000000000000000e+02,7.75286924960209289e-02
105,1.97916666666666657e-01,1.56250000000000000e-02,2.55857713116187675e+01,2.92386660241152063e-06,2.55857713116189345e+01,4.40832734533758921e+04,1.86623988742521152e+00,1.60711247905622091e+05,3.00000000000000000e+02,8.11646198155517307e-02
106,2.18750000000000000e-01,1.56250000000000000e-02,2.55770700022738176e+01,-3.78933300411847254e-06,2.55770700022740982e+01,4.63359999324454329e+04,1.85770038468997578e+00,1.59975868627577263e+05,3.00000000000000000e+02,7.89077102283644999e-02
107,2.39583333333333315e-01,1.56250000000000000e-02,2.55856655586145294e+01,4.04779103073855967e-06,2.55856655586148491e+01,4.17500893129223768e+04,1.83930519938890868e+00,1.58391767245375871e+05,3.00000000000000000e+02,8.23386227468281967e-02
108,2.60416666666666630e-01,1.56250000000000000e-02,2.55771847654385027e+01,-4.40222587434968020e-06,2.55771847654388793e+01,4.39992111610052089e+04,1.82488281528218677e+00,1.57149783638025518e+05,3.00000000000000000e+02,8.03433923209628670e-02
109,2.81250000000000000e-01,1.56250000000000000e-02,2.55855416673628788e+01,4.70385897024486876e-06,2.55855416673633123e+01,3.94168576216785223e+04,1.81164206761809532e+00,1.56009556652932282e+05,3.00000000000000000e+02,8.35835888084156126e-02
110,3.02083333333333315e-01,1.56250000000000000e-02,2.55773173644021057e+01,-5.01324020534344451e-06,2.55773173644025960e+01,4.16624737444758866e+04,1.79177713368416280e+00,1.54298887867211684e+05,3.00000000000000000e+02,8.18412289771360962e-02
111,3.22916666666666630e-01,1.56250000000000000e-02,2.55854005134025826e+01,5.27788945052629075e-06,2.55854005134031262e+01,3.70835709114496858e+04,1.78323604894331300e+00,1.53563372354753403e+05,3.00000000000000000e+02,8.49050871995681161e-02
112,3.43750000000000000e-01,1.56250000000000000e-02,2.55774670417113903e+01,-5.57273615709832337e-06,2.55774670417119978e+01,3.93257949294490463e+04,1.75834465779302884e+00,1.51419850205846684e+05,3.00000000000000000e+02,8.34073827511685739e-02
113,3.64583333333333315e-01,1.56250000000000000e-02,2.55852423142676777e+01,5.85523067279161471e-06,2.55852423142683492e+01,3.47502220281690024e+04,1.75407009721886498e+00,1.51051746422002558e+05,3.00000000000000000e+02,8.63094105388028943e-02
114,3.85416666666666630e-01,1.56250000000000000e-02,2.55776335559429100e+01,-6.15735904017078999e-06,2.55776335559436490e+01,3.69891818309039299e+04,1.72454444931071560e+00,1.48509145252392278e+05,3.00000000000000000e+02,8.50487980096518992e-02
115,4.06250000000000000e-01,1.56250000000000000e-02,2.55850677361304051e+01,6.44087125101957708e-06,2.55850677361312151e+01,3.24168039291149107e+04,1.72412425547173109e+00,1.48472960259948130e+05,3.00000000000000000e+02,8.78036975799342673e-02
116,4.27083333333333315e-01,1.56250000000000000e-02,2.55778159364758793e+01,-6.70415373873705315e-06,2.55778159364767568e+01,3.46526413374120530e+04,1.69033297841790953e+00,1.45563024436458276e+05,3.00000000000000000e+02,8.67733361716166579e-02
117,4.47916666666666630e-01,1.56250000000000000e-02,2.55848777273988297e+01,6.96248779862962652e-06,2.55848777273997747e+01,3.00833098988653182e+04,1.69337529076372273e+00,1.45825013164117991e+05,3.00000000000000000e+02,8.93960822363230739e-02
118,4.68750000000000000e-01,1.56250000000000000e-02,2.55780133886958865e+01,-7.22365984539721769e-06,2.55780133886969061e+01,3.23161799672942980e+04,1.65566372793722527e+00,1.42577481931314163e+05,3.00000000000000000e+02,8.85899410410889016e-02
119,4.89583333333333315e-01,1.56250000000000000e-02,2.55846729067839220e+01,7.45680056074651537e-06,2.55846729067850092e+01,2.77497336727062029e+04,1.66179626360144317e+00,1.43105585240038286e+05,3.00000000000000000e+02,9.10958770531245937e-02
120,5.10416666666666630e-01,1.56250000000000000e-02,2.55782253555884971e+01,-7.72954116297992510e-06,2.55782253555896659e+01,2.99798038840175323e+04,1.62048672422683704e+00,1.39548214256794075e+05,3.00000000000000000e+02,9.05088416763185216e-02
121,5.31250000000000000e-01,1.56250000000000000e-02,2.55844540623923962e+01,7.94443974455249575e-06,2.55844540623936290e+01,2.54160691103206154e+04,1.62935601501225702e+00,1.40311993232780515e+05,3.00000000000000000e+02,9.29137983942778939e-02
122,5.52083333333333259e-01,1.56250000000000000e-02,2.55784508113308107e+01,-8.11000011626485393e-06,2.55784508113320967e+01,2.76435190090222786e+04,1.58474797583941096e+00,1.36470571939410875e+05,3.00000000000000000e+02,9.25418043030980242e-02
123,5.72916666666666630e-01,1.56250000000000000e-02,2.55842222624847686e+01,8.33464682027425213e-06,2.55842222624861257e+01,2.30823105345398726e+04,1.59601855163199602e+00,1.37441137573789340e+05,3.00000000000000000e+02,9.48622487366117123e-02
124,5.93750000000000000e-01,1.56250000000000000e-02,2.55786886593645981e+01,-8.61032507780314878e-06,2.55786886593660476e+01,2.53073308145996925e+04,1.54838879891539682e+00,1.33339501418599393e+05,3.00000000000000000e+02,9.47024469967642085e-02
125,6.14583333333333259e-01,1.56250000000000000e-02,2.55839785588593749e+01,8.76881417622557036e-06,2.55839785588608777e+01,2.07484527335990715e+04,1.56174230266805614e+00,1.34489438394259661e+05,3.00000000000000000e+02,9.69556688833764918e-02
126,6.35416666666666630e-01,1.56250000000000000e-02,2.55789379734462976e+01,-8.97164010181322139e-06,2.55789379734478715e+01,2.29712443010455936e+04,1.51134499671102085e+00,1.30149474391769560e+05,3.00000000000000000e+02,9.70066380811368673e-02
127,6.56250000000000000e-01,1.56250000000000000e-02,2.55837238856901976e+01,9.15605686825974193e-06,2.55837238856918354e+01,1.84144908840402932e+04,1.52647921322462454e+00,1.31452757446838543e+05,3.00000000000000000e+02,9.92109869700504438e-02
128,6.77083333333333259e-01,1.56250000000000000e-02,2.55791977141717020e+01,-9.28654566277426158e-06,2.55791977141733895e+01,2.06352640876585465e+04,1.47354585940814986e+00,1.26894401682932817e+05,3.00000000000000000e+02,9.94730031967858419e-02
129,6.97916666666666630e-01,1.56250000000000000e-02,2.55834593336608194e+01,9.44043400004230924e-06,2.55834593336625602e+01,1.60804205886410909e+04,1.49017363035736672e+00,1.28326302178224636e+05,3.00000000000000000e+02,1.01648193947626864e-01
130,7.18750000000000000e-01,1.56250000000000000e-02,2.55794667774020432e+01,-9.57327936118614087e-06,2.55794667774038338e+01,1.82993943442619639e+04,1.43491292306079021e+00,1.23567526369379950e+05,3.00000000000000000e+02,1.02123580713149295e-01
131,7.39583333333333259e-01,1.56250000000000000e-02,2.55831860217047051e+01,9.73158320845983491e-06,2.55831860217065561e+01,1.37462379149416738e+04,1.45276091900627180e+00,1.25104506540225091e+05,3.00000000000000000e+02,1.04291090783390439e-01
132,7.60416666666666630e-01,1.56250000000000000e-02,2.55797440765265769e+01,-9.86202170520183614e-06,2.55797440765284811e+01,1.59636387653642923e+04,1.39535842524305531e+00,1.20161290789805702e+05,3.00000000000000000e+02,1.04984678446699203e-01
133,7.81250000000000000e-01,1.56250000000000000e-02,2.55829049835318187e+01,9.98839003676246159e-06,2.55829049835337692e+01,1.14119393821824833e+04,1.41416572160803145e+00,1.21780881116275632e+05,3.00000000000000000e+02,1.07168271955211045e-01
134,8.02083333333333259e-01,1.56250000000000000e-02,2.55800285351181174e+01,-1.00881477797505210e-05,2.55800285351201069e+01,1.36280006171870373e+04,1.35478335131888095e+00,1.16667168298825432e+05,3.00000000000000000e+02,1.08088008475050304e-01
135,8.22916666666666630e-01,1.56250000000000000e-02,2.55826174320181110e+01,1.01797285075322724e-05,2.55826174320201361e+01,9.07752196091763835e+03,1.37429974882525974e+00,1.18347822870087242e+05,3.00000000000000000e+02,1.10314439181414814e-01
136,8.43750000000000000e-01,1.56250000000000000e-02,2.55803188432998247e+01,-1.02713675565978478e-05,2.55803188433018889e+01,1.12924826721377794e+04,1.31307493448909929e+00,1.13075447983528778e+05,3.00000000000000000e+02,1.11472216369899207e-01
137,8.64583333333333259e-01,1.56250000000000000e-02,2.55823246665946371e+01,1.03425089595940256e-05,2.55823246665967297e+01,6.74298316709924620e+03,1.33305893293563549e+00,1.14796370009752252e+05,3.00000000000000000e+02,1.13772183656216330e-01
138,8.85416666666666630e-01,1.56250000000000000e-02,2.55806137430680351e+01,-1.04051621546571278e-05,2.55806137430701526e+01,8.95708713881557014e+03,1.27010341439260843e+00,1.09374955530419480e+05,3.00000000000000000e+02,1.15184956739787972e-01
139,9.06250000000000000e-01,1.56250000000000000e-02,2.55820279511285023e+01,1.04475399849792960e-05,2.55820279511306374e+01,4.40832103717158134e+03,1.29031967664107894e+00,1.11115878953946507e+05,3.00000000000000000e+02,1.17594443147961233e-01
140,9.27083333333333259e-01,1.56250000000000000e-02,2.55809119712866639e+01,-1.05209936031278811e-05,2.55809119712888275e+01,6.62181571862612145e+03,1.22571780494364058e+00,1.05552688772721609e+05,3.00000000000000000e+02,1.19285825028684692e-01
141,9.47916666666666630e-01,1.56250000000000000e-02,2.55817284331770658e+01,1.03299769400211851e-05,2.55817284331791512e+01,2.07353417900373961e+03,1.24593405640475563e+00,1.07293611267295535e+05,3.00000000000000000e+02,1.21847654329618013e-01
142,9.68750000000000000e-01,1.56250000000000000e-02,2.55812120136083934e+01,-1.10481745750347615e-05,2.55812120136107808e+01,4.28666962367162887e+03,1.17974093963694227e+00,1.01593391016835289e+05,3.00000000000000000e+02,1.23849181889087889e-01
143,9.89583333333333259e-01,1.56250000000000000e-02,2.55814290782370612e+01,5.68295560364330336e-06,2.55814290782376936e+01,-2.61377774624287952e+02,1.19972392337100842e+00,1.03314225661094388e+05,3.00000000000000000e+02,1.26600798356265032e-01
144,1.04166666666666661e-02,2.18750000000000021e-02,2.72281515403955190e+01,1.58433518593067379e+00,2.72742067581831016e+01,5.77855721274488023e+04,2.01644790709459398e+00,1.73646411519450950e+05,3.00000000000000000e+02,7.66154145477635495e-02
145,3.12500000000000000e-02,2.18750000000000021e-02,2.85763068066534416e+01,1.80428374256606794e-01,2.85768764056924987e+01,5.34763258892299054e+04,1.96801697664999486e+00,1.69475781944214308e+05,3.00000000000000000e+02,8.56269188199999809e-02
146,5.20833333333333287e-02,2.18750000000000021e-02,2.92519356412861846e+01,7.83713089661088602e-02,2.92520406266642894e+01,5.56765793839997204e+04,1.98676017266964400e+00,1.71089852269446390e+05,3.00000000000000000e+02,8.43778357946756846e-02
147,7.29166666666666574e-02,2.18750000000000021e-02,2.92931457963526363e+01,4.03345583594717869e-03,2.92931460740415872e+01,5.10848862661711901e+04,1.94282412160400697e+00,1.67306299231929064e+05,3.00000000000000000e+02,8.90774997803741170e-02
148,9.37500000000000000e-02,2.18750000000000021e-02,2.92982970137406440e+01,1.87224093959603623e-03,2.92982970735612902e+01,5.33463152829773098e+04,1.95477954775448470e+00,1.68335840754877456e+05,3.00000000000000000e+02,8.59910235860519429e-02
149,1.14583333333333329e-01,2.18750000000000021e-02,2.93070265763644429e+01,-8.93610449834772571e-05,2.93070265765006788e+01,4.87495983201722702e+04,1.91797273727833484e+00,1.65166222270723811e+05,3.00000000000000000e+02,9.02743304542197728e-02
150,1.35416666666666657e-01,2.18750000000000021e-02,2.92976523993776929e+01,3.22890564894942028e-05,2.92976523993954885e+01,5.10096878250555019e+04,1.92261470785204391e+00,1.65565965566678758e+05,3.00000000000000000e+02,8.74396589565496207e-02
151,1.56250000000000000e-01,2.18750000000000021e-02,2.93070378263886333e+01,-7.60896601067321889e-06,2.93070378263896210e+01,4.64164200480971922e+04,1.89245972464365741e+00,1.62969169187688560e+05,3.00000000000000000e+02,9.14857452244665359e-02
152,1.77083333333333315e-01,2.18750000000000021e-02,2.92976616971027148e+01,5.01651657164801560e-07,2.92976616971027184e+01,4.86728314507946197e+04,1.89026516789667087e+00,1.62780184933421813e+05,3.00000000000000000e+02,8.89439488017596397e-02
153,1.97916666666666657e-01,2.18750000000000021e-02,2.93069434627736705e+01,2.39812196956090398e-07,2.93069434627736705e+01,4.40832738554715324e+04,1.86624128848993376e+00,1.60711368558310642e+05,3.00000000000000000e+02,9.27670016331803432e-02
154,2.18750000000000000e-01,2.18750000000000021e-02,2.92977609507385885e+01,-4.93262815671507503e-07,2.92977609507385921e+01,4.63359995455717290e+04,1.85769907861849548e+00,1.59975756155231735e+05,3.00000000000000000e+02,9.05083918993331848e-02
155,2.39583333333333315e-01,2.18750000000000021e-02,2.93068319543628100e+01,6.12010216786185834e-07,2.93068319543628171e+01,4.17500896603003566e+04,1.83930653461865412e+00,1.58391882228685397e+05,3.00000000000000000e+02,9.41231164259034719e-02
156,2.60416666666666630e-01,2.18750000000000021e-02,2.92978821654882289e+01,-6.88108171062598721e-07,2.92978821654882360e+01,4.39992107925057862e+04,1.82488157880809498e+00,1.57149677159059094e+05,3.00000000000000000e+02,9.21382732203430144e-02
157,2.81250000000000000e-01,2.18750000000000021e-02,2.93067010724911583e+01,7.34881687810639123e-07,2.93067010724911690e+01,3.94168580154745869e+04,1.81164333913439379e+00,1.56009666149558325e+05,3.00000000000000000e+02,9.55597136790667379e-02
158,3.02083333333333315e-01,2.18750000000000021e-02,2.92980222439431515e+01,-7.81091201675414415e-07,2.92980222439431621e+01,4.16624733213098589e+04,1.79177596523457305e+00,1.54298787246175256e+05,3.00000000000000000e+02,9.38398379051198078e-02
159,3.22916666666666630e-01,2.18750000000000021e-02,2.93065519524960862e+01,8.00742499142235805e-07,2.93065519524960969e+01,3.70835713614405759e+04,1.78323725840743808e+00,1.53563476507756539e+05,3.00000000000000000e+02,9.70831672649097449e-02
160,3.43750000000000000e-01,2.18750000000000021e-02,2.92981803661026881e+01,-8.34636875536423167e-07,2.92981803661026987e+01,3.93257944529384986e+04,1.75834355630747785e+00,1.51419755351418455e+05,3.00000000000000000e+02,9.56201110161143397e-02
161,3.64583333333333315e-01,2.18750000000000021e-02,2.93063848309678754e+01,8.78540820078287855e-07,2.93063848309678896e+01,3.47502225283516091e+04,1.75407124651712598e+00,1.51051845393822296e+05,3.00000000000000000e+02,9.87006774863969094e-02
162,3.85416666666666630e-01,2.18750000000000021e-02,2.92983562574848229e+01,-9.39725529326416897e-07,2.92983562574848371e+01,3.69891813089927309e+04,1.72454341392323429e+00,1.48509056089999329e+05,3.00000000000000000e+02,9.74870102493228946e-02
163,4.06250000000000000e-01,2.18750000000000021e-02,2.93062004364225253e+01,1.01729771781823749e-06,2.93062004364225430e+01,3.24168044691675350e+04,1.72412534658608529e+00,1.48473054221260740e+05,3.00000000000000000e+02,1.00420410348671482e-01
164,4.27083333333333315e-01,2.18750000000000021e-02,2.92985488538822914e+01,-1.05047444775707772e-06,2.92985488538823091e+01,3.46526407823987684e+04,1.69033200820716578e+00,1.45562940886760072e+05,3.00000000000000000e+02,9.94494997617101917e-02
165,4.47916666666666630e-01,2.18750000000000021e-02,2.93059997728492228e+01,1.03766898951393797e-06,2.93059997728492405e+01,3.00833105161673520e+04,1.69337632547966677e+00,1.45825102268681512e+05,3.00000000000000000e+02,1.02251667317352204e-01
166,4.68750000000000000e-01,2.18750000000000021e-02,2.92987574184860513e+01,-1.07894522129140050e-06,2.92987574184860691e+01,3.23161793440906149e+04,1.65566282219226357e+00,1.42577403933086782e+05,3.00000000000000000e+02,1.01517778529340949e-01
167,4.89583333333333315e-01,2.18750000000000021e-02,2.93057834511488409e+01,1.15939917700270346e-06,2.93057834511488657e+01,2.77497342953154293e+04,1.66179724412238872e+00,1.43105669677599508e+05,3.00000000000000000e+02,1.04205094471676876e-01
168,5.10416666666666630e-01,2.18750000000000021e-02,2.92989812445970124e+01,-1.20579139400263012e-06,2.92989812445970372e+01,2.99798032296175224e+04,1.62048588232913637e+00,1.39548141756773577e+05,3.00000000000000000e+02,1.03703511881381175e-01
169,5.31250000000000000e-01,2.18750000000000021e-02,2.93055523595238441e+01,1.25158095085435210e-06,2.93055523595238689e+01,2.54160697620476894e+04,1.62935694369027062e+00,1.40312073205887660e+05,3.00000000000000000e+02,1.06292939399127942e-01
170,5.52083333333333259e-01,2.18750000000000021e-02,2.92992193074008860e+01,-1.25220312367954452e-06,2.92992193074009144e+01,2.76435183252755742e+04,1.58474719765358230e+00,1.36470504925938236e+05,3.00000000000000000e+02,1.06020118408316419e-01
171,5.72916666666666630e-01,2.18750000000000021e-02,2.93053075780487085e+01,1.28573004407894131e-06,2.93053075780487369e+01,2.30823112441471239e+04,1.59601943067837282e+00,1.37441213272868074e+05,3.00000000000000000e+02,1.08529372626677598e-01
172,5.93750000000000000e-01,2.18750000000000021e-02,2.92994704556865528e+01,-1.35156117159659852e-06,2.92994704556865848e+01,2.53073300956059466e+04,1.54838808392144078e+00,1.33339439846894878e+05,3.00000000000000000e+02,1.08483128571846846e-01
173,6.14583333333333259e-01,2.18750000000000021e-02,2.93050502704818108e+01,1.35663378855824683e-06,2.93050502704818427e+01,2.07484534716237540e+04,1.56174313461413683e+00,1.34489510037296393e+05,3.00000000000000000e+02,1.10930889085775197e-01
174,6.35416666666666630e-01,2.18750000000000021e-02,2.92997336924702658e+01,-1.39072821527829887e-06,2.92997336924703013e+01,2.29712435441417110e+04,1.51134434517380156e+00,1.30149418284641913e+05,3.00000000000000000e+02,1.11110638735103295e-01
175,6.56250000000000000e-01,2.18750000000000021e-02,2.93047813817404474e+01,1.41830304426572024e-06,2.93047813817404830e+01,1.84144916562233375e+04,1.52648000096872360e+00,1.31452825283421640e+05,3.00000000000000000e+02,1.13516819869820901e-01
176,6.77083333333333259e-01,2.18750000000000021e-02,2.93000079332855812e+01,-1.42277386862170061e-06,2.93000079332856167e+01,2.06352632983053227e+04,1.47354527070108587e+00,1.26894350986424004e+05,3.00000000000000000e+02,1.13923888559659139e-01
177,6.97916666666666630e-01,2.18750000000000021e-02,2.93045020615200009e+01,1.42888488094991504e-06,2.93045020615200364e+01,1.60804213893401593e+04,1.49017437715629919e+00,1.28326366488814703e+05,3.00000000000000000e+02,1.16309986957102984e-01
178,7.18750000000000000e-01,2.18750000000000021e-02,2.93002920000028730e+01,-1.44459615504519496e-06,2.93002920000029086e+01,1.82993935238831073e+04,1.43491239854217412e+00,1.23567481200459326e+05,3.00000000000000000e+02,1.16948007537069715e-01
179,7.39583333333333259e-01,2.18750000000000021e-02,2.93042135071575238e+01,1.48445474362145577e-06,2.93042135071575593e+01,1.37462387385033362e+04,1.45276162782913065e+00,1.25104567580505580e+05,3.00000000000000000e+02,1.19337555143527008e-01
180,7.60416666666666630e-01,2.18750000000000021e-02,2.93005847601776033e+01,-1.52588313799296635e-06,2.93005847601776424e+01,1.59636379262039281e+04,1.39535796635798848e+00,1.20161251272918176e+05,3.00000000000000000e+02,1.20212990143343593e-01
181,7.81250000000000000e-01,2.18750000000000021e-02,2.93039168079524899e+01,1.54422887321476964e-06,2.93039168079525325e+01,1.14119402246854588e+04,1.41416639703780400e+00,1.21780939280910490e+05,3.00000000000000000e+02,1.22632150873866988e-01
182,8.02083333333333259e-01,2.18750000000000021e-02,2.93008850502072669e+01,-1.56262090523934250e-06,2.93008850502073095e+01,1.36279997640930487e+04,1.35478295978812402e+00,1.16667134582154307e+05,3.00000000000000000e+02,1.23754987754696663e-01
183,8.22916666666666630e-01,2.18750000000000021e-02,2.93036132509153653e+01,1.56464410543422745e-06,2.93036132509154079e+01,9.07752282920089601e+03,1.37430039559662598e+00,1.18347878566803440e+05,3.00000000000000000e+02,1.26233357311158173e-01
184,8.43750000000000000e-01,2.18750000000000021e-02,2.93011915256902533e+01,-1.56769983176294180e-06,2.93011915256902959e+01,1.12924817978503870e+04,1.31307461306560902e+00,1.13075420304144922e+05,3.00000000000000000e+02,1.27618044463429864e-01
185,8.64583333333333259e-01,2.18750000000000021e-02,2.93033041906553251e+01,1.57369212815207301e-06,2.93033041906553677e+01,6.74298404439719252e+03,1.33305955288342370e+00,1.14796423396556027e+05,3.00000000000000000e+02,1.30189741014299254e-01
186,8.85416666666666630e-01,2.18750000000000021e-02,2.93015028172749830e+01,-1.58272101721446875e-06,2.93015028172750256e+01,8.95708625956220385e+03,1.27010316377471200e+00,1.09374933948459322e+05,3.00000000000000000e+02,1.31856464131544976e-01
187,9.06250000000000000e-01,2.18750000000000021e-02,2.93029909721066275e+01,1.61246720865414604e-06,2.93029909721066737e+01,4.40832193796114461e+03,1.29032026467191008e+00,1.11115929592221539e+05,3.00000000000000000e+02,1.34561625120526329e-01
188,9.27083333333333259e-01,2.18750000000000021e-02,2.93018176372456978e+01,-1.62732170115446950e-06,2.93018176372457404e+01,6.62181482950080590e+03,1.22571763314487714e+00,1.05552673978271094e+05,3.00000000000000000e+02,1.36538066415255205e-01
189,9.47916666666666630e-01,2.18750000000000021e-02,2.93026747797443150e+01,1.60885120712541180e-06,2.93026747797443576e+01,2.07353503962438299e+03,1.24593444637869966e+00,1.07293644849901728e+05,3.00000000000000000e+02,1.39423677300676535e-01
190,9.68750000000000000e-01,2.18750000000000021e-02,2.93021339153603009e+01,-1.75577698895014179e-06,2.93021339153603542e+01,4.28666869760929148e+03,1.17974278744397476e+00,1.01593550140737891e+05,3.00000000000000000e+02,1.41743590794809610e-01
191,9.89583333333333259e-01,2.18750000000000021e-02,2.93023576089932760e+01,5.53917824564861041e-07,2.93023576089932796e+01,-2.61377109761440806e+02,1.19972663804316504e+00,1.03314459435087163e+05,3.00000000000000000e+02,1.44825941740127473e-01
192,1.04166666666666661e-02,2.81250000000000007e-02,2.72281515399276230e+01,-1.58433518925800554e+00,2.72742067579092797e+01,5.77855721279809150e+04,2.01644790709312183e+00,1.73646411519324174e+05,3.00000000000000000e+02,7.66154145484748694e-02
193,3.12500000000000000e-02,2.81250000000000007e-02,2.85763068070658761e+01,-1.80428367521587779e-01,2.85768764060624036e+01,5.34763258891634978e+04,1.96801697664800357e+00,1.69475781944042828e+05,3.00000000000000000e+02,8.56269188143158888e-02
194,5.20833333333333287e-02,2.81250000000000007e-02,2.92519356375755564e+01,-7.83713194241494188e-02,2.92520406229816921e+01,5.56765793898358315e+04,1.98676017268883220e+00,1.71089852271098789e+05,3.00000000000000000e+02,8.43778357984258515e-02
195,7.29166666666666574e-02,2.81250000000000007e-02,2.92931457959941923e+01,-4.03345933266872295e-03,2.92931460736836264e+01,5.10848862767578466e+04,1.94282412155507811e+00,1.67306299227715557e+05,3.00000000000000000e+02,8.90774997850966171e-02
196,9.37500000000000000e-02,2.81250000000000007e-02,2.92982970166860817e+01,-1.87224118545772662e-03,2.92982970765067456e+01,5.33463152871141792e+04,1.95477954775783713e+00,1.68335840755166137e+05,3.00000000000000000e+02,8.59910235818557439e-02
197,1.14583333333333329e-01,2.81250000000000007e-02,2.93070265767016984e+01,8.93739532434163167e-05,2.93070265768379770e+01,4.87495983260863941e+04,1.91797273725304573e+00,1.65166222268546029e+05,3.00000000000000000e+02,9.02743304541685082e-02
198,1.35416666666666657e-01,2.81250000000000007e-02,2.92976524045056905e+01,-3.23166056983153089e-05,2.92976524045235145e+01,5.10096878267444481e+04,1.92261470790109246e+00,1.65565965570902568e+05,3.00000000000000000e+02,8.74396589480238712e-02
199,1.56250000000000000e-01,2.81250000000000007e-02,2.93070378284786344e+01,7.61629774549627322e-06,2.93070378284796220e+01,4.64164200436222964e+04,1.89245972470005164e+00,1.62969169192544941e+05,3.00000000000000000e+02,9.14857452367448393e-02
200,1.77083333333333315e-01,2.81250000000000007e-02,2.92976616929328628e+01,-4.96875032119159871e-07,2.92976616929328664e+01,4.86728314447904122e+04,1.89026516786909538e+00,1.62780184931047144e+05,3.00000000000000000e+02,8.89439487994281575e-02
201,1.97916666666666657e-01,2.81250000000000007e-02,2.93069434606303325e+01,-2.67391107423335850e-07,2.93069434606303361e+01,4.40832738628886727e+04,1.86624128853234650e+00,1.60711368561963027e+05,3.00000000000000000e+02,9.27670016256837565e-02
202,2.18750000000000000e-01,2.81250000000000007e-02,2.92977609547665985e+01,5.47102957056264430e-07,2.92977609547666056e+01,4.63359995520412049e+04,1.85769907859488193e+00,1.59975756153198250e+05,3.00000000000000000e+02,9.05083919017015681e-02
203,2.39583333333333315e-01,2.81250000000000007e-02,2.93068319498146934e+01,-6.40172660172309221e-07,2.93068319498147005e+01,4.17500896615205493e+04,1.83930653465868832e+00,1.58391882232132950e+05,3.00000000000000000e+02,9.41231164272512411e-02
204,2.60416666666666630e-01,2.81250000000000007e-02,2.92978821654008854e+01,6.72545793471268707e-07,2.92978821654008925e+01,4.39992107907215614e+04,1.82488157881369051e+00,1.57149677159540966e+05,3.00000000000000000e+02,9.21382732312556185e-02
205,2.81250000000000000e-01,2.81250000000000007e-02,2.93067010676629387e+01,-7.15857776414948985e-07,2.93067010676629494e+01,3.94168580164003870e+04,1.81164333911807085e+00,1.56009666148152668e+05,3.00000000000000000e+02,9.55597136807661701e-02
206,3.02083333333333315e-01,2.81250000000000007e-02,2.92980222422906067e+01,7.68922565219009017e-07,2.92980222422906174e+01,4.16624733232434519e+04,1.79177596527131588e+00,1.54298787249339366e+05,3.00000000000000000e+02,9.38398379003568539e-02
207,3.22916666666666630e-01,2.81250000000000007e-02,2.93065519575419984e+01,-8.27284214968303733e-07,2.93065519575420090e+01,3.70835713613516200e+04,1.78323725843906655e+00,1.53563476510480221e+05,3.00000000000000000e+02,9.70831672622751163e-02
208,3.43750000000000000e-01,2.81250000000000007e-02,2.92981803639297844e+01,8.87568561067802837e-07,2.92981803639297986e+01,3.93257944511115566e+04,1.75834355635991546e+00,1.51419755355934118e+05,3.00000000000000000e+02,9.56201110017325800e-02
209,3.64583333333333315e-01,2.81250000000000007e-02,2.93063848265329483e+01,-9.28889641523462890e-07,2.93063848265329625e+01,3.47502225309970672e+04,1.75407124658209312e+00,1.51051845399416954e+05,3.00000000000000000e+02,9.87006774773063200e-02
210,3.85416666666666630e-01,2.81250000000000007e-02,2.92983562630134990e+01,9.65554121097993699e-07,2.92983562630135133e+01,3.69891813090729338e+04,1.72454341401201505e+00,1.48509056097644672e+05,3.00000000000000000e+02,9.74870102623110885e-02
211,4.06250000000000000e-01,2.81250000000000007e-02,2.93062004393712741e+01,-1.00157411579266072e-06,2.93062004393712918e+01,3.24168044606803705e+04,1.72412534663370587e+00,1.48473054225361586e+05,3.00000000000000000e+02,1.00420410353133677e-01
212,4.27083333333333315e-01,2.81250000000000007e-02,2.92985488478129454e+01,1.01766252942882772e-06,2.92985488478129632e+01,3.46526407748276979e+04,1.69033200834311947e+00,1.45562940898467728e+05,3.00000000000000000e+02,9.94494997510697726e-02
213,4.47916666666666630e-01,2.81250000000000007e-02,2.93059997753632935e+01,-1.03635647199348929e-06,2.93059997753633112e+01,3.00833105109346761e+04,1.69337632565903617e+00,1.45825102284127905e+05,3.00000000000000000e+02,1.02251667297046170e-01
214,4.68750000000000000e-01,2.81250000000000007e-02,2.92987574206978749e+01,1.11069266678913876e-06,2.92987574206978962e+01,3.23161793384676348e+04,1.65566282239279960e+00,1.42577403950355947e+05,3.00000000000000000e+02,1.01517778516293053e-01
215,4.89583333333333315e-01,2.81250000000000007e-02,2.93057834444263285e+01,-1.17948603491025850e-06,2.93057834444263534e+01,2.77497342953368934e+04,1.66179724437471665e+00,1.43105669699328719e+05,3.00000000000000000e+02,1.04205094464989101e-01
216,5.10416666666666630e-01,2.81250000000000007e-02,2.92989812405420409e+01,1.20148133466782270e-06,2.92989812405420658e+01,2.99798032393100148e+04,1.62048588261566318e+00,1.39548141781447834e+05,3.00000000000000000e+02,1.03703511881881580e-01
217,5.31250000000000000e-01,2.81250000000000007e-02,2.93055523617906744e+01,-1.23501721593644798e-06,2.93055523617906992e+01,2.54160697671277449e+04,1.62935694381516383e+00,1.40312073216642835e+05,3.00000000000000000e+02,1.06292939434895317e-01
218,5.52083333333333259e-01,2.81250000000000007e-02,2.92992193138732517e+01,1.23908064853379828e-06,2.92992193138732766e+01,2.76435183243476058e+04,1.58474719766052785e+00,1.36470504926536349e+05,3.00000000000000000e+02,1.06020118419833817e-01
219,5.72916666666666630e-01,2.81250000000000007e-02,2.93053075748451128e+01,-1.27152593003268410e-06,2.93053075748451413e+01,2.30823112417037410e+04,1.59601943082262654e+00,1.37441213285290491e+05,3.00000000000000000e+02,1.08529372638165783e-01
220,5.93750000000000000e-01,2.81250000000000007e-02,2.92994704506360897e+01,1.33834128804007484e-06,2.92994704506361217e+01,2.53073300973917940e+04,1.54838808387622584e+00,1.33339439843001193e+05,3.00000000000000000e+02,1.08483128570262183e-01
221,6.14583333333333259e-01,2.81250000000000007e-02,2.93050502727405693e+01,-1.34597323105591253e-06,2.93050502727406013e+01,2.07484534740535128e+04,1.56174313478133642e+00,1.34489510051694786e+05,3.00000000000000000e+02,1.10930889126311313e-01
222,6.35416666666666630e-01,2.81250000000000007e-02,2.92997336924724472e+01,1.39111041106379882e-06,2.92997336924724792e+01,2.29712435472003963e+04,1.51134434483426583e+00,1.30149418255402808e+05,3.00000000000000000e+02,1.11110638737778183e-01
223,6.56250000000000000e-01,2.81250000000000007e-02,2.93047813795111303e+01,-1.41963043331335465e-06,2.93047813795111658e+01,1.84144916537067911e+04,1.52648000106296311e+00,1.31452825291537069e+05,3.00000000000000000e+02,1.13516819812729333e-01
224,6.77083333333333259e-01,2.81250000000000007e-02,2.93000079277524961e+01,1.43733431535197909e-06,2.93000079277525316e+01,2.06352632990676975e+04,1.47354527099372201e+00,1.26894351011624371e+05,3.00000000000000000e+02,1.13923888585540214e-01
225,6.97916666666666630e-01,2.81250000000000007e-02,2.93045020633110269e+01,-1.47660387877244414e-06,2.93045020633110660e+01,1.60804213953964954e+04,1.49017437695614618e+00,1.28326366471578527e+05,3.00000000000000000e+02,1.16309986964846693e-01
226,7.18750000000000000e-01,2.81250000000000007e-02,2.93002920020070761e+01,1.50033127124644899e-06,2.93002920020071151e+01,1.82993935244293098e+04,1.43491239874287890e+00,1.23567481217743014e+05,3.00000000000000000e+02,1.16948007504232968e-01
227,7.39583333333333259e-01,2.81250000000000007e-02,2.93042135003465098e+01,-1.51837685811822701e-06,2.93042135003465489e+01,1.37462387434283282e+04,1.45276162797345210e+00,1.25104567592933832e+05,3.00000000000000000e+02,1.19337555170248757e-01
228,7.60416666666666630e-01,2.81250000000000007e-02,2.93005847609671655e+01,1.51262262391800683e-06,2.93005847609672045e+01,1.59636379298704960e+04,1.39535796625121855e+00,1.20161251263723680e+05,3.00000000000000000e+02,1.20212990165150496e-01
229,7.81250000000000000e-01,2.81250000000000007e-02,2.93039168079648640e+01,-1.52985149242978978e-06,2.93039168079649066e+01,1.14119402269162129e+04,1.41416639699058511e+00,1.21780939276844234e+05,3.00000000000000000e+02,1.22632150874815979e-01
230,8.02083333333333259e-01,2.81250000000000007e-02,2.93008850548009576e+01,1.53553725790521723e-06,2.93008850548009967e+01,1.36279997633409566e+04,1.35478295967239593e+00,1.16667134572188384e+05,3.00000000000000000e+02,1.23754987711456432e-01
231,8.22916666666666630e-01,2.81250000000000007e-02,2.93036132511590104e+01,-1.56620805578303646e-06,2.93036132511590530e+01,9.07752282513252067e+03,1.37430039602282217e+00,1.18347878603505334e+05,3.00000000000000000e+02,1.26233357313129457e-01
232,8.43750000000000000e-01,2.81250000000000007e-02,2.93011915193145036e+01,1.59991178280436736e-06,2.93011915193145462e+01,1.12924817982593686e+04,1.31307461292303240e+00,1.13075420291866933e+05,3.00000000000000000e+02,1.27618044491976113e-01
233,8.64583333333333259e-01,2.81250000000000007e-02,2.93033041896703246e+01,-1.60934679672970313e-06,2.93033041896703708e+01,6.74298404975115318e+03,1.33305955305528001e+00,1.14796423411355441e+05,3.00000000000000000e+02,1.30189741017547211e-01
234,8.85416666666666630e-01,2.81250000000000007e-02,2.93015028319726056e+01,1.60701360187955237e-06,2.93015028319726518e+01,8.95708624925701588e+03,1.27010316355677988e+00,1.09374933929692095e+05,3.00000000000000000e+02,1.31856464120874595e-01
235,9.06250000000000000e-01,2.81250000000000007e-02,2.93029909697358164e+01,-1.59775588799569310e-06,2.93029909697358590e+01,4.40832192339981975e+03,1.29032026497208352e+00,1.11115929618070964e+05,3.00000000000000000e+02,1.34561625108802235e-01
236,9.27083333333333259e-01,2.81250000000000007e-02,2.93018176318471788e+01,1.59859228345714611e-06,2.93018176318472214e+01,6.62181482552195121e+03,1.22571763302646497e+00,1.05552673968074028e+05,3.00000000000000000e+02,1.36538066440724720e-01
237,9.47916666666666630e-01,2.81250000000000007e-02,2.93026747779451782e+01,-1.58845826787757742e-06,2.93026747779452208e+01,2.07353504231636634e+03,1.24593444644291340e+00,1.07293644855431485e+05,3.00000000000000000e+02,1.39423677291196452e-01
238,9.68750000000000000e-01,2.81250000000000007e-02,2.93021339124148774e+01,1.74689094824595671e-06,2.93021339124149307e+01,4.28666869765146930e+03,1.17974278741694460e+00,1.01593550138410181e+05,3.00000000000000000e+02,1.41743590802030750e-01
239,9.89583333333333259e-01,2.81250000000000007e-02,2.93023576128250980e+01,-5.68477099011819263e-07,2.93023576128251051e+01,-2.61377106140171577e+02,1.19972663804185120e+00,1.03314459434974022e+05,3.00000000000000000e+02,1.44825941738178893e-01
240,1.04166666666666661e-02,3.43750000000000028e-02,2.48361348109680407e+01,-3.15700438855873955e+00,2.50359794906841557e+01,5.82029300383783848e+04,2.02138438087605454e+00,1.74071515959141427e+05,3.00000000000000000e+02,7.04813348239135551e-02
241,3.12500000000000000e-02,3.43750000000000028e-02,2.54290577205813193e+01,-4.26701385653080856e-01,2.54326375083115330e+01,5.34480092027484861e+04,1.96759255730940241e+00,1.69439233072699193e+05,3.00000000000000000e+02,7.65385669165067617e-02
242,5.20833333333333287e-02,3.43750000000000028e-02,2.55763592207992367e+01,-1.36688529108482532e-01,2.55767244725620024e+01,5.56925412131110279e+04,1.98691676244490578e+00,1.71103336997943057e+05,3.00000000000000000e+02,7.36817221675099415e-02
243,7.29166666666666574e-02,3.43750000000000028e-02,2.55878488148124745e+01,-9.86406746939045252e-03,2.55878507161021069e+01,5.10825480205346612e+04,1.94278963663885351e+00,1.67303329559154867e+05,3.00000000000000000e+02,7.80265460975859831e-02
244,9.37500000000000000e-02,3.43750000000000028e-02,2.55772465257412414e+01,-2.30556845995862807e-03,2.55772466296548089e+01,5.33468905562980799e+04,1.95478533761738982e+00,1.68336339348921523e+05,3.00000000000000000e+02,7.49235622471327578e-02
245,1.14583333333333329e-01,3.43750000000000028e-02,2.55860869877819290e+01,1.20184276170275776e-04,2.55860869880641957e+01,4.87494945945853833e+04,1.91796985308746493e+00,1.65165973898627039e+05,3.00000000000000000e+02,7.90107617145748703e-02
246,1.35416666666666657e-01,3.43750000000000028e-02,2.55769048359577660e+01,1.01317251837089965e-05,2.55769048359597733e+01,5.10097132347231236e+04,1.92261635095024408e+00,1.65566107062080264e+05,3.00000000000000000e+02,7.62014945235202357e-02
247,1.56250000000000000e-01,3.43750000000000028e-02,2.55858647356957718e+01,1.10779669290578594e-05,2.55858647356981699e+01,4.64164161917704405e+04,1.89245822214784432e+00,1.62969039800261613e+05,3.00000000000000000e+02,8.00566473731922773e-02
248,1.77083333333333315e-01,3.43750000000000028e-02,2.55769736561818846e+01,4.74524238346744616e-06,2.55769736561823251e+01,4.86728329353385707e+04,1.89026655534401677e+00,1.62780304413450009e+05,3.00000000000000000e+02,7.75286924925431276e-02
249,1.97916666666666657e-01,3.43750000000000028e-02,2.55857713220241045e+01,-2.95509909278608085e-06,2.55857713220242751e+01,4.40832734509202928e+04,1.86623988740347668e+00,1.60711247903750394e+05,3.00000000000000000e+02,8.11646198116391659e-02
250,2.18750000000000000e-01,3.43750000000000028e-02,2.55770700041646677e+01,3.83440129429298352e-06,2.55770700041649555e+01,4.63359999174510376e+04,1.85770038473937005e+00,1.59975868631830846e+05,3.00000000000000000e+02,7.89077102311430134e-02
251,2.39583333333333315e-01,3.43750000000000028e-02,2.55856655386321101e+01,-4.06733157956821034e-06,2.55856655386324334e+01,4.17500893172009091e+04,1.83930519934638670e+00,1.58391767241714086e+05,3.00000000000000000e+02,8.23386227587254854e-02
252,2.60416666666666630e-01,3.43750000000000028e-02,2.55771847768800846e+01,4.38776846824518821e-06,2.55771847768804612e+01,4.39992111646829726e+04,1.82488281527770435e+00,1.57149783637639513e+05,3.00000000000000000e+02,8.03433923294381291e-02
253,2.81250000000000000e-01,3.43750000000000028e-02,2.55855416675906362e+01,-4.67202143189406936e-06,2.55855416675910625e+01,3.94168576190877502e+04,1.81164206762055469e+00,1.56009556653144071e+05,3.00000000000000000e+02,8.35835888238869174e-02
254,3.02083333333333315e-01,3.43750000000000028e-02,2.55773173579431798e+01,4.99331498010222654e-06,2.55773173579436666e+01,4.16624737438876837e+04,1.79177713363655644e+00,1.54298887863112061e+05,3.00000000000000000e+02,8.18412289919672603e-02
255,3.22916666666666630e-01,3.43750000000000028e-02,2.55854005215610378e+01,-5.29001550133923794e-06,2.55854005215615850e+01,3.70835709151983829e+04,1.78323604887871068e+00,1.53563372349190176e+05,3.00000000000000000e+02,8.49050872026660269e-02
256,3.43750000000000000e-01,3.43750000000000028e-02,2.55774670410934419e+01,5.60725996587869590e-06,2.55774670410940566e+01,3.93257949230966187e+04,1.75834465774608262e+00,1.51419850201803900e+05,3.00000000000000000e+02,8.34073827470037943e-02
257,3.64583333333333315e-01,3.43750000000000028e-02,2.55852423062071637e+01,-5.89987565146169047e-06,2.55852423062078422e+01,3.47502220319804037e+04,1.75407009718985551e+00,1.51051746419504401e+05,3.00000000000000000e+02,8.63094105519455757e-02
258,3.85416666666666630e-01,3.43750000000000028e-02,2.55776335624311635e+01,6.16928486836700001e-06,2.55776335624319096e+01,3.69891818284699912e+04,1.72454444922956029e+00,1.48509145245403575e+05,3.00000000000000000e+02,8.50487980323273579e-02
259,4.06250000000000000e-01,3.43750000000000028e-02,2.55850677276320546e+01,-6.43013916965384904e-06,2.55850677276328646e+01,3.24168039321634860e+04,1.72412425543596326e+00,1.48472960256867984e+05,3.00000000000000000e+02,8.78036975993454483e-02
260,4.27083333333333315e-01,3.43750000000000028e-02,2.55778159281575732e+01,6.69263581954681706e-06,2.55778159281584507e+01,3.46526413526304168e+04,1.69033297827294349e+00,1.45563024423974537e+05,3.00000000000000000e+02,8.67733361810552745e-02
261,4.47916666666666630e-01,3.43750000000000028e-02,2.55848777419266895e+01,-6.96092635410215071e-06,2.55848777419276381e+01,3.00833099036884269e+04,1.69337529060743841e+00,1.45825013150659564e+05,3.00000000000000000e+02,8.93960822395960392e-02
262,4.68750000000000000e-01,3.43750000000000028e-02,2.55780133914765706e+01,7.21663948487369516e-06,2.55780133914775902e+01,3.23161799634125928e+04,1.65566372775435644e+00,1.42577481915566401e+05,3.00000000000000000e+02,8.85899410528871306e-02
263,4.89583333333333315e-01,3.43750000000000028e-02,2.55846729033417049e+01,-7.46303752991980200e-06,2.55846729033427920e+01,2.77497336772176495e+04,1.66179626337161990e+00,1.43105585220247041e+05,3.00000000000000000e+02,9.10958770507427490e-02
264,5.10416666666666630e-01,3.43750000000000028e-02,2.55782253647645135e+01,7.72853372146468103e-06,2.55782253647656788e+01,2.99798038777663387e+04,1.62048672399249982e+00,1.39548214236614120e+05,3.00000000000000000e+02,9.05088416581442540e-02
265,5.31250000000000000e-01,3.43750000000000028e-02,2.55844540515922425e+01,-7.91636350993011736e-06,2.55844540515934682e+01,2.54160691020141348e+04,1.62935601493098869e+00,1.40311993225782091e+05,3.00000000000000000e+02,9.29137983811571533e-02
266,5.52083333333333259e-01,3.43750000000000028e-02,2.55784508079656518e+01,8.07675391481317938e-06,2.55784508079669273e+01,2.76435190115238620e+04,1.58474797582774229e+00,1.36470571938406036e+05,3.00000000000000000e+02,9.25418043298122384e-02
267,5.72916666666666630e-01,3.43750000000000028e-02,2.55842222647683464e+01,-8.31759337144658243e-06,2.55842222647697000e+01,2.30823105353401443e+04,1.59601855149335137e+00,1.37441137561849959e+05,3.00000000000000000e+02,9.48622487193950537e-02
268,5.93750000000000000e-01,3.43750000000000028e-02,2.55786886583017399e+01,8.59319024597792604e-06,2.55786886583031858e+01,2.53073308135949883e+04,1.54838879895875903e+00,1.33339501422333531e+05,3.00000000000000000e+02,9.47024470044495054e-02
269,6.14583333333333259e-01,3.43750000000000028e-02,2.55839785641785760e+01,-8.75951981932136319e-06,2.55839785641800752e+01,2.07484527303590476e+04,1.56174230248917056e+00,1.34489438378854917e+05,3.00000000000000000e+02,9.69556688718852949e-02
270,6.35416666666666630e-01,3.43750000000000028e-02,2.55789379663668619e+01,8.96484736771472862e-06,2.55789379663684358e+01,2.29712442984697918e+04,1.51134499704099357e+00,1.30149474420185157e+05,3.00000000000000000e+02,9.70066380641786130e-02
271,6.56250000000000000e-01,3.43750000000000028e-02,2.55837238880194917e+01,-9.15329416924397049e-06,2.55837238880211295e+01,1.84144908855087269e+04,1.52647921313300472e+00,1.31452757438948698e+05,3.00000000000000000e+02,9.92109870293224338e-02
272,6.77083333333333259e-01,3.43750000000000028e-02,2.55791977171455827e+01,9.29665789796092788e-06,2.55791977171472702e+01,2.06352640851470023e+04,1.47354585918926206e+00,1.26894401664083300e+05,3.00000000000000000e+02,9.94730031720843372e-02
273,6.97916666666666630e-01,3.43750000000000028e-02,2.55834593376007184e+01,-9.45681654047668145e-06,2.55834593376024664e+01,1.60804205914313916e+04,1.49017363054649121e+00,1.28326302194511081e+05,3.00000000000000000e+02,1.01648193954799695e-01
274,7.18750000000000000e-01,3.43750000000000028e-02,2.55794667746157671e+01,9.60848418296476206e-06,2.55794667746175719e+01,1.82993943357616226e+04,1.43491292288813943e+00,1.23567526354512127e+05,3.00000000000000000e+02,1.02123580751390997e-01
275,7.39583333333333259e-01,3.43750000000000028e-02,2.55831860113089036e+01,-9.75729569012272659e-06,2.55831860113107616e+01,1.37462379158823405e+04,1.45276091882990155e+00,1.25104506525036981e+05,3.00000000000000000e+02,1.04291090763878255e-01
276,7.60416666666666630e-01,3.43750000000000028e-02,2.55797440900730919e+01,9.87858911491643021e-06,2.55797440900749962e+01,1.59636387647859556e+04,1.39535842534974330e+00,1.20161290798993141e+05,3.00000000000000000e+02,1.04984678413122062e-01
277,7.81250000000000000e-01,3.43750000000000028e-02,2.55829049761055352e+01,-9.98104781167086844e-06,2.55829049761074820e+01,1.14119393761019692e+04,1.41416572167434462e+00,1.21780881121986196e+05,3.00000000000000000e+02,1.07168271950648222e-01
278,8.02083333333333259e-01,3.43750000000000028e-02,2.55800285282985982e+01,1.00809625713569232e-05,2.55800285283005842e+01,1.36280006243060016e+04,1.35478335141272499e+00,1.16667168306906809e+05,3.00000000000000000e+02,1.08088008518548828e-01
279,8.22916666666666630e-01,3.43750000000000028e-02,2.55826174422725430e+01,-1.01850907116079469e-05,2.55826174422745680e+01,9.07752196406808616e+03,1.37429974844067493e+00,1.18347822836968728e+05,3.00000000000000000e+02,1.10314439187753063e-01
280,8.43750000000000000e-01,3.43750000000000028e-02,2.55803188466110392e+01,1.02905276514175182e-05,2.55803188466131068e+01,1.12924826660513354e+04,1.31307493461207114e+00,1.13075447994118513e+05,3.00000000000000000e+02,1.11472216337268240e-01
281,8.64583333333333259e-01,3.43750000000000028e-02,2.55823246582131034e+01,-1.03508784177062572e-05,2.55823246582151960e+01,6.74298317119069452e+03,1.33305893280706367e+00,1.14796369998680282e+05,3.00000000000000000e+02,1.13772183648616895e-01
282,8.85416666666666630e-01,3.43750000000000028e-02,2.55806137419681896e+01,1.03941886108754250e-05,2.55806137419702999e+01,8.95708714079205492e+03,1.27010341455642162e+00,1.09374955544526252e+05,3.00000000000000000e+02,1.15184956766375593e-01
283,9.06250000000000000e-01,3.43750000000000028e-02,2.55820279412152090e+01,-1.04432596422897085e-05,2.55820279412173406e+01,4.40832104942105525e+03,1.29031967640297207e+00,1.11115878933441942e+05,3.00000000000000000e+02,1.17594443135328894e-01
284,9.27083333333333259e-01,3.43750000000000028e-02,2.55809119787459736e+01,1.05039669204160058e-05,2.55809119787481336e+01,6.62181572641268667e+03,1.22571780502742267e+00,1.05552688779936507e+05,3.00000000000000000e+02,1.19285825021167066e-01
285,9.47916666666666630e-01,3.43750000000000028e-02,2.55817284374702325e+01,-1.03011496486616759e-05,2.55817284374723073e+01,2.07353417504526806e+03,1.24593405636160859e+00,1.07293611263579922e+05,3.00000000000000000e+02,1.21847654327948113e-01
286,9.68750000000000000e-01,3.43750000000000028e-02,2.55812120060119419e+01,1.10323508061258887e-05,2.55812120060143222e+01,4.28666962462082574e+03,1.17974093965289550e+00,1.01593391018209106e+05,3.00000000000000000e+02,1.23849181888436619e-01
287,9.89583333333333259e-01,3.43750000000000028e-02,2.55814290828266166e+01,-5.67882509600906170e-06,2.55814290828272490e+01,-2.61377775415291921e+02,1.19972392337579636e+00,1.03314225661506702e+05,3.00000000000000000e+02,1.26600798358090655e-01
288,1.04166666666666661e-02,4.06250000000000014e-02,1.91240991625806700e+01,-4.66389497086606930e+00,1.96845900409302033e+01,5.80329850309204048e+04,2.01944310004882688e+00,1.73904342560704739e+05,3.00000000000000000e+02,5.58172758846075603e-02
289,3.12500000000000000e-02,4.06250000000000014e-02,1.84137276655773618e+01,-4.02490244451667478e-01,1.84181259887896260e+01,5.34374803205398202e+04,1.96724590680515043e+00,1.69409381264525524e+05,3.00000000000000000e+02,5.59477620104293361e-02
290,5.20833333333333287e-02,4.06250000000000014e-02,1.81697800471172357e+01,-1.26016841780295236e-01,1.81702170379176238e+01,5.56815840629845261e+04,1.98679546228670700e+00,1.71092891234819777e+05,3.00000000000000000e+02,5.21349682819861743e-02
291,7.29166666666666574e-02,4.06250000000000014e-02,1.81483933963770419e+01,-4.28870953946034871e-03,1.81483939031169186e+01,5.10827223962460339e+04,1.94277756627959475e+00,1.67302290120167308e+05,3.00000000000000000e+02,5.56673604026210467e-02
292,9.37500000000000000e-02,4.06250000000000014e-02,1.81357686596793108e+01,-1.35735187071289818e-03,1.81357687104740748e+01,5.33463519015438942e+04,1.95478437984043429e+00,1.68336256869959005e+05,3.00000000000000000e+02,5.28891299201484019e-02
293,1.14583333333333329e-01,4.06250000000000014e-02,1.81432083066953176e+01,2.08133535762377193e-04,1.81432083078891431e+01,4.87495223085184189e+04,1.91796494481734814e+00,1.65165551222945942e+05,3.00000000000000000e+02,5.63269066367232396e-02
294,1.35416666666666657e-01,4.06250000000000014e-02,1.81357730686347516e+01,1.54706154376328214e-05,1.81357730686413525e+01,5.10096847091414675e+04,1.92262039472805091e+00,1.65566455292006111e+05,3.00000000000000000e+02,5.38175855470617373e-02
295,1.56250000000000000e-01,4.06250000000000014e-02,1.81432263316553026e+01,8.56264591883566227e-06,1.81432263316573241e+01,4.64164187790150900e+04,1.89245360538640717e+00,1.62968642227850447e+05,3.00000000000000000e+02,5.70513346680117661e-02
296,1.77083333333333315e-01,4.06250000000000014e-02,1.81358674920791145e+01,3.32638877789243379e-06,1.81358674920794201e+01,4.86728302824467755e+04,1.89027063081575153e+00,1.62780655372698442e+05,3.00000000000000000e+02,5.47797865686594845e-02
297,1.97916666666666657e-01,4.06250000000000014e-02,1.81431626760074387e+01,-2.44101137293851734e-06,1.81431626760076021e+01,4.40832748502752947e+04,1.86623546996454159e+00,1.60710867495996499e+05,3.00000000000000000e+02,5.78202351721718785e-02
298,2.18750000000000000e-01,4.06250000000000014e-02,1.81359484250854166e+01,2.97939573486168640e-06,1.81359484250856617e+01,4.63359983995264192e+04,1.85770425999487010e+00,1.59976202349458239e+05,3.00000000000000000e+02,5.57777496284262500e-02
299,2.39583333333333315e-01,4.06250000000000014e-02,1.81430758344628558e+01,-3.21100909119933172e-06,1.81430758344631400e+01,4.17500908892726366e+04,1.83930096813439214e+00,1.58391402870893187e+05,3.00000000000000000e+02,5.86369573829137736e-02
300,2.60416666666666630e-01,4.06250000000000014e-02,1.81360433928935549e+01,3.46047769685401010e-06,1.81360433928938853e+01,4.39992094673755273e+04,1.82488647887397204e+00,1.57150099128232105e+05,3.00000000000000000e+02,5.68151486236795900e-02
301,2.81250000000000000e-01,4.06250000000000014e-02,1.81429734030580114e+01,-3.67323736172101874e-06,1.81429734030583845e+01,3.94168594283154307e+04,1.81163801578136008e+00,1.56009207729011832e+05,3.00000000000000000e+02,5.95050496747212276e-02
302,3.02083333333333315e-01,4.06250000000000014e-02,1.81361531078924507e+01,3.91450219868939852e-06,1.81361531078928735e+01,4.16624718134238356e+04,1.79178058522533501e+00,1.54299185096679721e+05,3.00000000000000000e+02,5.78959249505479473e-02
303,3.22916666666666630e-01,4.06250000000000014e-02,1.81428566125281066e+01,-4.15809191206911147e-06,1.81428566125285826e+01,3.70835729598951366e+04,1.78323217034509152e+00,1.53563038349267561e+05,3.00000000000000000e+02,6.04284655678368407e-02
304,3.43750000000000000e-01,4.06250000000000014e-02,1.81362769977321179e+01,4.41858682516694627e-06,1.81362769977326543e+01,3.93257927597806993e+04,1.75834789716416529e+00,1.51420129164292099e+05,3.00000000000000000e+02,5.90244898196250201e-02
305,3.64583333333333315e-01,4.06250000000000014e-02,1.81427256642544528e+01,-4.64081761163372817e-06,1.81427256642550461e+01,3.47502243127322436e+04,1.75406638527015613e+00,1.51051426767539495e+05,3.00000000000000000e+02,6.14116726678202232e-02
306,3.85416666666666630e-01,4.06250000000000014e-02,1.81364148757257055e+01,4.86881843197592714e-06,1.81364148757263592e+01,3.69891794470580062e+04,1.72454747608389969e+00,1.48509405902965023e+05,3.00000000000000000e+02,6.02058118842410533e-02
307,4.06250000000000000e-01,4.06250000000000014e-02,1.81425811504368681e+01,-5.05723254235049560e-06,1.81425811504375716e+01,3.24168064051719994e+04,1.72412070322797328e+00,1.48472654358476924e+05,3.00000000000000000e+02,6.24597425018701274e-02
308,4.27083333333333315e-01,4.06250000000000014e-02,1.81365658445388185e+01,5.25536316852699586e-06,1.81365658445395823e+01,3.46526387462929415e+04,1.69033579170977344e+00,1.45563266703087138e+05,3.00000000000000000e+02,6.14455147968615348e-02
309,4.47916666666666630e-01,4.06250000000000014e-02,1.81424238491706191e+01,-5.46062259165664892e-06,1.81424238491714398e+01,3.00833126275253271e+04,1.69337189054419235e+00,1.45824720354213117e+05,3.00000000000000000e+02,6.35784572781655510e-02
310,4.68750000000000000e-01,4.06250000000000014e-02,1.81367294066119129e+01,5.68075410807906699e-06,1.81367294066128046e+01,3.23161771515137043e+04,1.65566632618232590e+00,1.42577705679190985e+05,3.00000000000000000e+02,6.27499950904112369e-02
311,4.89583333333333315e-01,4.06250000000000014e-02,1.81422542200700896e+01,-5.88167154122844896e-06,1.81422542200710417e+01,2.77497365496204511e+04,1.66179300704926880e+00,1.43105304802047787e+05,3.00000000000000000e+02,6.47744410628302986e-02
312,5.10416666666666630e-01,4.06250000000000014e-02,1.81369049512016041e+01,6.07096327870731907e-06,1.81369049512026201e+01,2.99798009002105719e+04,1.62048910518166989e+00,1.39548419292719511e+05,3.00000000000000000e+02,6.41265674925426826e-02
313,5.31250000000000000e-01,4.06250000000000014e-02,1.81420729677154853e+01,-6.21803831857786948e-06,1.81420729677165511e+01,2.54160721641044147e+04,1.62935289282684659e+00,1.40311724365783884e+05,3.00000000000000000e+02,6.60553208175316681e-02
314,5.52083333333333259e-01,4.06250000000000014e-02,1.81370916795323147e+01,6.37164573886487042e-06,1.81370916795334338e+01,2.76435158783212864e+04,1.58475013643965745e+00,1.36470757999501104e+05,3.00000000000000000e+02,6.55836451316766378e-02
315,5.72916666666666630e-01,4.06250000000000014e-02,1.81418810140507318e+01,-6.59208866782678762e-06,1.81418810140519291e+01,2.30823137527345425e+04,1.59601555324028044e+00,1.37440879367286747e+05,3.00000000000000000e+02,6.74299285587484087e-02
316,5.93750000000000000e-01,4.06250000000000014e-02,1.81372887071023605e+01,6.80035792588480457e-06,1.81372887071036359e+01,2.53073275062474495e+04,1.54839073455635790e+00,1.33339668106320751e+05,3.00000000000000000e+02,6.71309646136117322e-02
317,6.14583333333333259e-01,4.06250000000000014e-02,1.81416791306966090e+01,-6.92626100628199704e-06,1.81416791306979306e+01,2.07484561249395410e+04,1.56173941608624411e+00,1.34489189816266909e+05,3.00000000000000000e+02,6.89085534005764028e-02
318,6.35416666666666630e-01,4.06250000000000014e-02,1.81374952557930911e+01,7.07436247680273844e-06,1.81374952557944695e+01,2.29712408368023571e+04,1.51134670153813189e+00,1.30149621202956230e+05,3.00000000000000000e+02,6.87798715933297805e-02
319,6.56250000000000000e-01,4.06250000000000014e-02,1.81414681481389124e+01,-7.22361825113437076e-06,1.81414681481403512e+01,1.84144944203038431e+04,1.52647642455133004e+00,1.31452517300237785e+05,3.00000000000000000e+02,7.05032630123024889e-02
320,6.77083333333333259e-01,4.06250000000000014e-02,1.81377104571109982e+01,7.31234968350709764e-06,1.81377104571124725e+01,2.06352604813561484e+04,1.47354732522280640e+00,1.26894527911561978e+05,3.00000000000000000e+02,7.05436837885061035e-02
321,6.97916666666666630e-01,4.06250000000000014e-02,1.81412489755409645e+01,-7.45530516530473239e-06,1.81412489755424957e+01,1.60804242565579316e+04,1.49017092330445267e+00,1.28326069060362934e+05,3.00000000000000000e+02,7.22283161154273490e-02
322,7.18750000000000000e-01,4.06250000000000014e-02,1.81379333913036156e+01,7.54868812758066995e-06,1.81379333913051859e+01,1.82993906126576840e+04,1.43491413909998378e+00,1.23567631088595110e+05,3.00000000000000000e+02,7.24381607422232843e-02
323,7.39583333333333259e-01,4.06250000000000014e-02,1.81410225081613241e+01,-7.68104689354597328e-06,1.81410225081629513e+01,1.37462416978234778e+04,1.45275827409141667e+00,1.25104278773382350e+05,3.00000000000000000e+02,7.41006977710850501e-02
324,7.60416666666666630e-01,4.06250000000000014e-02,1.81381631814961146e+01,7.79301652367518741e-06,1.81381631814977879e+01,1.59636349382689623e+04,1.39535937730877446e+00,1.20161372776945122e+05,3.00000000000000000e+02,7.44821179569661318e-02
325,7.81250000000000000e-01,4.06250000000000014e-02,1.81407896421362906e+01,-7.85834968662944186e-06,1.81407896421379924e+01,1.14119432536064178e+04,1.41416311534592265e+00,1.21780656678014129e+05,3.00000000000000000e+02,7.61408247491984214e-02
326,8.02083333333333259e-01,4.06250000000000014e-02,1.81383988900997686e+01,7.94919669376491292e-06,1.81383988901015130e+01,1.36279967074392753e+04,1.35478402016666077e+00,1.16667225896651988e+05,3.00000000000000000e+02,7.66982411643916673e-02
327,8.22916666666666630e-01,4.06250000000000014e-02,1.81405513756381644e+01,-8.02107671019568384e-06,1.81405513756399372e+01,9.07752591190571547e+03,1.37429715204763570e+00,1.18347599248582148e+05,3.00000000000000000e+02,7.83734881173929337e-02
328,8.43750000000000000e-01,4.06250000000000014e-02,1.81386394743263750e+01,8.09755890156015652e-06,1.81386394743281834e+01,1.12924786817925451e+04,1.31307529377455046e+00,1.13075478923395407e+05,3.00000000000000000e+02,7.91141845599132587e-02
329,8.64583333333333259e-01,4.06250000000000014e-02,1.81403087376338803e+01,-8.15670682076579565e-06,1.81403087376357135e+01,6.74298718460831515e+03,1.33305629818154348e+00,1.14796143117903615e+05,3.00000000000000000e+02,8.08291357751999839e-02
330,8.85416666666666630e-01,4.06250000000000014e-02,1.81388838868562416e+01,8.19143051173617102e-06,1.81388838868580926e+01,8.95708309846692100e+03,1.27010341556002881e+00,1.09374955630951881e+05,3.00000000000000000e+02,8.17640915178592387e-02
331,9.06250000000000000e-01,4.06250000000000014e-02,1.81400628313914787e+01,-8.21010107228164358e-06,1.81400628313933368e+01,4.40832509516496248e+03,1.29031694007624331e+00,1.11115643294665686e+05,3.00000000000000000e+02,8.35456755917933086e-02
332,9.27083333333333259e-01,4.06250000000000014e-02,1.81391311051705379e+01,8.27043800415278934e-06,1.81391311051724209e+01,6.62181164194830762e+03,1.22571714264494513e+00,1.05552631738869459e+05,3.00000000000000000e+02,8.46907525446399384e-02
333,9.47916666666666630e-01,4.06250000000000014e-02,1.81398146604455555e+01,-8.16147502987935452e-06,1.81398146604473922e+01,2.07353817753412159e+03,1.24593059769480696e+00,1.07293313420488310e+05,3.00000000000000000e+02,8.65719337909743175e-02
334,9.68750000000000000e-01,4.06250000000000014e-02,1.81393808978876052e+01,8.73856374494440473e-06,1.81393808978897084e+01,4.28666548542487908e+03,1.17973452574171378e+00,1.01592838684247676e+05,3.00000000000000000e+02,8.79521593715378580e-02
335,9.89583333333333259e-01,4.06250000000000014e-02,1.81395691311685781e+01,-4.47891315030011485e-06,1.81395691311691323e+01,-2.61375332408577606e+02,1.19971027123181906e+00,1.03313050007128099e+05,3.00000000000000000e+02,8.99942527257868025e-02
336,1.04166666666666661e-02,4.68750000000000000e-02,8.79644129697767596e+00,-2.41835458716495033e+00,9.12281855571160882e+00,5.93009188217824922e+04,2.03467259248061882e+00,1.75215830301468493e+05,3.00000000000000000e+02,2.64027717518443873e-02
337,3.12500000000000000e-02,4.68750000000000000e-02,7.59605645547184594e+00,-1.40400037556087848e-01,7.59735387126736761e+00,5.33689763355153991e+04,1.96639502467161553e+00,1.69336107549596170e+05,3.00000000000000000e+02,2.33633695027803921e-02
338,5.20833333333333287e-02,4.68750000000000000e-02,6.98681678546963703e+00,-5.70965470809651279e-02,6.98705007921145782e+00,5.56973297548750925e+04,1.98693927277554883e+00,1.71105275475066388e+05,3.00000000000000000e+02,1.98767419942123165e-02
339,7.29166666666666574e-02,4.68750000000000000e-02,6.98566395178809518e+00,3.50435845063423658e-04,6.98566396057790318e+00,5.10787984418813721e+04,1.94272394412048621e+00,1.67297672447935678e+05,3.00000000000000000e+02,2.16401156705079145e-02
340,9.37500000000000000e-02,4.68750000000000000e-02,6.97370883470552805e+00,-7.63877216966613558e-04,6.97370887654183136e+00,5.33467630865803658e+04,1.95478589015952542e+00,1.68336386931087531e+05,3.00000000000000000e+02,2.01643860712707734e-02
341,1.14583333333333329e-01,4.68750000000000000e-02,6.97856851271427292e+00,1.35339578495397689e-04,6.97856851402663469e+00,4.87494144981921563e+04,1.91796436687783056e+00,1.65165501453684381e+05,3.00000000000000000e+02,2.18668952992379234e-02
342,1.35416666666666657e-01,4.68750000000000000e-02,6.97488300666779093e+00,-1.44191119495729100e-05,6.97488300668269545e+00,5.10097122168211790e+04,1.92262013663778442e+00,1.65566433066562808e+05,3.00000000000000000e+02,2.05404961367669121e-02
343,1.56250000000000000e-01,4.68750000000000000e-02,6.97853809773396172e+00,4.60751331356176903e-06,6.97853809773548317e+00,4.64164160376812579e+04,1.89245436732038086e+00,1.62968707841794589e+05,3.00000000000000000e+02,2.21329103404372743e-02
344,1.77083333333333315e-01,4.68750000000000000e-02,6.97496575408279096e+00,-6.87998575216005722e-07,6.97496575408282560e+00,4.86728325031881177e+04,1.89027016747502619e+00,1.62780615472111880e+05,3.00000000000000000e+02,2.09249374942621878e-02
345,1.97916666666666657e-01,4.68750000000000000e-02,6.97850322050884309e+00,-1.17664272245517246e-07,6.97850322050884397e+00,4.40832740549421433e+04,1.86623621539189744e+00,1.60710931688473240e+05,3.00000000000000000e+02,2.24165453706263243e-02
346,2.18750000000000000e-01,4.68750000000000000e-02,6.97500548699925993e+00,1.86634334392244490e-07,6.97500548699926259e+00,4.63359992867218170e+04,1.85770381488448200e+00,1.59976164018777170e+05,3.00000000000000000e+02,2.13224029661358006e-02
347,2.39583333333333315e-01,4.68750000000000000e-02,6.97846096797302184e+00,-2.62524011226378862e-07,6.97846096797302629e+00,4.17500900068292685e+04,1.83930169489668072e+00,1.58391465456027654e+05,3.00000000000000000e+02,2.27192770148958133e-02
348,2.60416666666666630e-01,4.68750000000000000e-02,6.97505139255260875e+00,2.82711486655120175e-07,6.97505139255261408e+00,4.39992104217134474e+04,1.82488607042814110e+00,1.57150063954919373e+05,3.00000000000000000e+02,2.17344896350199074e-02
349,2.81250000000000000e-01,4.68750000000000000e-02,6.97841144579062878e+00,-2.97002380646740761e-07,6.97841144579063499e+00,3.94168584088390708e+04,1.81163872725976738e+00,1.56009268997974868e+05,3.00000000000000000e+02,2.30424668971228215e-02
350,3.02083333333333315e-01,4.68750000000000000e-02,6.97510443952492132e+00,3.11161808184968367e-07,6.97510443952492842e+00,4.16624729046381544e+04,1.79178021584085134e+00,1.54299153287134919e+05,3.00000000000000000e+02,2.21627384806544064e-02
351,3.22916666666666630e-01,4.68750000000000000e-02,6.97835497743731725e+00,-3.36066360841407215e-07,6.97835497743732525e+00,3.70835718086010093e+04,1.78323286844817619e+00,1.53563098466414696e+05,3.00000000000000000e+02,2.33876322821002999e-02
352,3.43750000000000000e-01,4.68750000000000000e-02,6.97516436393500072e+00,3.62979601820513160e-07,6.97516436393501049e+00,3.93257939742782692e+04,1.75834756867103748e+00,1.51420100876106386e+05,3.00000000000000000e+02,2.26088700591418855e-02
353,3.64583333333333315e-01,4.68750000000000000e-02,6.97829164152978176e+00,-3.74206248229045659e-07,6.97829164152979242e+00,3.47502230299403309e+04,1.75406707233957770e+00,1.51051485934522731e+05,3.00000000000000000e+02,2.37564903168870252e-02
354,3.85416666666666630e-01,4.68750000000000000e-02,6.97523106498200463e+00,4.06123766447102942e-07,6.97523106498201617e+00,3.69891807802061739e+04,1.72454719054993810e+00,1.48509381314207916e+05,3.00000000000000000e+02,2.30748211292385666e-02
355,4.06250000000000000e-01,4.68750000000000000e-02,6.97822171916261347e+00,-4.20727005421167887e-07,6.97822171916262590e+00,3.24168050184514505e+04,1.72412138179137919e+00,1.48472712792964623e+05,3.00000000000000000e+02,2.41509925186709981e-02
356,4.27083333333333315e-01,4.68750000000000000e-02,6.97530413221200973e+00,4.08740993024351080e-07,6.97530413221202217e+00,3.46526402197658172e+04,1.69033555137762015e+00,1.45563246006883768e+05,3.00000000000000000e+02,2.35627827265953507e-02
357,4.47916666666666630e-01,4.68750000000000000e-02,6.97814560905332826e+00,-4.09940630019983928e-07,6.97814560905334069e+00,3.00833110810109174e+04,1.69337256337146558e+00,1.45824778294733755e+05,3.00000000000000000e+02,2.45733661640878814e-02
358,4.68750000000000000e-01,4.68750000000000000e-02,6.97538327152850179e+00,4.41701396005896011e-07,6.97538327152851600e+00,3.23161787394381026e+04,1.65566613398112050e+00,1.42577689127784193e+05,3.00000000000000000e+02,2.40752457053149301e-02
359,4.89583333333333315e-01,4.68750000000000000e-02,6.97806351569017735e+00,-4.89864526041420785e-07,6.97806351569019423e+00,2.77497349419669663e+04,1.66179367771089970e+00,1.43105362556074135e+05,3.00000000000000000e+02,2.50261653510549763e-02
360,5.10416666666666630e-01,4.68750000000000000e-02,6.97546826161691857e+00,4.96372672888879546e-07,6.97546826161693634e+00,2.99798025747395768e+04,1.62048896428747691e+00,1.39548407159616065e+05,3.00000000000000000e+02,2.46150575712671855e-02
361,5.31250000000000000e-01,4.68750000000000000e-02,6.97797577896407084e+00,-4.99414152598499633e-07,6.97797577896408860e+00,2.54160704386502330e+04,1.62935356539761678e+00,1.40311782284215762e+05,3.00000000000000000e+02,2.55123335668285302e-02
362,5.52083333333333259e-01,4.68750000000000000e-02,6.97555865053563728e+00,5.23031601527072157e-07,6.97555865053565682e+00,2.76435176345466571e+04,1.58475005089736576e+00,1.36470750633026648e+05,3.00000000000000000e+02,2.51854923246948338e-02
363,5.72916666666666630e-01,4.68750000000000000e-02,6.97788285205257619e+00,-5.59055095076146170e-07,6.97788285205259839e+00,2.30823119620134130e+04,1.59601623242979729e+00,1.37440937855691998e+05,3.00000000000000000e+02,2.60352824475278098e-02
364,5.93750000000000000e-01,4.68750000000000000e-02,6.97565406133876564e+00,5.79594848629773735e-07,6.97565406133878962e+00,2.53073293483493107e+04,1.54839070906170040e+00,1.33339665910848329e+05,3.00000000000000000e+02,2.57903381262178655e-02
365,6.14583333333333259e-01,4.68750000000000000e-02,6.97778509421048021e+00,-5.69738482396018255e-07,6.97778509421050330e+00,2.07484542268391633e+04,1.56174010770327643e+00,1.34489249374867650e+05,3.00000000000000000e+02,2.65989897965829385e-02
366,6.35416666666666630e-01,4.68750000000000000e-02,6.97575407739160713e+00,5.87656508551485782e-07,6.97575407739163200e+00,2.29712427722859757e+04,1.51134674187019602e+00,1.30149624676151929e+05,3.00000000000000000e+02,2.64340086366613540e-02
367,6.56250000000000000e-01,4.68750000000000000e-02,6.97768292907401211e+00,-6.00722971129957114e-07,6.97768292907403787e+00,1.84144924422508775e+04,1.52647713552452369e+00,1.31452578525694349e+05,3.00000000000000000e+02,2.72081248070469885e-02
368,6.77083333333333259e-01,4.68750000000000000e-02,6.97585829598107932e+00,5.84701723664809152e-07,6.97585829598110418e+00,2.06352625094510804e+04,1.47354743807374811e+00,1.26894537629720828e+05,3.00000000000000000e+02,2.71216842287765603e-02
369,6.97916666666666630e-01,4.68750000000000000e-02,6.97757678981003959e+00,-6.04943178214507868e-07,6.97757678981006624e+00,1.60804221988423105e+04,1.49017166240184862e+00,1.28326132707735189e+05,3.00000000000000000e+02,2.78682086978019779e-02
370,7.18750000000000000e-01,4.68750000000000000e-02,6.97596626901435268e+00,6.03813698852564363e-07,6.97596626901437844e+00,1.82993927084858697e+04,1.43491433378627642e+00,1.23567647854005190e+05,3.00000000000000000e+02,2.78594953383054650e-02
371,7.39583333333333259e-01,4.68750000000000000e-02,6.97746710858231900e+00,-6.16867977819744151e-07,6.97746710858234653e+00,1.37462395717203162e+04,1.45275905131180316e+00,1.25104345703715939e+05,3.00000000000000000e+02,2.85858235765760367e-02
372,7.60416666666666630e-01,4.68750000000000000e-02,6.97607757551571428e+00,6.34175013588553319e-07,6.97607757551574359e+00,1.59636370849696377e+04,1.39535966496651387e+00,1.20161397548591340e+05,3.00000000000000000e+02,2.86547616705864101e-02
373,7.81250000000000000e-01,4.68750000000000000e-02,6.97735431022598185e+00,-6.25072296076061589e-07,6.97735431022601027e+00,1.14119410710021330e+04,1.41416394419502978e+00,1.21780728054354986e+05,3.00000000000000000e+02,2.93688873074833337e-02
374,8.02083333333333259e-01,4.68750000000000000e-02,6.97619174830382605e+00,6.39291911415596133e-07,6.97619174830385536e+00,1.36279989091045190e+04,1.35478441494902735e+00,1.16667259893335489e+05,3.00000000000000000e+02,2.95163103031656077e-02
375,8.22916666666666630e-01,4.68750000000000000e-02,6.97723889333103831e+00,-6.47141442024758349e-07,6.97723889333106850e+00,9.07752369349422042e+03,1.37429804910502118e+00,1.18347676498678906e+05,3.00000000000000000e+02,3.02270214684132871e-02
376,8.43750000000000000e-01,4.68750000000000000e-02,6.97630830171293859e+00,6.53393271225763407e-07,6.97630830171296967e+00,1.12924809211452648e+04,1.31307581507291893e+00,1.13075523815004417e+05,3.00000000000000000e+02,3.04549038940563760e-02
377,8.64583333333333259e-01,4.68750000000000000e-02,6.97712134438955722e+00,-6.58249466706258272e-07,6.97712134438958831e+00,6.74298493128332939e+03,1.33305729375676885e+00,1.14796228851864158e+05,3.00000000000000000e+02,3.11720522875427695e-02
378,8.85416666666666630e-01,4.68750000000000000e-02,6.97642671661077696e+00,6.55353746499154648e-07,6.97642671661080715e+00,8.95708537082230032e+03,1.27010410070040791e+00,1.09375014631815633e+05,3.00000000000000000e+02,3.14838393279539275e-02
379,9.06250000000000000e-01,4.68750000000000000e-02,6.97700220055581433e+00,-6.56788995074085420e-07,6.97700220055584541e+00,4.40832281884249278e+03,1.29031809250951435e+00,1.11115742536456819e+05,3.00000000000000000e+02,3.22187125584285639e-02
380,9.27083333333333259e-01,4.68750000000000000e-02,6.97654648595432558e+00,6.53807451324411416e-07,6.97654648595435578e+00,6.62181394406657364e+03,1.22571823683883663e+00,1.05552725965376419e+05,3.00000000000000000e+02,3.26197670841997939e-02
381,9.47916666666666630e-01,4.68750000000000000e-02,6.97688195218218077e+00,-6.82495682699812093e-07,6.97688195218221452e+00,2.07353595403053123e+03,1.24593278685475006e+00,1.07293501939996801e+05,3.00000000000000000e+02,3.33863563207172226e-02
382,9.68750000000000000e-01,4.68750000000000000e-02,6.97666752029827641e+00,7.76558070213259232e-07,6.97666752029831994e+00,4.28666783116121405e+03,1.17973649796543256e+00,1.01593008522293225e+05,3.00000000000000000e+02,3.38869484222534545e-02
383,9.89583333333333259e-01,4.68750000000000000e-02,6.97676361850834237e+00,-1.73250367680745716e-07,6.97676361850834414e+00,-2.61376796236725227e+02,1.19971439187275952e+00,1.03313404856122695e+05,3.00000000000000000e+02,3.47382643098027993e-02
