case,grid,cells,faces,arm,scheme,repeat,outer_budget,outer_iterations,wall_seconds,setup_s,momentum_assembly_s,momentum_solve_s,response_s,predicted_flux_s,pressure_assembly_s,pressure_solve_s,velocity_correction_s,face_flux_correction_s,bookkeeping_s,other_s,discretization_s,linear_solve_s,status,gpu_discretization,all_finite,mass_imbalance,u_residual,v_residual,p_residual,continuity_residual,momentum_lin_iters,pressure_lin_iters,h2d_calls,h2d_bytes,d2h_calls,d2h_bytes,allocations,reallocations,kernels,syncs,peak_device_bytes,device_used_bytes_after,gpu_solve_s,upload_s,download_s,reduction_groups,resident_loop
cavity2d,20x20,400,840,cpu,upwind,0,200,200,0.343068,3.0227e-05,0.178803,0.033719,0.000361548,0.00508648,0.0202756,0.0682174,0.0330236,0.000643303,0.00208709,0.000812577,0.238194,0.101936,MaxIterations,0,1,0,1.1405e-05,1.11106e-05,0.00029653,6.80774e-08,3338,7166,0,0,0,0,0,0,0,0,0,1351815168,0,0,0,0,0
cavity2d,20x20,400,840,cpu,upwind,1,200,200,0.328488,3.1276e-05,0.168919,0.0324409,0.000348807,0.00500866,0.01977,0.0656478,0.0328544,0.000634075,0.00200587,0.00081321,0.227534,0.0980887,MaxIterations,0,1,0,1.1405e-05,1.11106e-05,0.00029653,6.80774e-08,3338,7166,0,0,0,0,0,0,0,0,0,1351815168,0,0,0,0,0
cavity2d,20x20,400,840,cpu,upwind,2,200,200,0.353852,3.951e-05,0.181859,0.0348588,0.000386449,0.00536964,0.0220624,0.0714507,0.0340255,0.000684079,0.00220677,0.000891699,0.244387,0.10631,MaxIterations,0,1,0,1.1405e-05,1.11106e-05,0.00029653,6.80774e-08,3338,7166,0,0,0,0,0,0,0,0,0,1351815168,0,0,0,0,0
cavity2d,20x20,400,840,cpu,upwind,3,200,200,0.367942,4.245e-05,0.189932,0.0363813,0.000412732,0.00545041,0.0230745,0.0731631,0.0350286,0.000686287,0.00283315,0.000922417,0.254584,0.109544,MaxIterations,0,1,0,1.1405e-05,1.11106e-05,0.00029653,6.80774e-08,3338,7166,0,0,0,0,0,0,0,0,0,1351815168,0,0,0,0,0
cavity2d,20x20,400,840,cpu,upwind,4,200,200,0.337097,3.1426e-05,0.174153,0.0333097,0.000343991,0.00539496,0.0204941,0.0667648,0.0329895,0.00062493,0.00214149,0.000838411,0.234,0.100075,MaxIterations,0,1,0,1.1405e-05,1.11106e-05,0.00029653,6.80774e-08,3338,7166,0,0,0,0,0,0,0,0,0,1351815168,0,0,0,0,0
cavity2d,20x20,400,840,gpu-pipe,upwind,0,200,200,5.44512,3.1673e-05,0.172,1.72404,0.000653852,0.00539717,0.0218579,3.48374,0.0330552,0.000651573,0.00247741,0.00116382,0.233615,5.20778,MaxIterations,0,1,0,1.1405e-05,1.11106e-05,0.00029653,6.80497e-08,3340,7176,1804,13089920,42616,3086656,28,2,127570,42016,131848,1351815168,5.20668,0.0637647,3.39069,42016,0
cavity2d,20x20,400,840,gpu-pipe,upwind,1,200,200,5.64149,3.1886e-05,0.177121,1.8191,0.000673572,0.00553827,0.0216287,3.58052,0.0324169,0.000640457,0.00256385,0.00120121,0.238019,5.39962,MaxIterations,0,1,0,1.1405e-05,1.11106e-05,0.00029653,6.80497e-08,3340,7176,1804,13089920,42616,3086656,26,0,127570,42016,131824,1351815168,5.39846,0.0680226,3.41268,42016,0
cavity2d,20x20,400,840,gpu-pipe,upwind,2,200,200,7.4726,3.4086e-05,0.169623,2.43955,0.000698003,0.00544548,0.0212086,4.79968,0.0318555,0.000624008,0.00254855,0.00127942,0.229454,7.23923,MaxIterations,0,1,0,1.1405e-05,1.11106e-05,0.00029653,6.80497e-08,3340,7176,1804,13089920,42616,3086656,26,0,127570,42016,131824,1351815168,7.23802,0.0793481,3.92269,42016,0
cavity2d,20x20,400,840,gpu-pipe,upwind,3,200,200,8.20046,2.9081e-05,0.168882,2.62,0.000692892,0.00574179,0.020983,5.34803,0.0314897,0.000632063,0.00269991,0.00123212,0.228421,7.96802,MaxIterations,0,1,0,1.1405e-05,1.11106e-05,0.00029653,6.80497e-08,3340,7176,1804,13089920,42616,3086656,26,0,127570,42016,131824,1351815168,7.9668,0.0774712,4.22112,42016,0
cavity2d,20x20,400,840,gpu-pipe,upwind,4,200,200,8.16927,2.6283e-05,0.181353,2.60108,0.000740676,0.00582238,0.0227321,5.31913,0.0335384,0.000672159,0.00273456,0.00138612,0.244859,7.92021,MaxIterations,0,1,0,1.1405e-05,1.11106e-05,0.00029653,6.80497e-08,3340,7176,1804,13089920,42616,3086656,26,0,127570,42016,131824,1351815168,7.9187,0.0776655,4.21517,42016,0
cavity2d,20x20,400,840,gpu-disc,upwind,0,200,200,7.90377,0.00865754,0.0393722,2.75727,0.00325052,0.00129788,0.00739879,4.86124,0.0210507,0.108113,0.0669241,0.0285263,0.180483,7.61851,MaxIterations,1,1,0,1.1405e-05,1.11106e-05,0.00029653,6.80497e-08,3340,7176,297,1672736,43620,2531456,358,0,141170,42016,1961060,1351815168,7.57713,0.00764058,3.84862,42016,1
cavity2d,20x20,400,840,gpu-disc,upwind,1,200,200,7.92268,0.00912712,0.0393338,2.7399,0.00322538,0.0011622,0.00683844,4.90174,0.0220029,0.104565,0.0642597,0.0297993,0.177128,7.64164,MaxIterations,1,1,0,1.1405e-05,1.11106e-05,0.00029653,6.80497e-08,3340,7176,297,1672736,43620,2531456,358,0,141170,42016,1961060,1351815168,7.60112,0.00787297,3.92898,42016,1
cavity2d,20x20,400,840,gpu-disc,upwind,2,200,200,7.56454,0.00887677,0.0372497,2.6508,0.00321889,0.00116932,0.00587259,4.64193,0.0184565,0.103191,0.0647209,0.0283181,0.169158,7.29273,MaxIterations,1,1,0,1.1405e-05,1.11106e-05,0.00029653,6.80497e-08,3340,7176,297,1672736,43620,2531456,358,0,141170,42016,1961060,1351815168,7.25325,0.00772661,3.78444,42016,1
cavity2d,20x20,400,840,gpu-disc,upwind,3,200,200,7.7673,0.01212,0.0445208,2.71476,0.00316306,0.0011749,0.00536853,4.77203,0.0196005,0.101451,0.0629552,0.029437,0.175279,7.48678,MaxIterations,1,1,0,1.1405e-05,1.11106e-05,0.00029653,6.80497e-08,3340,7176,297,1672736,43620,2531456,358,0,141170,42016,1961060,1351815168,7.44441,0.0106668,3.88239,42016,1
cavity2d,20x20,400,840,gpu-disc,upwind,4,200,200,7.9496,0.0102465,0.0443326,2.7788,0.00339122,0.00138672,0.00713062,4.88394,0.021829,0.102331,0.0645099,0.0310065,0.180401,7.66274,MaxIterations,1,1,0,1.1405e-05,1.11106e-05,0.00029653,6.80497e-08,3340,7176,297,1672736,43620,2531456,358,0,141170,42016,1961060,1351815168,7.61893,0.00899915,4.02695,42016,1
cavity2d,20x20,400,840,disc-only,upwind,0,200,200,0.938678,0.00856535,0.501175,0.0517637,0.00376675,0.0010225,0.10685,0.0620953,0.13206,0.0259686,0.0280276,0.0168494,0.770843,0.113859,MaxIterations,1,1,0,1.1405e-05,1.11106e-05,0.00029653,6.80774e-08,3338,7166,1297,4872736,3404,25548000,347,0,10400,0,1929052,1351815168,0,0.0629761,0.671331,0,0
cavity2d,20x20,400,840,disc-only,upwind,1,200,200,0.789997,0.00940267,0.397274,0.0494307,0.00295816,0.00102762,0.0942955,0.0623152,0.106676,0.0234841,0.0259336,0.0167383,0.625715,0.111746,MaxIterations,1,1,0,1.1405e-05,1.11106e-05,0.00029653,6.80774e-08,3338,7166,1297,4872736,3404,25548000,347,0,10400,0,1929052,1351815168,0,0.063948,0.533259,0,0
cavity2d,20x20,400,840,disc-only,upwind,2,200,200,0.782836,0.00764164,0.387237,0.0497322,0.00325107,0.0009902,0.0945793,0.0615586,0.108611,0.0247309,0.0271382,0.0169306,0.619399,0.111291,MaxIterations,1,1,0,1.1405e-05,1.11106e-05,0.00029653,6.80774e-08,3338,7166,1297,4872736,3404,25548000,347,0,10400,0,1929052,1351815168,0,0.0621339,0.526754,0,0
cavity2d,20x20,400,840,disc-only,upwind,3,200,200,0.757916,0.00736919,0.376216,0.0484857,0.00317763,0.000943367,0.0890095,0.0614397,0.10612,0.0232412,0.0256674,0.0158067,0.598708,0.109925,MaxIterations,1,1,0,1.1405e-05,1.11106e-05,0.00029653,6.80774e-08,3338,7166,1297,4872736,3404,25548000,347,0,10400,0,1929052,1351815168,0,0.0576901,0.503515,0,0
cavity2d,20x20,400,840,disc-only,upwind,4,200,200,0.815088,0.00773722,0.39724,0.0524754,0.00361477,0.00116186,0.101246,0.0628386,0.115295,0.0256882,0.0290574,0.0182908,0.644245,0.115314,MaxIterations,1,1,0,1.1405e-05,1.11106e-05,0.00029653,6.80774e-08,3338,7166,1297,4872736,3404,25548000,347,0,10400,0,1929052,1351815168,0,0.0674168,0.542538,0,0
cavity2d,40x40,1600,3280,cpu,upwind,0,200,200,1.61135,8.4201e-05,0.669183,0.14775,0.00175272,0.0179689,0.0852177,0.561434,0.114999,0.0023471,0.00848158,0.00212393,0.891469,0.709184,MaxIterations,0,1,0,3.86067e-05,3.67029e-05,0.000131926,5.92166e-08,3870,15098,0,0,0,0,0,0,0,0,0,1351815168,0,0,0,0,0
cavity2d,40x40,1600,3280,cpu,upwind,1,200,200,1.52334,0.000104609,0.637009,0.140301,0.00166989,0.0172152,0.0812152,0.528166,0.10558,0.00223337,0.00783751,0.00198742,0.844923,0.668467,MaxIterations,0,1,0,3.86067e-05,3.67029e-05,0.000131926,5.92166e-08,3870,15098,0,0,0,0,0,0,0,0,0,1351815168,0,0,0,0,0
cavity2d,40x40,1600,3280,cpu,upwind,2,200,200,1.49069,0.000102638,0.619258,0.13792,0.00166769,0.0169926,0.0788941,0.521354,0.102422,0.00217176,0.00795507,0.0019342,0.821407,0.659275,MaxIterations,0,1,0,3.86067e-05,3.67029e-05,0.000131926,5.92166e-08,3870,15098,0,0,0,0,0,0,0,0,0,1351815168,0,0,0,0,0
cavity2d,40x40,1600,3280,cpu,upwind,3,200,200,1.48334,0.000106932,0.622836,0.13679,0.00162525,0.0170605,0.0793967,0.511353,0.102232,0.00217948,0.00781489,0.00192758,0.825329,0.648144,MaxIterations,0,1,0,3.86067e-05,3.67029e-05,0.000131926,5.92166e-08,3870,15098,0,0,0,0,0,0,0,0,0,1351815168,0,0,0,0,0
cavity2d,40x40,1600,3280,cpu,upwind,4,200,200,1.50974,9.0986e-05,0.631442,0.138311,0.00163623,0.0172819,0.0813589,0.522573,0.103925,0.00249937,0.00825695,0.00234557,0.838143,0.660884,MaxIterations,0,1,0,3.86067e-05,3.67029e-05,0.000131926,5.92166e-08,3870,15098,0,0,0,0,0,0,0,0,0,1351815168,0,0,0,0,0
cavity2d,40x40,1600,3280,gpu-pipe,upwind,0,200,200,14.1154,9.3228e-05,0.582566,2.89932,0.00250433,0.0160151,0.0813476,10.4249,0.0951011,0.00201259,0.00868046,0.00279065,0.779546,13.3242,MaxIterations,0,1,0,3.8832e-05,3.64814e-05,0.000131925,6.45029e-08,3869,15178,1804,53139840,76686,15101400,28,2,229807,76086,532584,1351815168,13.3214,0.122907,6.85605,76086,0
cavity2d,40x40,1600,3280,gpu-pipe,upwind,1,200,200,14.4869,0.000114428,0.589597,2.93256,0.00264763,0.0165421,0.0828405,10.7546,0.0941482,0.00204064,0.00882585,0.00284596,0.787816,13.6872,MaxIterations,0,1,0,3.8832e-05,3.64814e-05,0.000131925,6.45029e-08,3869,15178,1804,53139840,76686,15101400,26,0,229807,76086,532464,1351815168,13.6843,0.11661,6.95673,76086,0
cavity2d,40x40,1600,3280,gpu-pipe,upwind,2,200,200,14.3264,8.6392e-05,0.5847,2.96126,0.00251095,0.0161331,0.0820845,10.5718,0.0943538,0.00207801,0.00848874,0.00285684,0.781861,13.533,MaxIterations,0,1,0,3.8832e-05,3.64814e-05,0.000131925,6.45029e-08,3869,15178,1804,53139840,76686,15101400,26,0,229807,76086,532464,1351815168,13.53,0.146294,6.78111,76086,0
cavity2d,40x40,1600,3280,gpu-pipe,upwind,3,200,200,14.7316,8.6317e-05,0.584521,3.01598,0.0025348,0.0159952,0.0814864,10.9222,0.0952075,0.00203008,0.00870824,0.00275442,0.781775,13.9382,MaxIterations,0,1,0,3.8832e-05,3.64814e-05,0.000131925,6.45029e-08,3869,15178,1804,53139840,76686,15101400,26,0,229807,76086,532464,1351815168,13.9353,0.120284,7.1539,76086,0
cavity2d,40x40,1600,3280,gpu-pipe,upwind,4,200,200,14.6277,8.7989e-05,0.578986,2.98525,0.00245206,0.0163704,0.0798991,10.8579,0.093264,0.00205735,0.00857846,0.00276868,0.773029,13.8432,MaxIterations,0,1,0,3.8832e-05,3.64814e-05,0.000131925,6.45029e-08,3869,15178,1804,53139840,76686,15101400,26,0,229807,76086,532464,1351815168,13.8403,0.113865,7.19681,76086,0
cavity2d,40x40,1600,3280,gpu-disc,upwind,0,200,200,14.5821,0.0162271,0.0493157,3.31342,0.00327179,0.00132282,0.00760288,10.94,0.021826,0.125546,0.0717186,0.030782,0.208885,14.2534,MaxIterations,1,1,0,3.8832e-05,3.64814e-05,0.000131925,6.45029e-08,3869,15178,297,6526176,77690,12728600,358,0,243407,76086,7678820,1351815168,14.2092,0.0126814,7.35185,76086,1
cavity2d,40x40,1600,3280,gpu-disc,upwind,1,200,200,14.2687,0.0155044,0.0472121,3.24979,0.00319733,0.00121595,0.00641748,10.6959,0.0181443,0.128265,0.0714846,0.0304444,0.204452,13.9457,MaxIterations,1,1,0,3.8832e-05,3.64814e-05,0.000131925,6.45029e-08,3869,15178,297,6526176,77690,12728600,358,0,243407,76086,7678820,1351815168,13.9025,0.0114617,7.14623,76086,1
cavity2d,40x40,1600,3280,gpu-disc,upwind,2,200,200,14.2288,0.0143922,0.0460784,3.23221,0.00314141,0.00127644,0.00552976,10.6746,0.0190461,0.129394,0.0717823,0.0303002,0.204466,13.9068,MaxIterations,1,1,0,3.8832e-05,3.64814e-05,0.000131925,6.45029e-08,3869,15178,297,6526176,77690,12728600,358,0,243407,76086,7678820,1351815168,13.8646,0.0110114,7.18754,76086,1
cavity2d,40x40,1600,3280,gpu-disc,upwind,3,200,200,14.2021,0.0156331,0.0449471,3.2371,0.00326772,0.00132964,0.00652271,10.6432,0.0192898,0.127865,0.0707539,0.0310685,0.203222,13.8803,MaxIterations,1,1,0,3.8832e-05,3.64814e-05,0.000131925,6.45029e-08,3869,15178,297,6526176,77690,12728600,358,0,243407,76086,7678820,1351815168,13.839,0.0121525,7.06016,76086,1
cavity2d,40x40,1600,3280,gpu-disc,upwind,4,200,200,14.6065,0.0145332,0.0535401,3.29938,0.00315255,0.00118972,0.0116197,10.9674,0.0251162,0.126273,0.0727979,0.0304561,0.220891,14.2668,MaxIterations,1,1,0,3.8832e-05,3.64814e-05,0.000131925,6.45029e-08,3869,15178,297,6526176,77690,12728600,358,0,243407,76086,7678820,1351815168,14.2229,0.011138,7.0761,76086,1
cavity2d,40x40,1600,3280,disc-only,upwind,0,200,200,2.04717,0.0194844,0.764665,0.203279,0.00327396,0.00103333,0.182993,0.489021,0.269805,0.0398983,0.0442633,0.0283613,1.26167,0.6923,MaxIterations,1,1,0,3.86067e-05,3.67029e-05,0.000131926,5.92166e-08,3870,15098,1297,19326176,3404,103602400,347,0,10400,0,7550812,1351815168,0,0.143787,1.07717,0,0
cavity2d,40x40,1600,3280,disc-only,upwind,1,200,200,2.02701,0.0222173,0.725591,0.208213,0.00384502,0.00147972,0.188136,0.476473,0.28157,0.0406794,0.0457148,0.0317469,1.2413,0.684686,MaxIterations,1,1,0,3.86067e-05,3.67029e-05,0.000131926,5.92166e-08,3870,15098,1297,19326176,3404,103602400,347,0,10400,0,7550812,1351815168,0,0.158912,1.02407,0,0
cavity2d,40x40,1600,3280,disc-only,upwind,2,200,200,1.94857,0.0188272,0.74422,0.179908,0.00388799,0.0011838,0.179548,0.473179,0.230631,0.0425361,0.0440778,0.0295088,1.20201,0.653086,MaxIterations,1,1,0,3.86067e-05,3.67029e-05,0.000131926,5.92166e-08,3870,15098,1297,19326176,3404,103602400,347,0,10400,0,7550812,1351815168,0,0.125318,0.971799,0,0
cavity2d,40x40,1600,3280,disc-only,upwind,3,200,200,2.01348,0.0222017,0.737827,0.20724,0.00399996,0.00134319,0.184266,0.474079,0.268643,0.0389161,0.0442167,0.0295434,1.23499,0.68132,MaxIterations,1,1,0,3.86067e-05,3.67029e-05,0.000131926,5.92166e-08,3870,15098,1297,19326176,3404,103602400,347,0,10400,0,7550812,1351815168,0,0.157243,1.00594,0,0
cavity2d,40x40,1600,3280,disc-only,upwind,4,200,200,1.96347,0.0198109,0.711188,0.197824,0.00376124,0.00122584,0.176583,0.472382,0.265302,0.0413565,0.0437119,0.0292764,1.19942,0.670207,MaxIterations,1,1,0,3.86067e-05,3.67029e-05,0.000131926,5.92166e-08,3870,15098,1297,19326176,3404,103602400,347,0,10400,0,7550812,1351815168,0,0.143333,0.975912,0,0
cavity2d,80x80,6400,12960,cpu,upwind,0,200,200,6.75073,0.000280498,2.75034,0.501623,0.00761574,0.0597558,0.32807,2.63248,0.367944,0.00913675,0.0327342,0.0607329,3.52287,3.1341,MaxIterations,0,1,0,0.000334219,0.000294078,7.17946e-05,6.95152e-08,3581,19081,0,0,0,0,0,0,0,0,0,1351815168,0,0,0,0,0
cavity2d,80x80,6400,12960,cpu,upwind,1,200,200,6.6592,0.000345938,2.72049,0.493732,0.00767874,0.0599902,0.320457,2.5775,0.366672,0.00964647,0.0327491,0.0699056,3.48494,3.07124,MaxIterations,0,1,0,0.000334219,0.000294078,7.17946e-05,6.95152e-08,3581,19081,0,0,0,0,0,0,0,0,0,1351815168,0,0,0,0,0
cavity2d,80x80,6400,12960,cpu,upwind,2,200,200,6.59205,0.000328922,2.68637,0.485186,0.00745791,0.0570357,0.318671,2.5625,0.363962,0.0088029,0.0321109,0.069586,3.4423,3.04769,MaxIterations,0,1,0,0.000334219,0.000294078,7.17946e-05,6.95152e-08,3581,19081,0,0,0,0,0,0,0,0,0,1351815168,0,0,0,0,0
cavity2d,80x80,6400,12960,cpu,upwind,3,200,200,6.52823,0.000845503,2.67271,0.480439,0.00744229,0.058726,0.31778,2.52092,0.356898,0.00889512,0.032052,0.0714928,3.42245,3.00136,MaxIterations,0,1,0,0.000334219,0.000294078,7.17946e-05,6.95152e-08,3581,19081,0,0,0,0,0,0,0,0,0,1351815168,0,0,0,0,0
cavity2d,80x80,6400,12960,cpu,upwind,4,200,200,6.48856,0.000383464,2.65976,0.478104,0.00725486,0.0593224,0.316254,2.49477,0.358055,0.00920502,0.0316978,0.0737262,3.40985,2.97288,MaxIterations,0,1,0,0.000334219,0.000294078,7.17946e-05,6.95152e-08,3581,19081,0,0,0,0,0,0,0,0,0,1351815168,0,0,0,0,0
cavity2d,80x80,6400,12960,gpu-pipe,upwind,0,200,200,21.0536,0.000351323,2.94656,3.3086,0.00881406,0.0562576,0.343054,13.9329,0.330139,0.00905079,0.0341627,0.0829507,3.69388,17.2415,MaxIterations,0,1,0,0.000334277,0.000294011,7.17946e-05,7.0809e-08,3581,19237,1804,214110080,91808,62519600,28,2,275154,91208,2140576,1351815168,17.2321,0.597958,8.34099,91208,0
cavity2d,80x80,6400,12960,gpu-pipe,upwind,1,200,200,20.6977,0.000288164,2.85844,3.24233,0.00916443,0.0565561,0.3252,13.7507,0.326072,0.00890084,0.0339034,0.0857022,3.58434,16.9931,MaxIterations,0,1,0,0.000334277,0.000294011,7.17946e-05,7.0809e-08,3581,19237,1804,214110080,91808,62519600,26,0,275154,91208,2140144,1351815168,16.9838,0.594466,8.123,91208,0
cavity2d,80x80,6400,12960,gpu-pipe,upwind,2,200,200,20.4737,0.000292538,2.93097,3.18244,0.00897532,0.0564688,0.340069,13.4997,0.325679,0.0086629,0.0343779,0.0854201,3.67082,16.6821,MaxIterations,0,1,0,0.000334277,0.000294011,7.17946e-05,7.0809e-08,3581,19237,1804,214110080,91808,62519600,26,0,275154,91208,2140144,1351815168,16.6727,0.566042,8.04724,91208,0
cavity2d,80x80,6400,12960,gpu-pipe,upwind,3,200,200,20.5163,0.00032152,2.85781,3.21903,0.00905379,0.0573885,0.326079,13.5906,0.325806,0.00868003,0.0334381,0.0876875,3.58482,16.8096,MaxIterations,0,1,0,0.000334277,0.000294011,7.17946e-05,7.0809e-08,3581,19237,1804,214110080,91808,62519600,26,0,275154,91208,2140144,1351815168,16.8001,0.565956,8.31679,91208,0
cavity2d,80x80,6400,12960,gpu-pipe,upwind,4,200,200,20.0413,0.000307432,2.86299,3.11989,0.00891132,0.0573856,0.331987,13.2039,0.326481,0.00887154,0.0336394,0.0862743,3.59662,16.3238,MaxIterations,0,1,0,0.000334277,0.000294011,7.17946e-05,7.0809e-08,3581,19237,1804,214110080,91808,62519600,26,0,275154,91208,2140144,1351815168,16.3127,0.560889,7.81296,91208,0
cavity2d,80x80,6400,12960,gpu-disc,upwind,0,200,200,15.9103,0.0586556,0.0430475,2.86758,0.00317265,0.00130621,0.00654898,12.6429,0.0194301,0.146211,0.0894718,0.0294262,0.219716,15.5104,MaxIterations,1,1,0,0.000334277,0.000294011,7.17946e-05,7.0809e-08,3581,19237,297,25775456,92812,52748400,358,0,288754,91208,30384740,1351815168,15.4696,0.0441227,7.78361,91208,1
cavity2d,80x80,6400,12960,gpu-disc,upwind,1,200,200,16.1685,0.0362767,0.0507718,2.87568,0.0031452,0.0011941,0.00764961,12.9026,0.019936,0.146555,0.0918846,0.0299471,0.229251,15.7783,MaxIterations,1,1,0,0.000334277,0.000294011,7.17946e-05,7.0809e-08,3581,19237,297,25775456,92812,52748400,358,0,288754,91208,30384740,1351815168,15.7365,0.0244226,7.90442,91208,1
cavity2d,80x80,6400,12960,gpu-disc,upwind,2,200,200,16.115,0.0373955,0.0464696,2.88489,0.00310919,0.00134305,0.00701684,12.8443,0.0185116,0.14603,0.0895171,0.0336224,0.222481,15.7292,MaxIterations,1,1,0,0.000334277,0.000294011,7.17946e-05,7.0809e-08,3581,19237,297,25775456,92812,52748400,358,0,288754,91208,30384740,1351815168,15.689,0.0252519,7.91127,91208,1
cavity2d,80x80,6400,12960,gpu-disc,upwind,3,200,200,16.8012,0.0357763,0.0564992,2.98691,0.00318183,0.00121927,0.0101314,13.4144,0.023394,0.148178,0.0898107,0.0291839,0.242604,16.4013,MaxIterations,1,1,0,0.000334277,0.000294011,7.17946e-05,7.0809e-08,3581,19237,297,25775456,92812,52748400,358,0,288754,91208,30384740,1351815168,16.3598,0.0238133,8.06332,91208,1
cavity2d,80x80,6400,12960,gpu-disc,upwind,4,200,200,16.9974,0.0372563,0.0554932,3.06607,0.00318193,0.00120869,0.0121101,13.5189,0.023183,0.153184,0.0949141,0.0292406,0.248361,16.585,MaxIterations,1,1,0,0.000334277,0.000294011,7.17946e-05,7.0809e-08,3581,19237,297,25775456,92812,52748400,358,0,288754,91208,30384740,1351815168,16.5424,0.0246754,8.26161,91208,1
cavity2d,80x80,6400,12960,disc-only,upwind,0,200,200,6.08312,0.0384318,1.49266,0.678369,0.00419393,0.00101053,0.408864,2.56713,0.4601,0.197006,0.174967,0.0578464,2.56383,3.2455,MaxIterations,1,1,0,0.000334219,0.000294078,7.17946e-05,6.95152e-08,3581,19081,1297,76975456,3404,417228000,347,0,10400,0,29872732,1351815168,0,0.341171,2.17189,0,0
cavity2d,80x80,6400,12960,disc-only,upwind,1,200,200,6.13889,0.0517775,1.51891,0.700264,0.00399768,0.0012867,0.422054,2.52556,0.476123,0.199436,0.176407,0.0604048,2.62181,3.22582,MaxIterations,1,1,0,0.000334219,0.000294078,7.17946e-05,6.95152e-08,3581,19081,1297,76975456,3404,417228000,347,0,10400,0,29872732,1351815168,0,0.392855,2.22881,0,0
cavity2d,80x80,6400,12960,disc-only,upwind,2,200,200,6.08699,0.0658495,1.50234,0.70137,0.00400388,0.0016036,0.391281,2.50388,0.466691,0.203378,0.184141,0.059741,2.5693,3.20525,MaxIterations,1,1,0,0.000334219,0.000294078,7.17946e-05,6.95152e-08,3581,19081,1297,76975456,3404,417228000,347,0,10400,0,29872732,1351815168,0,0.410698,2.18834,0,0
cavity2d,80x80,6400,12960,disc-only,upwind,3,200,200,6.00959,0.0475879,1.50717,0.680762,0.00392948,0.00106854,0.408579,2.44754,0.472455,0.19985,0.176877,0.0610359,2.59305,3.1283,MaxIterations,1,1,0,0.000334219,0.000294078,7.17946e-05,6.95152e-08,3581,19081,1297,76975456,3404,417228000,347,0,10400,0,29872732,1351815168,0,0.385488,2.20432,0,0
cavity2d,80x80,6400,12960,disc-only,upwind,4,200,200,6.15258,0.0554345,1.57073,0.680887,0.00403854,0.00106207,0.4537,2.43852,0.486251,0.206633,0.190584,0.0618728,2.72242,3.11941,MaxIterations,1,1,0,0.000334219,0.000294078,7.17946e-05,6.95152e-08,3581,19081,1297,76975456,3404,417228000,347,0,10400,0,29872732,1351815168,0,0.399048,2.35509,0,0
cavity2d,160x160,25600,51520,cpu,upwind,0,60,60,11.4361,0.00124802,3.83819,0.63135,0.0129058,0.071501,0.489699,5.84204,0.423238,0.0129651,0.0434934,0.069421,4.8485,6.47339,MaxIterations,0,1,0,0.00230745,0.00103624,0.000132011,5.59308e-08,1137,10784,0,0,0,0,0,0,0,0,0,1351815168,0,0,0,0,0
cavity2d,160x160,25600,51520,cpu,upwind,1,60,60,11.2737,0.00157666,3.73941,0.624361,0.0132128,0.0687096,0.486398,5.79795,0.414988,0.0115305,0.0440297,0.0714131,4.73425,6.42231,MaxIterations,0,1,0,0.00230745,0.00103624,0.000132011,5.59308e-08,1137,10784,0,0,0,0,0,0,0,0,0,1351815168,0,0,0,0,0
cavity2d,160x160,25600,51520,cpu,upwind,2,60,60,11.1718,0.00113328,3.72817,0.617028,0.0129113,0.067925,0.48233,5.72923,0.407436,0.0120269,0.0420035,0.0715809,4.7108,6.34625,MaxIterations,0,1,0,0.00230745,0.00103624,0.000132011,5.59308e-08,1137,10784,0,0,0,0,0,0,0,0,0,1351815168,0,0,0,0,0
cavity2d,160x160,25600,51520,gpu-pipe,upwind,0,60,60,13.7832,0.00112461,3.94997,1.1591,0.013042,0.0613341,0.475742,7.5813,0.409059,0.0128347,0.0465131,0.0713807,4.92198,8.7404,MaxIterations,0,1,0,0.00230924,0.00103233,0.000132011,5.33697e-08,1137,10701,544,259572800,47474,102920000,28,2,142359,47294,8582904,1351815168,8.72937,0.232872,4.08587,47294,0
cavity2d,160x160,25600,51520,gpu-pipe,upwind,1,60,60,13.7676,0.00126798,3.98952,1.15478,0.0128136,0.0616536,0.48482,7.50745,0.419578,0.0122916,0.0460135,0.0761908,4.98067,8.66223,MaxIterations,0,1,0,0.00230924,0.00103233,0.000132011,5.33697e-08,1137,10701,544,259572800,47474,102920000,26,0,142359,47294,8581104,1351815168,8.65164,0.232437,3.94098,47294,0
cavity2d,160x160,25600,51520,gpu-pipe,upwind,2,60,60,14.4899,0.00108803,4.05416,1.21432,0.0128684,0.0627237,0.490521,8.08254,0.432119,0.0130001,0.0473277,0.0778065,5.06539,9.29685,MaxIterations,0,1,0,0.00230924,0.00103233,0.000132011,5.33697e-08,1137,10701,544,259572800,47474,102920000,26,0,142359,47294,8581104,1351815168,9.28599,0.239361,4.35706,47294,0
cavity2d,160x160,25600,51520,gpu-disc,upwind,0,60,60,8.73279,0.135039,0.0158939,0.998273,0.00101918,0.000334148,0.00592758,7.42614,0.00785512,0.0673063,0.0555721,0.0112178,0.0983362,8.42441,MaxIterations,1,1,0,0.00230924,0.00103233,0.000132011,5.33697e-08,1137,10701,297,102443616,47778,91607200,358,0,146439,47294,120878180,1351815168,8.41243,0.0833163,3.87632,47294,1
cavity2d,160x160,25600,51520,gpu-disc,upwind,1,60,60,8.73221,0.127605,0.0180622,1.00435,0.00108788,0.00035438,0.00360684,7.42811,0.00654195,0.0672574,0.054283,0.0114515,0.0969106,8.43246,MaxIterations,1,1,0,0.00230924,0.00103233,0.000132011,5.33697e-08,1137,10701,297,102443616,47778,91607200,358,0,146439,47294,120878180,1351815168,8.42005,0.0772686,4.16406,47294,1
cavity2d,160x160,25600,51520,gpu-disc,upwind,2,60,60,8.4513,0.123529,0.0146992,0.974645,0.00115703,0.000348913,0.00384211,7.18647,0.00564192,0.0658665,0.0551494,0.0114133,0.0915557,8.16112,MaxIterations,1,1,0,0.00230924,0.00103233,0.000132011,5.33697e-08,1137,10701,297,102443616,47778,91607200,358,0,146439,47294,120878180,1351815168,8.14877,0.0728934,4.08562,47294,1
cavity2d,160x160,25600,51520,disc-only,upwind,0,60,60,9.05135,0.127404,1.22693,0.709813,0.00291578,0.00033864,0.471723,6.08971,0.193039,0.07904,0.106333,0.0350032,1.97398,6.79952,MaxIterations,1,1,0,0.00230745,0.00103624,0.000132011,5.59308e-08,1137,10784,597,163883616,1024,502937360,347,0,3120,0,118830172,1351815168,0,0.176331,1.28353,0,0
cavity2d,160x160,25600,51520,disc-only,upwind,1,60,60,8.89692,0.125878,1.19732,0.714803,0.00262495,0.000323305,0.4517,5.96736,0.19707,0.0875889,0.107124,0.0343506,1.93663,6.68216,MaxIterations,1,1,0,0.00230745,0.00103624,0.000132011,5.59308e-08,1137,10784,597,163883616,1024,502937360,347,0,3120,0,118830172,1351815168,0,0.177554,1.31385,0,0
cavity2d,160x160,25600,51520,disc-only,upwind,2,60,60,8.72841,0.134255,1.18742,0.706637,0.00269922,0.000520854,0.456967,5.82359,0.186794,0.0768122,0.108536,0.0351485,1.91121,6.53022,MaxIterations,1,1,0,0.00230745,0.00103624,0.000132011,5.59308e-08,1137,10784,597,163883616,1024,502937360,347,0,3120,0,118830172,1351815168,0,0.176197,1.29134,0,0
cavity2d,320x320,102400,205440,cpu,upwind,0,20,20,28.6554,0.00498869,6.22436,0.974639,0.0234959,0.0879012,0.79795,19.8265,0.573473,0.0253404,0.0674974,0.0484046,7.73252,20.8011,MaxIterations,0,1,0,0.00913006,0.00244704,0.000215288,4.75451e-08,394,8543,0,0,0,0,0,0,0,0,0,1351815168,0,0,0,0,0
cavity2d,320x320,102400,205440,cpu,upwind,1,20,20,28.4362,0.00443415,6.0706,0.960598,0.0219883,0.0875169,0.810309,19.7583,0.57852,0.0241268,0.0660969,0.0533438,7.59307,20.7189,MaxIterations,0,1,0,0.00913006,0.00244704,0.000215288,4.75451e-08,394,8543,0,0,0,0,0,0,0,0,0,1351815168,0,0,0,0,0
cavity2d,320x320,102400,205440,cpu,upwind,2,20,20,28.7383,0.0053113,6.23572,0.960621,0.0234999,0.0888905,0.827492,19.8889,0.56347,0.0259892,0.0669378,0.0511333,7.76506,20.8496,MaxIterations,0,1,0,0.00913006,0.00244704,0.000215288,4.75451e-08,394,8543,0,0,0,0,0,0,0,0,0,1351815168,0,0,0,0,0
cavity2d,320x320,102400,205440,gpu-pipe,upwind,0,20,20,14.406,0.00449366,6.43203,0.60187,0.0218387,0.0879553,0.890296,5.61539,0.593536,0.0250532,0.0662038,0.0629563,8.05071,6.21726,MaxIterations,0,1,0,0.00913029,0.00244605,0.00021529,3.65372e-08,395,7244,184,353259200,30578,219830400,28,2,91721,30518,34372624,1351815168,6.2011,0.209491,2.73829,30518,0
cavity2d,320x320,102400,205440,gpu-pipe,upwind,1,20,20,14.5075,0.00578723,6.31894,0.639244,0.0228217,0.0942581,0.876963,5.80163,0.597117,0.0239496,0.0667541,0.0541961,7.93404,6.44087,MaxIterations,0,1,0,0.00913029,0.00244605,0.00021529,3.65372e-08,395,7244,184,353259200,30578,219830400,26,0,91721,30518,34365424,1351815168,6.42414,0.220917,2.77303,30518,0
cavity2d,320x320,102400,205440,gpu-pipe,upwind,2,20,20,14.1913,0.00569006,6.36805,0.582839,0.0233221,0.0933011,0.876146,5.50074,0.594365,0.0243864,0.0658993,0.0518427,7.97957,6.08358,MaxIterations,0,1,0,0.00913029,0.00244605,0.00021529,3.65372e-08,395,7244,184,353259200,30578,219830400,26,0,91721,30518,34365424,1351815168,6.066,0.198483,2.6134,30518,0
cavity2d,320x320,102400,205440,gpu-disc,upwind,0,20,20,5.40935,0.477176,0.0128949,0.389179,0.000724386,0.000352468,0.00411266,4.37878,0.00287721,0.0471933,0.057081,0.00775488,0.0681549,4.76796,MaxIterations,1,1,0,0.00913029,0.00244605,0.00021529,3.65372e-08,395,7244,297,408458336,30682,206826400,358,0,93081,30518,482191460,1351815168,4.76294,0.239517,2.34543,30518,1
cavity2d,320x320,102400,205440,gpu-disc,upwind,1,20,20,5.24753,0.35568,0.0104898,0.379309,0.000686064,0.000277095,0.0032151,4.35564,0.00256521,0.0467254,0.0542782,0.00756314,0.0639586,4.73495,MaxIterations,1,1,0,0.00913029,0.00244605,0.00021529,3.65372e-08,395,7244,297,408458336,30682,206826400,358,0,93081,30518,482191460,1351815168,4.73039,0.117884,2.46738,30518,1
cavity2d,320x320,102400,205440,gpu-disc,upwind,2,20,20,5.26242,0.357418,0.0136017,0.395455,0.000717922,0.000521286,0.00357054,4.33937,0.00284422,0.0466229,0.0593886,0.00814957,0.0678786,4.73483,MaxIterations,1,1,0,0.00913029,0.00244605,0.00021529,3.65372e-08,395,7244,297,408458336,30682,206826400,358,0,93081,30518,482191460,1351815168,4.72843,0.106594,2.48795,30518,1
cavity2d,320x320,102400,205440,disc-only,upwind,0,20,20,24.0456,0.342091,1.56121,1.02878,0.0016876,0.000495039,0.657996,20.0478,0.146473,0.0773004,0.0807116,0.0665521,2.44516,21.0765,MaxIterations,1,1,0,0.00913006,0.00244704,0.000215288,4.75451e-08,394,8543,397,490378336,344,673894320,347,0,1040,0,473999452,1351815168,0,0.159105,1.14969,0,0
cavity2d,320x320,102400,205440,disc-only,upwind,1,20,20,24.1078,0.48011,1.57397,1.00983,0.00174726,0.000389454,0.64853,19.9873,0.150917,0.0684237,0.0877149,0.0648104,2.44398,20.9972,MaxIterations,1,1,0,0.00913006,0.00244704,0.000215288,4.75451e-08,394,8543,397,490378336,344,673894320,347,0,1040,0,473999452,1351815168,0,0.275437,1.17012,0,0
cavity2d,320x320,102400,205440,disc-only,upwind,2,20,20,23.8785,0.48422,1.59632,0.992332,0.00175509,0.000565967,0.648737,19.7406,0.156568,0.0712725,0.0801701,0.0699854,2.47522,20.7329,MaxIterations,1,1,0,0.00913006,0.00244704,0.000215288,4.75451e-08,394,8543,397,490378336,344,673894320,347,0,1040,0,473999452,1351815168,0,0.27305,1.19298,0,0
cavity2d,640x640,409600,820480,cpu,upwind,0,8,8,92.8693,0.0248147,14.3739,2.07759,0.0328664,0.143956,2.29217,72.734,0.967963,0.0473202,0.118715,0.0504295,17.8581,74.8116,MaxIterations,0,1,0,0.0311647,0.00533118,0.000268289,2.85764e-10,156,5824,0,0,0,0,0,0,0,0,0,1351815168,0,0,0,0,0
cavity2d,640x640,409600,820480,cpu,upwind,1,8,8,92.761,0.0241332,14.653,2.05981,0.0374257,0.140277,2.30509,72.3743,0.943604,0.0438354,0.109839,0.0676191,18.1232,74.4341,MaxIterations,0,1,0,0.0311647,0.00533118,0.000268289,2.85764e-10,156,5824,0,0,0,0,0,0,0,0,0,1351815168,0,0,0,0,0
cavity2d,640x640,409600,820480,cpu,upwind,2,8,8,92.9653,0.0185926,14.7443,2.07955,0.0326331,0.144006,2.29675,72.4672,0.954515,0.04456,0.114029,0.0677401,18.2167,74.5467,MaxIterations,0,1,0,0.0311647,0.00533118,0.000268289,2.85764e-10,156,5824,0,0,0,0,0,0,0,0,0,1351815168,0,0,0,0,0
cavity2d,640x640,409600,820480,gpu-pipe,upwind,0,8,8,25.175,0.0241427,14.5554,0.507962,0.0339463,0.148855,2.29223,6.37892,1.00182,0.0453975,0.110843,0.0688327,18.0777,6.88688,MaxIterations,0,1,0,0.0311647,0.00533166,0.000268288,5.23623e-10,156,5629,76,589291392,23154,596416000,28,2,69453,23130,137572464,1351815168,6.85429,0.186311,2.07028,23130,0
cavity2d,640x640,409600,820480,gpu-pipe,upwind,1,8,8,25.9284,0.0196251,14.8323,0.460538,0.037957,0.165577,2.29693,6.85725,1.01969,0.0486947,0.110578,0.0726803,18.4011,7.31779,MaxIterations,0,1,0,0.0311647,0.00533166,0.000268288,5.23623e-10,156,5629,76,589291392,23154,596416000,26,0,69453,23130,137543664,1351815168,7.28412,0.140367,2.37908,23130,0
cavity2d,640x640,409600,820480,gpu-pipe,upwind,2,8,8,25.344,0.0204797,15.0679,0.46955,0.0381832,0.15422,2.29246,6.04784,1.0169,0.044542,0.110976,0.0734719,18.6142,6.51739,MaxIterations,0,1,0,0.0311647,0.00533166,0.000268288,5.23623e-10,156,5629,76,589291392,23154,596416000,26,0,69453,23130,137543664,1351815168,6.47899,0.127742,2.28821,23130,0
cavity2d,640x640,409600,820480,gpu-disc,upwind,0,8,8,5.0153,1.27445,0.0177712,0.140583,0.000739043,0.00023741,0.00617336,3.4084,0.00210219,0.0202699,0.077718,0.00858251,0.0472931,3.54898,MaxIterations,1,1,0,0.0311647,0.00533166,0.000268288,5.23623e-10,156,5629,297,1631201376,23198,583391040,358,0,69997,23130,1926123620,1351815168,3.54514,0.212728,1.68676,23130,1
cavity2d,640x640,409600,820480,gpu-disc,upwind,1,8,8,5.47811,1.3444,0.0184933,0.159864,0.00102976,0.000301486,0.00886631,3.78408,0.00252606,0.0209888,0.083374,0.00867819,0.0522058,3.94395,MaxIterations,1,1,0,0.0311647,0.00533166,0.000268288,5.23623e-10,156,5629,297,1631201376,23198,583391040,358,0,69997,23130,1926123620,1351815168,3.93872,0.250528,1.84149,23130,1
cavity2d,640x640,409600,820480,gpu-disc,upwind,2,8,8,5.34901,1.30059,0.0168713,0.159771,0.000795529,0.000277853,0.0084352,3.69269,0.00235946,0.0225033,0.0862172,0.00963641,0.0512427,3.85246,MaxIterations,1,1,0,0.0311647,0.00533166,0.000268288,5.23623e-10,156,5629,297,1631201376,23198,583391040,358,0,69997,23130,1926123620,1351815168,3.84717,0.215033,1.83214,23130,1
cavity2d,640x640,409600,820480,disc-only,upwind,0,8,8,83.6791,1.20363,3.13581,2.08917,0.00164039,0.000339752,1.49323,75.1452,0.299,0.0715087,0.114238,0.0760865,5.00153,77.2344,MaxIterations,1,1,0,0.0311647,0.00533118,0.000268289,2.85764e-10,156,5824,337,1762273376,140,1086996448,347,0,416,0,1893355612,1351815168,0,0.360036,1.80017,0,0
cavity2d,640x640,409600,820480,disc-only,upwind,1,8,8,84.3642,1.61326,3.17672,2.08366,0.0012926,0.000228946,1.51769,75.3531,0.299652,0.0703235,0.119322,0.0760183,5.06591,77.4367,MaxIterations,1,1,0,0.0311647,0.00533118,0.000268289,2.85764e-10,156,5824,337,1762273376,140,1086996448,347,0,416,0,1893355612,1351815168,0,0.774711,1.83612,0,0
cavity2d,640x640,409600,820480,disc-only,upwind,2,8,8,83.3956,1.23329,3.10299,2.09656,0.00156097,0.000301804,1.50236,74.848,0.295345,0.0713735,0.115917,0.0764574,4.97393,76.9446,MaxIterations,1,1,0,0.0311647,0.00533118,0.000268289,2.85764e-10,156,5824,337,1762273376,140,1086996448,347,0,416,0,1893355612,1351815168,0,0.451378,1.76529,0,0
