cell_id,x,y,velocity_x,velocity_y,velocity_magnitude,pressure
0,6.25000000000000000e-02,6.25000000000000000e-02,8.20457680509325993e-01,1.68182114343734229e-01,8.37517778373612853e-01,1.25856645088604058e+01
1,1.87500000000000000e-01,6.25000000000000000e-02,7.28395179362621326e-01,1.02734987681924586e-01,7.35604523512947472e-01,9.38840425058899086e+00
2,3.12500000000000000e-01,6.25000000000000000e-02,5.21322168353461457e-01,9.03226166645281214e-02,5.29088818912176739e-01,1.00649546854275656e+01
3,4.37500000000000000e-01,6.25000000000000000e-02,4.60082165743207816e-01,3.76905837684833045e-02,4.61623417235054900e-01,8.68203435412766211e+00
4,5.62500000000000000e-01,6.25000000000000000e-02,3.89856742582895710e-01,2.31562035551072173e-02,3.90543838128873499e-01,9.25990940520381933e+00
5,6.87500000000000000e-01,6.25000000000000000e-02,3.76755160195084982e-01,7.40730277620000200e-03,3.76827969858982759e-01,8.36736204359112357e+00
6,8.12500000000000000e-01,6.25000000000000000e-02,3.54473014135799236e-01,3.98082762573759644e-03,3.54495366315420779e-01,8.85104700820202162e+00
7,9.37500000000000000e-01,6.25000000000000000e-02,3.56859653776516128e-01,6.27344145247271082e-04,3.56860205198298253e-01,8.12025923014607720e+00
8,1.06250000000000000e+00,6.25000000000000000e-02,3.47201945505838550e-01,3.15719986362703541e-04,3.47202089052109641e-01,8.51133993862681315e+00
9,1.18750000000000000e+00,6.25000000000000000e-02,3.52722145335418846e-01,-2.24348585005528422e-04,3.52722216683763634e-01,7.86945226486722049e+00
10,1.31250000000000000e+00,6.25000000000000000e-02,3.46143060844786965e-01,-9.78628787343620012e-05,3.46143074678868790e-01,8.18004141254700023e+00
11,1.43750000000000000e+00,6.25000000000000000e-02,3.51789353521872961e-01,-1.56319188149406623e-04,3.51789388252439883e-01,7.61014053932402224e+00
12,1.56250000000000000e+00,6.25000000000000000e-02,3.46209107570847829e-01,-5.96697496155275159e-05,3.46209112712941025e-01,7.85047971730369021e+00
13,1.68750000000000000e+00,6.25000000000000000e-02,3.51409025359834259e-01,-6.78712336837238484e-05,3.51409031914168335e-01,7.34521301564049356e+00
14,1.81250000000000000e+00,6.25000000000000000e-02,3.46450627430450686e-01,-1.70751795489671638e-05,3.46450627851234705e-01,7.52322662208812787e+00
15,1.93750000000000000e+00,6.25000000000000000e-02,3.51112102278210270e-01,-2.96786207636711617e-05,3.51112103532539743e-01,7.07625389103240288e+00
16,2.06250000000000000e+00,6.25000000000000000e-02,3.46718613786749952e-01,1.06721674913101123e-06,3.46718613788392416e-01,7.19891160482242842e+00
17,2.18750000000000000e+00,6.25000000000000000e-02,3.50830301278661549e-01,-1.63536568831963128e-05,3.50830301659817489e-01,6.80380874362790511e+00
18,2.31250000000000000e+00,6.25000000000000000e-02,3.46987885282291519e-01,7.15153127303290585e-06,3.46987885355989178e-01,6.87774768753810850e+00
19,2.43750000000000000e+00,6.25000000000000000e-02,3.50559323329720784e-01,-1.18222639256691998e-05,3.50559323529067823e-01,6.52808634454310521e+00
20,2.56250000000000000e+00,6.25000000000000000e-02,3.47248986492616707e-01,8.75903705425309542e-06,3.47248986603086063e-01,6.55972271268611973e+00
21,2.68750000000000000e+00,6.25000000000000000e-02,3.50303106844988443e-01,-9.96515686327818406e-06,3.50303106986729063e-01,6.24924937369133193e+00
22,2.81250000000000000e+00,6.25000000000000000e-02,3.47495038865856087e-01,8.75838425426301614e-06,3.47495038976230741e-01,6.24470229002779487e+00
23,2.93750000000000000e+00,6.25000000000000000e-02,3.50065880483310998e-01,-8.82422955790983166e-06,3.50065880594528700e-01,5.96749580225448284e+00
24,3.06250000000000000e+00,6.25000000000000000e-02,3.47720977960580935e-01,8.17566154149974230e-06,3.47720978056694552e-01,5.93247699905982451e+00
25,3.18750000000000000e+00,6.25000000000000000e-02,3.49850969224761388e-01,-7.83556771958040762e-06,3.49850969312507476e-01,5.68306829696379534e+00
26,3.31250000000000000e+00,6.25000000000000000e-02,3.47923588465896272e-01,7.35574818727110659e-06,3.47923588543653350e-01,5.62278926930182621e+00
27,3.43750000000000000e+00,6.25000000000000000e-02,3.49660461963530123e-01,-6.86701746331401374e-06,3.49660462030961183e-01,5.39624280677734713e+00
28,3.56250000000000000e+00,6.25000000000000000e-02,3.48101286484121419e-01,6.44250837476677979e-06,3.48101286543739008e-01,5.31535359462761114e+00
29,3.68750000000000000e+00,6.25000000000000000e-02,3.49495150162084656e-01,-5.90952284176021385e-06,3.49495150212045913e-01,5.10731289835392133e+00
30,3.81250000000000000e+00,6.25000000000000000e-02,3.48253854702619714e-01,5.51362662187623349e-06,3.48253854746266134e-01,5.00987377600853812e+00
31,3.93750000000000000e+00,6.25000000000000000e-02,3.49354656148851195e-01,-4.98615087365205422e-06,3.49354656184433510e-01,4.81657475989520201e+00
32,4.06250000000000000e+00,6.25000000000000000e-02,3.48382172164223403e-01,4.61845303572839149e-06,3.48382172194836470e-01,4.70605738321237954e+00
33,4.18750000000000000e+00,6.25000000000000000e-02,3.49237658802169837e-01,-4.12358520063044439e-06,3.49237658826514197e-01,4.52431454538027289e+00
34,4.31250000000000000e+00,6.25000000000000000e-02,3.48487939571552940e-01,3.78969200145188996e-06,3.48487939592158735e-01,4.40362714826914026e+00
35,4.43750000000000000e+00,6.25000000000000000e-02,3.49142153482443318e-01,-3.34288294559720616e-06,3.49142153498446628e-01,4.23079868377396018e+00
36,4.56250000000000000e+00,6.25000000000000000e-02,3.48573410650699078e-01,3.04774706106415765e-06,3.48573410664023031e-01,4.10232916937321779e+00
37,4.68750000000000000e+00,6.25000000000000000e-02,3.49065708279010734e-01,-2.65701082742908881e-06,3.49065708289123033e-01,3.93626727570541401e+00
38,4.81250000000000000e+00,6.25000000000000000e-02,3.48641145562175236e-01,2.40307779092074559e-06,3.48641145570457056e-01,3.80193805192474166e+00
39,4.93750000000000000e+00,6.25000000000000000e-02,3.49005693532490835e-01,-2.07104902893358545e-06,3.49005693538635808e-01,3.64093038308878159e+00
40,5.06250000000000000e+00,6.25000000000000000e-02,3.48693800169960266e-01,1.85814202767074012e-06,3.48693800174911195e-01,3.50225932268393869e+00
41,5.18750000000000000e+00,6.25000000000000000e-02,3.48959471295464396e-01,-1.58348643895328804e-06,3.48959471299057133e-01,3.34496681203163204e+00
42,5.31250000000000000e+00,6.25000000000000000e-02,3.48733959527881943e-01,1.40929723143309410e-06,3.48733959530729554e-01,3.20312959314703205e+00
43,5.43750000000000000e+00,6.25000000000000000e-02,3.48924538818120633e-01,-1.18790123843700498e-06,3.48924538820142682e-01,3.04852487614076306e+00
44,5.56250000000000000e+00,6.25000000000000000e-02,3.48764018098306761e-01,1.04864865427192542e-06,3.48764018099883277e-01,2.90441501463469987e+00
45,5.68750000000000000e+00,6.25000000000000000e-02,3.48898626017074054e-01,-8.74662788361128130e-07,3.48898626018170455e-01,2.75172459165348204e+00
46,5.81250000000000000e+00,6.25000000000000000e-02,3.48786104312969747e-01,7.65735595480388259e-07,3.48786104313810297e-01,2.60600856846118623e+00
47,5.93750000000000000e+00,6.25000000000000000e-02,3.48879751187336384e-01,-6.32455184451495812e-07,3.48879751187909648e-01,2.45466078095540619e+00
48,6.06250000000000000e+00,6.25000000000000000e-02,3.48802043619904856e-01,5.48954727036399914e-07,3.48802043620336844e-01,2.30782668532079871e+00
49,6.18750000000000000e+00,6.25000000000000000e-02,3.48866241882405725e-01,-4.49522236661800900e-07,3.48866241882695327e-01,2.15740662828345586e+00
50,6.31250000000000000e+00,6.25000000000000000e-02,3.48813352204795479e-01,3.86664490230495378e-07,3.48813352205009752e-01,2.00980560687983534e+00
51,6.43750000000000000e+00,6.25000000000000000e-02,3.48856729063718340e-01,-3.14592750103619588e-07,3.48856729063860171e-01,1.86001732222094285e+00
52,6.56250000000000000e+00,6.25000000000000000e-02,3.48821253077389537e-01,2.67980848117964744e-07,3.48821253077492510e-01,1.71189780689245596e+00
53,6.68750000000000000e+00,6.25000000000000000e-02,3.48850122747204783e-01,-2.17470459307506602e-07,3.48850122747272562e-01,1.56253351721650224e+00
54,6.81250000000000000e+00,6.25000000000000000e-02,3.48826706960545185e-01,1.83324344728812517e-07,3.48826706960593369e-01,1.41406869269584745e+00
55,6.93750000000000000e+00,6.25000000000000000e-02,3.48845576604663810e-01,-1.49318491557763329e-07,3.48845576604695784e-01,1.26498443728847221e+00
56,7.06250000000000000e+00,6.25000000000000000e-02,3.48830451536527697e-01,1.24780824922611587e-07,3.48830451536550012e-01,1.11629372140208316e+00
57,7.18750000000000000e+00,6.25000000000000000e-02,3.48842446953222918e-01,-1.02676345718232091e-07,3.48842446953238017e-01,9.67390522288588239e-01
58,7.31250000000000000e+00,6.25000000000000000e-02,3.48833043335628201e-01,8.65486874966606728e-08,3.48833043335638970e-01,8.18555998431407694e-01
59,7.43750000000000000e+00,6.25000000000000000e-02,3.48840248697849076e-01,-7.08075895954813797e-08,3.48840248697856237e-01,6.69765578815035734e-01
60,7.56250000000000000e+00,6.25000000000000000e-02,3.48834896463180999e-01,6.65953479103602371e-08,3.48834896463187383e-01,5.20844384166098129e-01
61,7.68750000000000000e+00,6.25000000000000000e-02,3.48838606430078968e-01,-4.59701507465713942e-08,3.48838606430081966e-01,3.72118450384066879e-01
62,7.81250000000000000e+00,6.25000000000000000e-02,3.48836316220251075e-01,6.54062249732448819e-08,3.48836316220257181e-01,2.23152137434909276e-01
63,7.93750000000000000e+00,6.25000000000000000e-02,3.48837248073230743e-01,-4.99948972829518347e-08,3.48837248073234352e-01,7.44543146161060071e-02
64,6.25000000000000000e-02,1.87500000000000000e-01,1.02687329946933303e+00,2.82948584211649201e-01,1.06514256063233681e+00,1.00862093872288217e+01
65,1.87500000000000000e-01,1.87500000000000000e-01,1.02303476025291396e+00,1.96446741576333295e-01,1.04172522430902847e+00,9.31011459426351351e+00
66,3.12500000000000000e-01,1.87500000000000000e-01,1.00216483216042529e+00,1.77918493260874888e-01,1.01783561593380756e+00,9.69393720383018831e+00
67,4.37500000000000000e-01,1.87500000000000000e-01,9.81460487604189913e-01,9.38708655462196923e-02,9.85939363311279182e-01,8.78950908626550031e+00
68,5.62500000000000000e-01,1.87500000000000000e-01,9.51235284128394865e-01,6.00515592978616633e-02,9.53128929130226732e-01,9.24538875160669349e+00
69,6.87500000000000000e-01,1.87500000000000000e-01,9.40800110975069104e-01,2.81173847343007266e-02,9.41220184725656606e-01,8.43391304497837879e+00
70,8.12500000000000000e-01,1.87500000000000000e-01,9.21440295101640161e-01,1.57536162067481861e-02,9.21574952926015212e-01,8.86717550363592544e+00
71,9.37500000000000000e-01,1.87500000000000000e-01,9.21180428417493258e-01,6.82303849142140706e-03,9.21205696657207973e-01,8.14694976252529734e+00
72,1.06250000000000000e+00,1.87500000000000000e-01,9.09460817675820876e-01,3.62612005663202463e-03,9.09468046516334616e-01,8.51969313434350717e+00
73,1.18750000000000000e+00,1.87500000000000000e-01,9.13763871420339324e-01,1.49324467168332974e-03,9.13765091526665740e-01,7.87855149908322439e+00
74,1.31250000000000000e+00,1.87500000000000000e-01,9.05546282287128745e-01,8.08387769112286158e-04,9.05546643113884886e-01,8.18299102143422274e+00
75,1.43750000000000000e+00,1.87500000000000000e-01,9.11158773364758257e-01,3.22675331433978159e-04,9.11158830500445993e-01,7.61310751186534684e+00
76,1.56250000000000000e+00,1.87500000000000000e-01,9.04527864974355222e-01,1.99625836158070043e-04,9.04527887002683828e-01,7.85133825489903092e+00
77,1.68750000000000000e+00,1.87500000000000000e-01,9.10149490634947544e-01,7.25521078286423833e-05,9.10149493526674846e-01,7.34624719912122259e+00
78,1.81250000000000000e+00,1.87500000000000000e-01,9.04439039284004709e-01,6.40854669712990252e-05,9.04439041554443657e-01,7.52339003510376259e+00
79,1.93750000000000000e+00,1.87500000000000000e-01,9.09625549747780537e-01,1.32659458992727328e-05,9.09625549844515602e-01,7.07669874004250321e+00
80,2.06250000000000000e+00,1.87500000000000000e-01,9.04632043717952139e-01,2.94556317509999409e-05,9.04632044197503093e-01,7.19884759903868510e+00
81,2.18750000000000000e+00,1.87500000000000000e-01,9.09248637803733328e-01,-3.77058302427925892e-06,9.09248637811551519e-01,6.80407035259648030e+00
82,2.31250000000000000e+00,1.87500000000000000e-01,9.04904366814714312e-01,1.85187689790330324e-05,9.04904367004206622e-01,6.87761153557152838e+00
83,2.43750000000000000e+00,1.87500000000000000e-01,9.08924062412222789e-01,-9.35250344140183404e-06,9.08924062460339743e-01,6.52828488473534918e+00
84,2.56250000000000000e+00,1.87500000000000000e-01,9.05190399235488163e-01,1.43039507174997296e-05,9.05190399348504648e-01,6.55956836411482058e+00
85,2.68750000000000000e+00,1.87500000000000000e-01,9.08628584385546723e-01,-1.09096855119124582e-05,9.08628584451041665e-01,6.24941973763881098e+00
86,2.81250000000000000e+00,1.87500000000000000e-01,9.05466033613937071e-01,1.23015005068306232e-05,9.05466033697500117e-01,6.24455073042833586e+00
87,2.93750000000000000e+00,1.87500000000000000e-01,9.08358567539715112e-01,-1.08036033214752082e-05,9.08358567603961720e-01,5.96764743459739488e+00
88,3.06250000000000000e+00,1.87500000000000000e-01,9.05720721950983854e-01,1.09519733555411689e-05,9.05720722017199442e-01,5.93233647375995066e+00
89,3.18750000000000000e+00,1.87500000000000000e-01,9.08115238914232736e-01,-1.00125606099966912e-05,9.08115238969430250e-01,5.68320316860272623e+00
90,3.31250000000000000e+00,1.87500000000000000e-01,9.05949420534031380e-01,9.74020129482660693e-06,9.05949420586391718e-01,5.62266330581777307e+00
91,3.43750000000000000e+00,1.87500000000000000e-01,9.07900129469427886e-01,-8.94534750680185633e-06,9.07900129513496190e-01,5.39636107578350899e+00
92,3.56250000000000000e+00,1.87500000000000000e-01,9.06149945173803095e-01,8.53695260764729780e-06,9.06149945214016928e-01,5.31524355968658835e+00
93,3.68750000000000000e+00,1.87500000000000000e-01,9.07713815749425224e-01,-7.78365329127532444e-06,9.07713815782797639e-01,5.10741468563098078e+00
94,3.81250000000000000e+00,1.87500000000000000e-01,9.06321968779755349e-01,7.34209998806222805e-06,9.06321968809494449e-01,5.00977981043198728e+00
95,3.93750000000000000e+00,1.87500000000000000e-01,9.07555718474887585e-01,-6.62148879412330412e-06,9.07555718499042707e-01,4.81666062892782243e+00
96,4.06250000000000000e+00,1.87500000000000000e-01,9.06466498702105272e-01,6.18935842972767950e-06,9.06466498723235814e-01,4.70597882938259460e+00
97,4.18750000000000000e+00,1.87500000000000000e-01,9.07424252660340325e-01,-5.51558111030126045e-06,9.07424252677103027e-01,4.52438553895564066e+00
98,4.31250000000000000e+00,1.87500000000000000e-01,9.06585495302279609e-01,5.11377277760878957e-06,9.06585495316702183e-01,4.40356281332357646e+00
99,4.43750000000000000e+00,1.87500000000000000e-01,9.07317089190585846e-01,-4.50213770477120151e-06,9.07317089201755689e-01,4.23085621515419508e+00
100,4.56250000000000000e+00,1.87500000000000000e-01,9.06681544432933806e-01,4.14177160239473514e-06,9.06681544442393683e-01,4.10227752703986059e+00
101,4.68750000000000000e+00,1.87500000000000000e-01,9.07231434431114092e-01,-3.60273809021247031e-06,9.07231434438267592e-01,3.93631298372486604e+00
102,4.81250000000000000e+00,1.87500000000000000e-01,9.06757570920025180e-01,3.28908765887258867e-06,9.06757570925990408e-01,3.80189740908586327e+00
103,4.93750000000000000e+00,1.87500000000000000e-01,9.07164285945369242e-01,-2.82730059604716497e-06,9.07164285949775051e-01,3.64096599390747988e+00
104,5.06250000000000000e+00,1.87500000000000000e-01,9.06816598451366085e-01,2.56150983058633509e-06,9.06816598454983858e-01,3.50222795432637657e+00
105,5.18750000000000000e+00,1.87500000000000000e-01,9.07112644330206552e-01,-2.17648030642263870e-06,9.07112644332817575e-01,3.34499402467501117e+00
106,5.31250000000000000e+00,1.87500000000000000e-01,9.06861561776158176e-01,1.95669687115750665e-06,9.06861561778269154e-01,3.20310584507069374e+00
107,5.43750000000000000e+00,1.87500000000000000e-01,9.07073673161893024e-01,-1.64400203771203636e-06,9.07073673163382832e-01,3.04854527767562677e+00
108,5.56250000000000000e+00,1.87500000000000000e-01,9.06895172701522090e-01,1.46632804890940267e-06,9.06895172702707475e-01,2.90439737448408541e+00
109,5.68750000000000000e+00,1.87500000000000000e-01,9.07044806826911465e-01,-1.21889792347420237e-06,9.07044806827730477e-01,2.75173960201334378e+00
110,5.81250000000000000e+00,1.87500000000000000e-01,9.06919836567718796e-01,1.07822053243172216e-06,9.06919836568359727e-01,2.60599570788207213e+00
111,5.93750000000000000e+00,1.87500000000000000e-01,9.07023811188293783e-01,-8.87517066411731115e-07,9.07023811188727991e-01,2.45467162415583173e+00
112,6.06250000000000000e+00,1.87500000000000000e-01,9.06937612241132562e-01,7.78196590259406208e-07,9.06937612241466407e-01,2.30781747783862334e+00
113,6.18750000000000000e+00,1.87500000000000000e-01,9.07008805080957936e-01,-6.35204033532529497e-07,9.07008805081180425e-01,2.15741432507062614e+00
114,6.31250000000000000e+00,1.87500000000000000e-01,9.06950206588610586e-01,5.51586482451624549e-07,9.06950206588778340e-01,2.00979912701538144e+00
115,6.43750000000000000e+00,1.87500000000000000e-01,9.06998251923837540e-01,-4.47584336972785782e-07,9.06998251923947896e-01,1.86002269857636793e+00
116,6.56250000000000000e+00,1.87500000000000000e-01,9.06958993962482585e-01,3.84362402386263925e-07,9.06958993962564075e-01,1.71189331600519279e+00
117,6.68750000000000000e+00,1.87500000000000000e-01,9.06990930859184474e-01,-3.11409501245125297e-07,9.06990930859237876e-01,1.56253722324796396e+00
118,6.81250000000000000e+00,1.87500000000000000e-01,9.06965052170340957e-01,2.63986988827344357e-07,9.06965052170379371e-01,1.41406561641005846e+00
119,6.93750000000000000e+00,1.87500000000000000e-01,9.06985895897306382e-01,-2.14968818125201818e-07,9.06985895897331806e-01,1.26498697192694132e+00
120,7.06250000000000000e+00,1.87500000000000000e-01,9.06969207651676657e-01,1.80098194221217522e-07,9.06969207651694531e-01,1.11629162276478411e+00
121,7.18750000000000000e+00,1.87500000000000000e-01,9.06982429172760396e-01,-1.48067366630094101e-07,9.06982429172772497e-01,9.67392260692788497e-01
122,7.31250000000000000e+00,1.87500000000000000e-01,9.06972083512199045e-01,1.25592455859555337e-07,9.06972083512207816e-01,8.18554549268220466e-01
123,7.43750000000000000e+00,1.87500000000000000e-01,9.06979991824895082e-01,-1.00861530812918228e-07,9.06979991824900744e-01,6.69766798907299288e-01
124,7.56250000000000000e+00,1.87500000000000000e-01,9.06974145340552540e-01,1.00247501382314914e-07,9.06974145340558091e-01,5.20843328832947705e-01
125,7.68750000000000000e+00,1.87500000000000000e-01,9.06978174469416754e-01,-6.16216957118228774e-08,9.06978174469418863e-01,3.72119342283597276e-01
126,7.81250000000000000e+00,1.87500000000000000e-01,9.06975746698836072e-01,1.09216154438722376e-07,9.06975746698842622e-01,2.23151203301976325e-01
127,7.93750000000000000e+00,1.87500000000000000e-01,9.06976708502294837e-01,-7.63505023345240820e-08,9.06976708502298057e-01,7.44549442428367736e-02
128,6.25000000000000000e-02,3.12500000000000000e-01,1.07847266258561336e+00,1.18253973411991828e-01,1.08493653555045633e+00,1.01290715429365044e+01
129,1.87500000000000000e-01,3.12500000000000000e-01,1.13973167709185530e+00,1.27500368877495690e-01,1.14684115719244684e+00,9.38619318767820054e+00
130,3.12500000000000000e-01,3.12500000000000000e-01,1.21163977504297105e+00,1.31808152588003602e-01,1.21878805932567458e+00,9.76022131969190809e+00
131,4.37500000000000000e-01,3.12500000000000000e-01,1.24923955084581784e+00,8.87388445439120654e-02,1.25238733542321046e+00,8.82363081640102109e+00
132,5.62500000000000000e-01,3.12500000000000000e-01,1.26324167046303026e+00,6.36685712644053659e-02,1.26484513082079641e+00,9.27197139606922249e+00
133,6.87500000000000000e-01,3.12500000000000000e-01,1.27758850781693711e+00,3.73779923534121525e-02,1.27813516875887556e+00,8.44004245578517320e+00
134,8.12500000000000000e-01,3.12500000000000000e-01,1.27439918818377751e+00,2.33991000640933929e-02,1.27461398420356287e+00,8.87272747914209070e+00
135,9.37500000000000000e-01,3.12500000000000000e-01,1.28212897681960736e+00,1.28315626428253411e-02,1.28219318443062624e+00,8.14554404435420842e+00
136,1.06250000000000000e+00,3.12500000000000000e-01,1.27591082774998577e+00,7.48669483662888196e-03,1.27593279249701497e+00,8.51976156722724554e+00
137,1.18750000000000000e+00,3.12500000000000000e-01,1.28224863663251187e+00,3.95398490168979381e-03,1.28225473293824832e+00,7.87684512852749563e+00
138,1.31250000000000000e+00,3.12500000000000000e-01,1.27611145427697936e+00,2.22791827741150757e-03,1.27611339909772847e+00,8.18242627486408480e+00
139,1.43750000000000000e+00,3.12500000000000000e-01,1.28192861984791096e+00,1.15420990508753965e-03,1.28192913945571685e+00,7.61216753358931442e+00
140,1.56250000000000000e+00,3.12500000000000000e-01,1.27632435866784166e+00,6.47464769478391534e-04,1.27632452289357223e+00,7.85099801431819344e+00
141,1.68750000000000000e+00,3.12500000000000000e-01,1.28163722981681638e+00,3.30422523855166685e-04,1.28163727241039904e+00,7.34582162841881825e+00
142,1.81250000000000000e+00,3.12500000000000000e-01,1.27660050007987724e+00,1.92761453268765600e-04,1.27660051463297264e+00,7.52324993433400202e+00
143,1.93750000000000000e+00,3.12500000000000000e-01,1.28136189235888964e+00,9.34899445416895853e-05,1.28136189576946791e+00,7.07651325407316545e+00
144,2.06250000000000000e+00,3.12500000000000000e-01,1.27689235536182943e+00,6.22095679270171957e-05,1.27689235687723923e+00,7.19880986102924947e+00
145,2.18750000000000000e+00,3.12500000000000000e-01,1.28108703164636895e+00,2.43732744265761817e-05,1.28108703187822548e+00,6.80398301819327589e+00
146,2.31250000000000000e+00,3.12500000000000000e-01,1.27717854993299662e+00,2.35390029672197683e-05,1.27717855014991399e+00,6.87761658284486899e+00
147,2.43750000000000000e+00,3.12500000000000000e-01,1.28081574789836461e+00,3.51418912685087964e-06,1.28081574790318564e+00,6.52823622129746717e+00
148,2.56250000000000000e+00,3.12500000000000000e-01,1.27745086773756800e+00,1.14239917462713069e-05,1.27745086778864936e+00,6.55958791290064980e+00
149,2.68750000000000000e+00,3.12500000000000000e-01,1.28055590805375319e+00,-2.86272572424851381e-06,1.28055590805695307e+00,6.24938716859436205e+00
150,2.81250000000000000e+00,3.12500000000000000e-01,1.27770463085207320e+00,7.40476790324291884e-06,1.27770463087352981e+00,6.24457241164914567e+00
151,2.93750000000000000e+00,3.12500000000000000e-01,1.28031423659261812e+00,-4.57350552354071295e-06,1.28031423660078691e+00,5.96762276612273901e+00
152,3.06250000000000000e+00,3.12500000000000000e-01,1.27793630211166254e+00,5.83141219912349791e-06,1.27793630212496723e+00,5.93235643728854711e+00
153,3.18750000000000000e+00,3.12500000000000000e-01,1.28009518782466225e+00,-4.74924208670948727e-06,1.28009518783347231e+00,5.68318346536815167e+00
154,3.31250000000000000e+00,3.12500000000000000e-01,1.27814338068813882e+00,4.97244844085115841e-06,1.27814338069781108e+00,5.62268043434095954e+00
155,3.43750000000000000e+00,3.12500000000000000e-01,1.27990122372079873e+00,-4.41019031060774057e-06,1.27990122372839688e+00,5.39634519040524996e+00
156,3.56250000000000000e+00,3.12500000000000000e-01,1.27832459511969065e+00,4.31076106889871477e-06,1.27832459512695906e+00,5.31525767145788386e+00
157,3.68750000000000000e+00,3.12500000000000000e-01,1.27973319087619908e+00,-3.90159547850192203e-06,1.27973319088214654e+00,5.10740202378933006e+00
158,3.81250000000000000e+00,3.12500000000000000e-01,1.27847989632061654e+00,3.70691153947435207e-06,1.27847989632599068e+00,5.00979107888170727e+00
159,3.93750000000000000e+00,3.12500000000000000e-01,1.27959064893509522e+00,-3.35017416129377802e-06,1.27959064893948082e+00,4.81665074152959960e+00
160,4.06250000000000000e+00,3.12500000000000000e-01,1.27861028913128094e+00,3.13560034118370192e-06,1.27861028913512564e+00,4.70598757497486275e+00
161,4.18750000000000000e+00,3.12500000000000000e-01,1.27947217481928011e+00,-2.80965500370757734e-06,1.27947217482236497e+00,4.52437800680704871e+00
162,4.31250000000000000e+00,3.12500000000000000e-01,1.27871758756623910e+00,2.60239162729489206e-06,1.27871758756888720e+00,4.40356941327031670e+00
163,4.43750000000000000e+00,3.12500000000000000e-01,1.27937565368920647e+00,-2.30679214305617784e-06,1.27937565369128614e+00,4.23085063126512839e+00
164,4.56250000000000000e+00,3.12500000000000000e-01,1.27880415106821710e+00,2.11782503959599584e-06,1.27880415106997081e+00,4.10228236677943414e+00
165,4.68750000000000000e+00,3.12500000000000000e-01,1.27929854882910332e+00,-1.85593232964481797e-06,1.27929854883044958e+00,3.93630896362939531e+00
166,4.81250000000000000e+00,3.12500000000000000e-01,1.27887263604330403e+00,1.68985844168901432e-06,1.27887263604442047e+00,3.80190085271520806e+00
167,4.93750000000000000e+00,3.12500000000000000e-01,1.27923813774548267e+00,-1.46398251298418512e-06,1.27923813774632023e+00,3.64096318975807254e+00
168,5.06250000000000000e+00,3.12500000000000000e-01,1.27892578257286793e+00,1.32220577813530527e-06,1.27892578257355138e+00,3.50223032671902956e+00
169,5.18750000000000000e+00,3.12500000000000000e-01,1.27919170458578391e+00,-1.13260430925585459e-06,1.27919170458628528e+00,3.34499213536424866e+00
170,5.31250000000000000e+00,3.12500000000000000e-01,1.27896624637963074e+00,1.01459559196534332e-06,1.27896624638003309e+00,3.20310742265568482e+00
171,5.43750000000000000e+00,3.12500000000000000e-01,1.27915668431884422e+00,-8.59648731352231611e-07,1.27915668431913310e+00,3.04854405333581280e+00
172,5.56250000000000000e+00,3.12500000000000000e-01,1.27899647881542089e+00,7.63637727903811830e-07,1.27899647881564893e+00,2.90439838265372252e+00
173,5.68750000000000000e+00,3.12500000000000000e-01,1.27913075939705068e+00,-6.40350319068787154e-07,1.27913075939721099e+00,2.75173884349859055e+00
174,5.81250000000000000e+00,3.12500000000000000e-01,1.27901865225807465e+00,5.63823316077457550e-07,1.27901865225819900e+00,2.60599632319594665e+00
175,5.93750000000000000e+00,3.12500000000000000e-01,1.27911191372591393e+00,-4.68367511526397812e-07,1.27911191372599964e+00,2.45467117885819297e+00
176,6.06250000000000000e+00,3.12500000000000000e-01,1.27903462470357909e+00,4.08458506444660507e-07,1.27903462470364437e+00,2.30781783331825263e+00
177,6.18750000000000000e+00,3.12500000000000000e-01,1.27909845130538180e+00,-3.36656282375013525e-07,1.27909845130542599e+00,2.15741408052976791e+00
178,6.31250000000000000e+00,3.12500000000000000e-01,1.27904593537729405e+00,2.90440742145228924e-07,1.27904593537732691e+00,2.00979931905141118e+00
179,6.43750000000000000e+00,3.12500000000000000e-01,1.27908898798551340e+00,-2.38153584804922548e-07,1.27908898798553561e+00,1.86002257516405112e+00
180,6.56250000000000000e+00,3.12500000000000000e-01,1.27905382279494395e+00,2.02859851111124655e-07,1.27905382279495994e+00,1.71189341172004950e+00
181,6.68750000000000000e+00,3.12500000000000000e-01,1.27908242488912283e+00,-1.66237104508008475e-07,1.27908242488913348e+00,1.56253716691099798e+00
182,6.81250000000000000e+00,3.12500000000000000e-01,1.27905925762783035e+00,1.39488951271940133e-07,1.27905925762783790e+00,1.41406566060442440e+00
183,6.93750000000000000e+00,3.12500000000000000e-01,1.27907791126800952e+00,-1.14904905096481031e-07,1.27907791126801462e+00,1.26498694769317788e+00
184,7.06250000000000000e+00,3.12500000000000000e-01,1.27906298391981177e+00,9.53418498089925413e-08,1.27906298391981532e+00,1.11629164366867473e+00
185,7.18750000000000000e+00,3.12500000000000000e-01,1.27907480248025029e+00,-7.85321006406286437e-08,1.27907480248025274e+00,9.67392247696753915e-01
186,7.31250000000000000e+00,3.12500000000000000e-01,1.27906556308000430e+00,6.78627561547422441e-08,1.27906556308000607e+00,8.18554561891097765e-01
187,7.43750000000000000e+00,3.12500000000000000e-01,1.27907261691257257e+00,-5.06861177549565506e-08,1.27907261691257368e+00,6.69766789059010104e-01
188,7.56250000000000000e+00,3.12500000000000000e-01,1.27906741662968249e+00,6.01699681823609709e-08,1.27906741662968382e+00,5.20843331834336176e-01
189,7.68750000000000000e+00,3.12500000000000000e-01,1.27907099601511032e+00,-2.35098426472998843e-08,1.27907099601511054e+00,3.72119350818120198e-01
190,7.81250000000000000e+00,3.12500000000000000e-01,1.27906886852498891e+00,7.89584738328008547e-08,1.27906886852499135e+00,2.23151148436372238e-01
191,7.93750000000000000e+00,3.12500000000000000e-01,1.27906971381549250e+00,-3.65739416691979613e-08,1.27906971381549295e+00,7.44550455950195034e-02
192,6.25000000000000000e-02,4.37500000000000000e-01,1.05913622788171446e+00,6.47248131758464268e-02,1.06111208204042007e+00,9.60881788052966535e+00
193,1.87500000000000000e-01,4.37500000000000000e-01,1.12382285105273283e+00,6.33340962917442324e-02,1.12560606266197083e+00,9.31168465889866326e+00
194,3.12500000000000000e-01,4.37500000000000000e-01,1.25002568320387053e+00,6.83269077992258028e-02,1.25189167862028183e+00,9.59449406241177805e+00
195,4.37500000000000000e-01,4.37500000000000000e-01,1.32387419110780491e+00,4.23795500888495477e-02,1.32455233952723739e+00,8.85927032503161804e+00
196,5.62500000000000000e-01,4.37500000000000000e-01,1.38125341062541085e+00,3.15658494185972749e-02,1.38161405146800953e+00,9.24882528038623342e+00
197,6.87500000000000000e-01,4.37500000000000000e-01,1.41897469543319210e+00,1.71214505068838785e-02,1.41907798599907120e+00,8.47257883482813234e+00
198,8.12500000000000000e-01,4.37500000000000000e-01,1.43591000525780843e+00,1.10283654064346100e-02,1.43595235577055869e+00,8.87598168427827616e+00
199,9.37500000000000000e-01,4.37500000000000000e-01,1.45322326288893366e+00,5.51734620058132261e-03,1.45323373650306364e+00,8.16088845049432976e+00
200,1.06250000000000000e+00,4.37500000000000000e-01,1.45445774503232039e+00,3.28152625699405093e-03,1.45446144689334322e+00,8.52331649832971472e+00
201,1.18750000000000000e+00,4.37500000000000000e-01,1.46377468846258241e+00,1.53419039225534751e-03,1.46377549245910310e+00,7.88265743069563385e+00
202,1.31250000000000000e+00,4.37500000000000000e-01,1.46017852710453866e+00,8.72631929559189510e-04,1.46017878785567379e+00,8.18400648456253244e+00
203,1.43750000000000000e+00,4.37500000000000000e-01,1.46662909816897979e+00,3.77264429148145553e-04,1.46662914669128419e+00,7.61418661268266561e+00
204,1.56250000000000000e+00,4.37500000000000000e-01,1.46196733827394065e+00,2.14316522534347374e-04,1.46196735398276356e+00,7.85152808569061378e+00
205,1.68750000000000000e+00,4.37500000000000000e-01,1.46722474254383051e+00,7.98293068842766688e-05,1.46722474471552178e+00,7.34653165869919356e+00
206,1.81250000000000000e+00,4.37500000000000000e-01,1.46265015379650887e+00,5.17297700042709216e-05,1.46265015471127624e+00,7.52337196570416111e+00
207,1.93750000000000000e+00,4.37500000000000000e-01,1.46719259395274815e+00,1.10081027553638460e-05,1.46719259399404400e+00,7.07680121770420723e+00
208,2.06250000000000000e+00,4.37500000000000000e-01,1.46303310291169675e+00,1.50702484353016748e-05,1.46303310298931377e+00,7.19878921650366888e+00
209,2.18750000000000000e+00,4.37500000000000000e-01,1.46699178401804198e+00,-3.18843784913694301e-06,1.46699178402150698e+00,6.80413729637540410e+00
210,2.31250000000000000e+00,4.37500000000000000e-01,1.46332997924089359e+00,7.46453017694820642e-06,1.46332997925993213e+00,6.87754913860275963e+00
211,2.43750000000000000e+00,4.37500000000000000e-01,1.46675138402182914e+00,-5.54604909647750480e-06,1.46675138403231431e+00,6.52834579644049828e+00
212,2.56250000000000000e+00,4.37500000000000000e-01,1.46359334733073254e+00,5.83581528401636135e-06,1.46359334734236723e+00,6.55950821344221513e+00
213,2.68750000000000000e+00,4.37500000000000000e-01,1.46651078215960062e+00,-5.56760833983910952e-06,1.46651078217016950e+00,6.24947843438412587e+00
214,2.81250000000000000e+00,4.37500000000000000e-01,1.46383390462584817e+00,5.26070141603362079e-06,1.46383390463530128e+00,6.24449321812771441e+00
215,2.93750000000000000e+00,4.37500000000000000e-01,1.46628447438438814e+00,-5.12805682978171746e-06,1.46628447439335541e+00,5.96770308832606755e+00
216,3.06250000000000000e+00,4.37500000000000000e-01,1.46405222664643908e+00,4.79094974258383225e-06,1.46405222665427792e+00,5.93228276353012607e+00
217,3.18750000000000000e+00,4.37500000000000000e-01,1.46607876108525392e+00,-4.58638079234248722e-06,1.46607876109242774e+00,5.68325459894411988e+00
218,3.31250000000000000e+00,4.37500000000000000e-01,1.46424699363642907e+00,4.28121957233777221e-06,1.46424699364268784e+00,5.62261436188640928e+00
219,3.43750000000000000e+00,4.37500000000000000e-01,1.46589650357188006e+00,-4.01829139067985959e-06,1.46589650357738743e+00,5.39640744115344262e+00
220,3.56250000000000000e+00,4.37500000000000000e-01,1.46441729426908096e+00,3.73858066497600540e-06,1.46441729427385292e+00,5.31519998728309773e+00
221,3.68750000000000000e+00,4.37500000000000000e-01,1.46573862952191902e+00,-3.45162578008456400e-06,1.46573862952598288e+00,5.10745552973921857e+00
222,3.81250000000000000e+00,4.37500000000000000e-01,1.46456316839605183e+00,3.19200169846626889e-06,1.46456316839953016e+00,5.00974187077413013e+00
223,3.93750000000000000e+00,4.37500000000000000e-01,1.46560474630280702e+00,-2.90627818111927999e-06,1.46560474630568871e+00,4.81669582891632420e+00
224,4.06250000000000000e+00,4.37500000000000000e-01,1.46468559378277319e+00,2.66723616230336247e-06,1.46468559378520169e+00,4.70594649193081338e+00
225,4.18750000000000000e+00,4.37500000000000000e-01,1.46549350979742066e+00,-2.39854462292707234e-06,1.46549350979938353e+00,4.52441524067149548e+00
226,4.31250000000000000e+00,4.37500000000000000e-01,1.46478629402662475e+00,2.18289654969045210e-06,1.46478629402825122e+00,4.40353581694102481e+00
227,4.43750000000000000e+00,4.37500000000000000e-01,1.46540292056354615e+00,-1.94040113151146736e-06,1.46540292056483068e+00,4.23088076726620788e+00
228,4.56250000000000000e+00,4.37500000000000000e-01,1.46486749998742294e+00,1.75068539283225580e-06,1.46486749998846921e+00,4.10225544286469646e+00
229,4.68750000000000000e+00,4.37500000000000000e-01,1.46533058358287072e+00,-1.53900830309084254e-06,1.46533058358367896e+00,3.93633287399288267e+00
230,4.81250000000000000e+00,4.37500000000000000e-01,1.46493171827503499e+00,1.37640676186543805e-06,1.46493171827568158e+00,3.80187970083238724e+00
231,4.93750000000000000e+00,4.37500000000000000e-01,1.46527393165801545e+00,-1.19696971854448018e-06,1.46527393165850439e+00,3.64098179076007256e+00
232,5.06250000000000000e+00,4.37500000000000000e-01,1.46498153122483643e+00,1.06112809831040090e-06,1.46498153122522079e+00,3.50221403231343542e+00
233,5.18750000000000000e+00,4.37500000000000000e-01,1.46523040643940461e+00,-9.13091024184789596e-07,1.46523040643968905e+00,3.34500632695944056e+00
234,5.31250000000000000e+00,4.37500000000000000e-01,1.46501943924981659e+00,8.02359430314836578e-07,1.46501943925003641e+00,3.20309511123789159e+00
235,5.43750000000000000e+00,4.37500000000000000e-01,1.46519759368825153e+00,-6.83357039882359626e-07,1.46519759368841096e+00,3.04855467448934769e+00
236,5.56250000000000000e+00,4.37500000000000000e-01,1.46504774843250152e+00,5.95178907559055687e-07,1.46504774843262253e+00,2.90438925694690342e+00
237,5.68750000000000000e+00,4.37500000000000000e-01,1.46517331371668735e+00,-5.01926791806669393e-07,1.46517331371677328e+00,2.75174664332127739e+00
238,5.81250000000000000e+00,4.37500000000000000e-01,1.46506850088428586e+00,4.33239284594490845e-07,1.46506850088434981e+00,2.60598968484591564e+00
239,5.93750000000000000e+00,4.37500000000000000e-01,1.46515567164935034e+00,-3.62024266765516110e-07,1.46515567164939498e+00,2.45467680178623571e+00
240,6.06250000000000000e+00,4.37500000000000000e-01,1.46508344196738527e+00,3.09604295204026608e-07,1.46508344196741791e+00,2.30781309171554838e+00
241,6.18750000000000000e+00,4.37500000000000000e-01,1.46514307449101100e+00,-2.56661958074873774e-07,1.46514307449103343e+00,2.15741806285154025e+00
242,6.31250000000000000e+00,4.37500000000000000e-01,1.46509401663322580e+00,2.17389029311792366e-07,1.46509401663324201e+00,2.00979599026623879e+00
243,6.43750000000000000e+00,4.37500000000000000e-01,1.46513422297004126e+00,-1.79173882864965385e-07,1.46513422297005214e+00,1.86002534987975499e+00
244,6.56250000000000000e+00,4.37500000000000000e-01,1.46510138678400548e+00,1.50213051896675030e-07,1.46510138678401325e+00,1.71189111052862208e+00
245,6.68750000000000000e+00,4.37500000000000000e-01,1.46512808623025759e+00,-1.23551171636883918e-07,1.46512808623026269e+00,1.56253907401895664e+00
246,6.81250000000000000e+00,4.37500000000000000e-01,1.46510646249473853e+00,1.02517514948397938e-07,1.46510646249474208e+00,1.41406408817530971e+00
247,6.93750000000000000e+00,4.37500000000000000e-01,1.46512386677625828e+00,-8.45669109170549209e-08,1.46512386677626072e+00,1.26498824738337801e+00
248,7.06250000000000000e+00,4.37500000000000000e-01,1.46510994117560456e+00,6.98592932552854546e-08,1.46510994117560633e+00,1.11629057270926579e+00
249,7.18750000000000000e+00,4.37500000000000000e-01,1.46512096131585268e+00,-5.76160628943929262e-08,1.46512096131585379e+00,9.67393134408344291e-01
250,7.31250000000000000e+00,4.37500000000000000e-01,1.46511234983418070e+00,4.95043550876079247e-08,1.46511234983418159e+00,8.18553819262725191e-01
251,7.43750000000000000e+00,4.37500000000000000e-01,1.46511892195761195e+00,-3.79587781948140025e-08,1.46511892195761240e+00,6.69767404470932193e-01
252,7.56250000000000000e+00,4.37500000000000000e-01,1.46511408753776551e+00,4.21048428332496646e-08,1.46511408753776595e+00,5.20842773138512349e-01
253,7.68750000000000000e+00,4.37500000000000000e-01,1.46511742361654029e+00,-1.97472330441525614e-08,1.46511742361654029e+00,3.72119794193242259e-01
254,7.81250000000000000e+00,4.37500000000000000e-01,1.46511546754850186e+00,5.14884104302961212e-08,1.46511546754850275e+00,2.23150600865984899e-01
255,7.93750000000000000e+00,4.37500000000000000e-01,1.46511627643755382e+00,-1.82562208744791098e-08,1.46511627643755404e+00,7.44553848099024362e-02
256,6.25000000000000000e-02,5.62500000000000000e-01,1.05913622787449335e+00,-6.47248131753960648e-02,1.06111208203318497e+00,9.60881788046983232e+00
257,1.87500000000000000e-01,5.62500000000000000e-01,1.12382285106135238e+00,-6.33340962930807050e-02,1.12560606267065211e+00,9.31168465902780262e+00
258,3.12500000000000000e-01,5.62500000000000000e-01,1.25002568319480623e+00,-6.83269077974071187e-02,1.25189167861113182e+00,9.59449406220592316e+00
259,4.37500000000000000e-01,5.62500000000000000e-01,1.32387419111707016e+00,-4.23795500913675960e-02,1.32455233953657858e+00,8.85927032532154968e+00
260,5.62500000000000000e-01,5.62500000000000000e-01,1.38125341061635587e+00,-3.15658494154967412e-02,1.38161405145888594e+00,9.24882528001384152e+00
261,6.87500000000000000e-01,5.62500000000000000e-01,1.41897469544199661e+00,-1.71214505105815144e-02,1.41907798600791968e+00,8.47257883528323141e+00
262,8.12500000000000000e-01,5.62500000000000000e-01,1.43591000524945511e+00,-1.10283654021651432e-02,1.43595235576217273e+00,8.87598168374493213e+00
263,9.37500000000000000e-01,5.62500000000000000e-01,1.45322326289665149e+00,-5.51734620543595494e-03,1.45323373651079990e+00,8.16088845110249395e+00
264,1.06250000000000000e+00,5.62500000000000000e-01,1.45445774502528624e+00,-3.28152625160422562e-03,1.45446144688629708e+00,8.52331649765471155e+00
265,1.18750000000000000e+00,5.62500000000000000e-01,1.46377468846877279e+00,-1.53419039823834221e-03,1.46377549246529970e+00,7.88265743143180586e+00
266,1.31250000000000000e+00,5.62500000000000000e-01,1.46017852709886853e+00,-8.72631923119644866e-04,1.46017878784999988e+00,8.18400648377482298e+00
267,1.43750000000000000e+00,5.62500000000000000e-01,1.46662909817405551e+00,-3.77264436206513603e-04,1.46662914669636169e+00,7.61418661351902148e+00
268,1.56250000000000000e+00,5.62500000000000000e-01,1.46196733826869618e+00,-2.14316515117114585e-04,1.46196735397751776e+00,7.85152808481310327e+00
269,1.68750000000000000e+00,5.62500000000000000e-01,1.46722474254912050e+00,-7.98293150269874447e-05,1.46722474472081221e+00,7.34653165962350130e+00
270,1.81250000000000000e+00,5.62500000000000000e-01,1.46265015379002539e+00,-5.17297615946766116e-05,1.46265015470479254e+00,7.52337196473603509e+00
271,1.93750000000000000e+00,5.62500000000000000e-01,1.46719259396005430e+00,-1.10081121181844946e-05,1.46719259400135038e+00,7.07680121873412915e+00
272,2.06250000000000000e+00,5.62500000000000000e-01,1.46303310290221789e+00,-1.50702387930502152e-05,1.46303310297983469e+00,7.19878921541084882e+00
273,2.18750000000000000e+00,5.62500000000000000e-01,1.46699178402898145e+00,3.18842703446591964e-06,1.46699178403244646e+00,6.80413729756156904e+00
274,2.31250000000000000e+00,5.62500000000000000e-01,1.46332997922721386e+00,-7.46451881480054198e-06,1.46332997924625241e+00,6.87754913732106665e+00
275,2.43750000000000000e+00,5.62500000000000000e-01,1.46675138403752614e+00,5.54603648626157090e-06,1.46675138404801131e+00,6.52834579785814206e+00
276,2.56250000000000000e+00,5.62500000000000000e-01,1.46359334731280599e+00,-5.83580184690264428e-06,1.46359334732444046e+00,6.55950821188857169e+00
277,2.68750000000000000e+00,5.62500000000000000e-01,1.46651078217938102e+00,5.56759347498091635e-06,1.46651078218994990e+00,6.24947843611365883e+00
278,2.81250000000000000e+00,5.62500000000000000e-01,1.46383390460497087e+00,-5.26068552173409358e-06,1.46383390461442375e+00,6.24449321622937781e+00
279,2.93750000000000000e+00,5.62500000000000000e-01,1.46628447440632836e+00,5.12803946285579134e-06,1.46628447441529564e+00,5.96770309042515823e+00
280,3.06250000000000000e+00,5.62500000000000000e-01,1.46405222662515633e+00,-4.79093125256903803e-06,1.46405222663299517e+00,5.93228276124852982e+00
281,3.18750000000000000e+00,5.62500000000000000e-01,1.46607876110631730e+00,4.58636095588479512e-06,1.46607876111349111e+00,5.68325460142487326e+00
282,3.31250000000000000e+00,5.62500000000000000e-01,1.46424699361819033e+00,-4.28119870074170157e-06,1.46424699362444888e+00,5.62261435923826713e+00
283,3.43750000000000000e+00,5.62500000000000000e-01,1.46589650358846080e+00,4.01826950881070377e-06,1.46589650359396839e+00,5.39640744396506999e+00
284,3.56250000000000000e+00,5.62500000000000000e-01,1.46441729425744760e+00,-3.73855802709132283e-06,1.46441729426221978e+00,5.31519998435166041e+00
285,3.68750000000000000e+00,5.62500000000000000e-01,1.46573862953068978e+00,3.45160267420278845e-06,1.46573862953475387e+00,5.10745553276464026e+00
286,3.81250000000000000e+00,5.62500000000000000e-01,1.46456316839376788e+00,-3.19197828051939095e-06,1.46456316839724621e+00,5.00974186770454200e+00
287,3.93750000000000000e+00,5.62500000000000000e-01,1.46560474630161530e+00,2.90625497178036537e-06,1.46560474630449677e+00,4.81669583198576223e+00
288,4.06250000000000000e+00,5.62500000000000000e-01,1.46468559379094265e+00,-2.66721318676158155e-06,1.46468559379337115e+00,4.70594648890866729e+00
289,4.18750000000000000e+00,5.62500000000000000e-01,1.46549350978598825e+00,2.39852254683386565e-06,1.46549350978795090e+00,4.52441524359156322e+00
290,4.31250000000000000e+00,5.62500000000000000e-01,1.46478629404422467e+00,-2.18287525624981915e-06,1.46478629404585114e+00,4.40353581415764506e+00
291,4.43750000000000000e+00,5.62500000000000000e-01,1.46540292054376886e+00,1.94038130480623649e-06,1.46540292054505339e+00,4.23088076985877759e+00
292,4.56250000000000000e+00,5.62500000000000000e-01,1.46486750001131094e+00,-1.75066678641460572e-06,1.46486750001235699e+00,4.10225544047663604e+00
293,4.68750000000000000e+00,5.62500000000000000e-01,1.46533058355858681e+00,1.53899148270297744e-06,1.46533058355939505e+00,3.93633287613475824e+00
294,4.81250000000000000e+00,5.62500000000000000e-01,1.46493171830050706e+00,-1.37639138551883399e-06,1.46493171830115365e+00,3.80187969892498323e+00
295,4.93750000000000000e+00,5.62500000000000000e-01,1.46527393163425246e+00,1.19695612452522947e-06,1.46527393163474140e+00,3.64098179241332209e+00
296,5.06250000000000000e+00,5.62500000000000000e-01,1.46498153124663166e+00,-1.06111589448659327e-06,1.46498153124701602e+00,3.50221403087819771e+00
297,5.18750000000000000e+00,5.62500000000000000e-01,1.46523040642125713e+00,9.13080273902311487e-07,1.46523040642154156e+00,3.34500632818367549e+00
298,5.31250000000000000e+00,5.62500000000000000e-01,1.46501943926336375e+00,-8.02349735382763839e-07,1.46501943926358358e+00,3.20309511017081050e+00
299,5.43750000000000000e+00,5.62500000000000000e-01,1.46519759367964064e+00,6.83348218739785324e-07,1.46519759367980007e+00,3.04855467543125380e+00
300,5.56250000000000000e+00,5.62500000000000000e-01,1.46504774843508057e+00,-5.95170588239485825e-07,1.46504774843520136e+00,2.90438925606988363e+00
301,5.68750000000000000e+00,5.62500000000000000e-01,1.46517331371932702e+00,5.01918664242771986e-07,1.46517331371941295e+00,2.75174664418214920e+00
302,5.81250000000000000e+00,5.62500000000000000e-01,1.46506850087582063e+00,-4.33230993537379590e-07,1.46506850087588480e+00,2.60598968394770969e+00
303,5.93750000000000000e+00,5.62500000000000000e-01,1.46515567166220140e+00,3.62015579988787576e-07,1.46515567166224625e+00,2.45467680277406108e+00
304,6.06250000000000000e+00,5.62500000000000000e-01,1.46508344195063356e+00,-3.09594788953430992e-07,1.46508344195066620e+00,2.30781309060328965e+00
305,6.18750000000000000e+00,5.62500000000000000e-01,1.46514307451039616e+00,2.56651782280194599e-07,1.46514307451041859e+00,2.15741806412852366e+00
306,6.31250000000000000e+00,5.62500000000000000e-01,1.46509401661329419e+00,-2.17377460433168575e-07,1.46509401661331018e+00,2.00979598881532295e+00
307,6.43750000000000000e+00,5.62500000000000000e-01,1.46513422299044715e+00,1.79161912679287176e-07,1.46513422299045803e+00,1.86002535151795367e+00
308,6.56250000000000000e+00,5.62500000000000000e-01,1.46510138676729840e+00,-1.50199149081581123e-07,1.46510138676730617e+00,1.71189110871834171e+00
309,6.68750000000000000e+00,5.62500000000000000e-01,1.46512808624570146e+00,1.23537940509134112e-07,1.46512808624570656e+00,1.56253907597517383e+00
310,6.81250000000000000e+00,5.62500000000000000e-01,1.46510646248764309e+00,-1.02501553280068618e-07,1.46510646248764687e+00,1.41406408610033307e+00
311,6.93750000000000000e+00,5.62500000000000000e-01,1.46512386678199413e+00,8.45539053689384782e-08,1.46512386678199658e+00,1.26498824949990096e+00
312,7.06250000000000000e+00,5.62500000000000000e-01,1.46510994118329196e+00,-6.98417685437836409e-08,1.46510994118329352e+00,1.11629057056192216e+00
313,7.18750000000000000e+00,5.62500000000000000e-01,1.46512096131033531e+00,5.76057786862809783e-08,1.46512096131033642e+00,9.67393136439941403e-01
314,7.31250000000000000e+00,5.62500000000000000e-01,1.46511234985976269e+00,-4.94852595539025739e-08,1.46511234985976357e+00,8.18553817284738527e-01
315,7.43750000000000000e+00,5.62500000000000000e-01,1.46511892194536131e+00,3.79547201394598668e-08,1.46511892194536175e+00,6.69767406135850174e-01
316,7.56250000000000000e+00,5.62500000000000000e-01,1.46511408758080619e+00,-4.20825675864197671e-08,1.46511408758080686e+00,5.20842771532999516e-01
317,7.68750000000000000e+00,5.62500000000000000e-01,1.46511742361445974e+00,1.97530119178841515e-08,1.46511742361445996e+00,3.72119795264016950e-01
318,7.81250000000000000e+00,5.62500000000000000e-01,1.46511546759925904e+00,-5.14602219940084762e-08,1.46511546759925992e+00,2.23150599614676010e-01
319,7.93750000000000000e+00,5.62500000000000000e-01,1.46511627647991149e+00,1.82663438103888822e-08,1.46511627647991172e+00,7.44553853191618348e-02
320,6.25000000000000000e-02,6.87500000000000000e-01,1.07847266259150198e+00,-1.18253973412799959e-01,1.08493653555639780e+00,1.01290715429875036e+01
321,1.87500000000000000e-01,6.87500000000000000e-01,1.13973167708470213e+00,-1.27500368875128778e-01,1.14684115718507496e+00,9.38619318756751220e+00
322,3.12500000000000000e-01,6.87500000000000000e-01,1.21163977505057585e+00,-1.31808152591510575e-01,1.21878805933361400e+00,9.76022131986862007e+00
323,4.37500000000000000e-01,6.87500000000000000e-01,1.24923955083774274e+00,-8.87388445389627883e-02,1.25238733541480518e+00,8.82363081615105216e+00
324,5.62500000000000000e-01,6.87500000000000000e-01,1.26324167047100477e+00,-6.36685712705138129e-02,1.26484513082906824e+00,9.27197139639129553e+00
325,6.87500000000000000e-01,6.87500000000000000e-01,1.27758850780897992e+00,-3.73779923460799274e-02,1.27813516875070743e+00,8.44004245539021980e+00
326,8.12500000000000000e-01,6.87500000000000000e-01,1.27439918819130438e+00,-2.33991000724909429e-02,1.27461398421124272e+00,8.87272747960575536e+00
327,9.37500000000000000e-01,6.87500000000000000e-01,1.28212897681258586e+00,-1.28315626333197017e-02,1.28219318442350994e+00,8.14554404382529107e+00
328,1.06250000000000000e+00,6.87500000000000000e-01,1.27591082775629716e+00,-7.48669484714583038e-03,1.27593279250338787e+00,8.51976156781366534e+00
329,1.18750000000000000e+00,6.87500000000000000e-01,1.28224863662693389e+00,-3.95398489015923952e-03,1.28225473293263459e+00,7.87684512788937763e+00
330,1.31250000000000000e+00,6.87500000000000000e-01,1.27611145428196671e+00,-2.22791828986922472e-03,1.27611339910273736e+00,8.18242627554480251e+00
331,1.43750000000000000e+00,6.87500000000000000e-01,1.28192861984338702e+00,-1.15420989170773348e-03,1.28192913945118092e+00,7.61216753286919356e+00
332,1.56250000000000000e+00,6.87500000000000000e-01,1.27632435867236360e+00,-6.47464783731403390e-04,1.27632452289810150e+00,7.85099801507092021e+00
333,1.68750000000000000e+00,6.87500000000000000e-01,1.28163722981205419e+00,-3.30422508703019462e-04,1.28163727240563285e+00,7.34582162762883062e+00
334,1.81250000000000000e+00,6.87500000000000000e-01,1.27660050008547477e+00,-1.92761469399841160e-04,1.27660051463857260e+00,7.52324993515897411e+00
335,1.93750000000000000e+00,6.87500000000000000e-01,1.28136189235214193e+00,-9.34899274220926668e-05,1.28136189576271886e+00,7.07651325319733449e+00
336,2.06250000000000000e+00,6.87500000000000000e-01,1.27689235537016255e+00,-6.22095862926110450e-05,1.27689235688557323e+00,7.19880986195742700e+00
337,2.18750000000000000e+00,6.87500000000000000e-01,1.28108703163617421e+00,-2.43732547979411064e-05,1.28108703186803030e+00,6.80398301718498200e+00
338,2.31250000000000000e+00,6.87500000000000000e-01,1.27717854994536850e+00,-2.35390243407308734e-05,1.27717855016228632e+00,6.87761658393452979e+00
339,2.43750000000000000e+00,6.87500000000000000e-01,1.28081574788413510e+00,-3.51416620324478963e-06,1.28081574788895591e+00,6.52823622008741200e+00
340,2.56250000000000000e+00,6.87500000000000000e-01,1.27745086775434724e+00,-1.14240167678244821e-05,1.27745086780542860e+00,6.55958791422965515e+00
341,2.68750000000000000e+00,6.87500000000000000e-01,1.28055590803590924e+00,2.86275284942307125e-06,1.28055590803910913e+00,6.24938716710840847e+00
342,2.81250000000000000e+00,6.87500000000000000e-01,1.27770463087206343e+00,-7.40479729669844152e-06,1.27770463089352027e+00,6.24457241328456014e+00
343,2.93750000000000000e+00,6.87500000000000000e-01,1.28031423657285037e+00,4.57353733356973483e-06,1.28031423658101917e+00,5.96762276430700478e+00
344,3.06250000000000000e+00,6.87500000000000000e-01,1.27793630213253850e+00,-5.83144629272116087e-06,1.27793630214584342e+00,5.93235643926691480e+00
345,3.18750000000000000e+00,6.87500000000000000e-01,1.28009518780574982e+00,4.74927853969863846e-06,1.28009518781456011e+00,5.68318346321007528e+00
346,3.31250000000000000e+00,6.87500000000000000e-01,1.27814338070672529e+00,-4.97248688652166081e-06,1.27814338071639777e+00,5.62268043664883876e+00
347,3.43750000000000000e+00,6.87500000000000000e-01,1.27990122370606518e+00,4.41023065280516787e-06,1.27990122371366355e+00,5.39634518794926166e+00
348,3.56250000000000000e+00,6.87500000000000000e-01,1.27832459513265007e+00,-4.31080273588182118e-06,1.27832459513991847e+00,5.31525767402148031e+00
349,3.68750000000000000e+00,6.87500000000000000e-01,1.27973319086870507e+00,3.90163820194319070e-06,1.27973319087465276e+00,5.10740202114003949e+00
350,3.81250000000000000e+00,6.87500000000000000e-01,1.27847989632529546e+00,-3.70695459509367970e-06,1.27847989633066961e+00,5.00979108157103514e+00
351,3.93750000000000000e+00,6.87500000000000000e-01,1.27959064893680208e+00,3.35021716351752678e-06,1.27959064894118790e+00,4.81665073883947503e+00
352,4.06250000000000000e+00,6.87500000000000000e-01,1.27861028912647789e+00,-3.13564251752828435e-06,1.27861028913032282e+00,4.70598757762315234e+00
353,4.18750000000000000e+00,6.87500000000000000e-01,1.27947217483040543e+00,2.80969593224820652e-06,1.27947217483349052e+00,4.52437800425004077e+00
354,4.31250000000000000e+00,6.87500000000000000e-01,1.27871758755268550e+00,-2.60243063084783953e-06,1.27871758755533382e+00,4.40356941570544258e+00
355,4.43750000000000000e+00,6.87500000000000000e-01,1.27937565370795570e+00,2.30682885437836913e-06,1.27937565371003537e+00,4.23085062900145203e+00
356,4.56250000000000000e+00,6.87500000000000000e-01,1.27880415104861012e+00,-2.11785902274452659e-06,1.27880415105036382e+00,4.10228236886060049e+00
357,4.68750000000000000e+00,6.87500000000000000e-01,1.27929854885189398e+00,1.85596335580700921e-06,1.27929854885324024e+00,3.93630896176961853e+00
358,4.81250000000000000e+00,6.87500000000000000e-01,1.27887263602183410e+00,-1.68988642057623438e-06,1.27887263602295054e+00,3.80190085436592140e+00
359,4.93750000000000000e+00,6.87500000000000000e-01,1.27923813776765072e+00,1.46400741462014764e-06,1.27923813776848849e+00,3.64096318833571164e+00
360,5.06250000000000000e+00,6.87500000000000000e-01,1.27892578255432388e+00,-1.32222788567587285e-06,1.27892578255500733e+00,3.50223032794751932e+00
361,5.18750000000000000e+00,6.87500000000000000e-01,1.27919170460263576e+00,1.13262381200124466e-06,1.27919170460313714e+00,3.34499213432472775e+00
362,5.31250000000000000e+00,6.87500000000000000e-01,1.27896624636827294e+00,-1.01461308353027578e-06,1.27896624636867551e+00,3.20310742355639189e+00
363,5.43750000000000000e+00,6.87500000000000000e-01,1.27915668432679874e+00,8.59664594145118977e-07,1.27915668432708762e+00,3.04854405254604055e+00
364,5.56250000000000000e+00,6.87500000000000000e-01,1.27899647881390077e+00,-7.63652715854590057e-07,1.27899647881412881e+00,2.90439838338785883e+00
365,5.68750000000000000e+00,6.87500000000000000e-01,1.27913075939459198e+00,6.40364940864115191e-07,1.27913075939475229e+00,2.75173884277637848e+00
366,5.81250000000000000e+00,6.87500000000000000e-01,1.27901865226668177e+00,-5.63838275494687717e-07,1.27901865226680611e+00,2.60599632395445813e+00
367,5.93750000000000000e+00,6.87500000000000000e-01,1.27911191371409094e+00,4.68383361517075212e-07,1.27911191371417665e+00,2.45467117801560608e+00
368,6.06250000000000000e+00,6.87500000000000000e-01,1.27903462472002749e+00,-4.08475657159054614e-07,1.27903462472009277e+00,2.30781783427525067e+00
369,6.18750000000000000e+00,6.87500000000000000e-01,1.27909845128769861e+00,3.36675281779967210e-07,1.27909845128774280e+00,2.15741407942049390e+00
370,6.31250000000000000e+00,6.87500000000000000e-01,1.27904593539713773e+00,-2.90461451250594583e-07,1.27904593539717082e+00,2.00979932031913222e+00
371,6.43750000000000000e+00,6.87500000000000000e-01,1.27908898796720427e+00,2.38176597938640192e-07,1.27908898796722648e+00,1.86002257372335889e+00
372,6.56250000000000000e+00,6.87500000000000000e-01,1.27905382281253788e+00,-2.02884198762847649e-07,1.27905382281255386e+00,1.71189341331672407e+00
373,6.68750000000000000e+00,6.87500000000000000e-01,1.27908242487594848e+00,1.66263674820834927e-07,1.27908242487595913e+00,1.56253716517821117e+00
374,6.81250000000000000e+00,6.87500000000000000e-01,1.27905925763760364e+00,-1.39515562101685051e-07,1.27905925763761119e+00,1.41406566244387744e+00
375,6.93750000000000000e+00,6.87500000000000000e-01,1.27907791126482695e+00,1.14933321423976943e-07,1.27907791126483206e+00,1.26498694581081428e+00
376,7.06250000000000000e+00,6.87500000000000000e-01,1.27906298391753426e+00,-9.53680250052164082e-08,1.27906298391753781e+00,1.11629164557603855e+00
377,7.18750000000000000e+00,6.87500000000000000e-01,1.27907480248949956e+00,7.85598028951918060e-08,1.27907480248950201e+00,9.67392245886153690e-01
378,7.31250000000000000e+00,6.87500000000000000e-01,1.27906556306385943e+00,-6.78848848677722626e-08,1.27906556306386121e+00,8.18554563645448763e-01
379,7.43750000000000000e+00,6.87500000000000000e-01,1.27907261693211982e+00,5.07103894788277883e-08,1.27907261693212093e+00,6.69766787574990863e-01
380,7.56250000000000000e+00,6.87500000000000000e-01,1.27906741660190315e+00,-6.01844154734911145e-08,1.27906741660190448e+00,5.20843333246020057e-01
381,7.68750000000000000e+00,6.87500000000000000e-01,1.27907099603246044e+00,2.35286032844210353e-08,1.27907099603246066e+00,3.72119349869697580e-01
382,7.81250000000000000e+00,6.87500000000000000e-01,1.27906886849613799e+00,-7.89648948497693189e-08,1.27906886849614043e+00,2.23151149510449537e-01
383,7.93750000000000000e+00,6.87500000000000000e-01,1.27906971380069234e+00,3.65878257394161509e-08,1.27906971380069279e+00,7.44550451678265557e-02
384,6.25000000000000000e-02,8.12500000000000000e-01,1.02687329946434414e+00,-2.82948584210101717e-01,1.06514256062711610e+00,1.00862093871877079e+01
385,1.87500000000000000e-01,8.12500000000000000e-01,1.02303476025899087e+00,-1.96446741580926759e-01,1.04172522431586256e+00,9.31011459435126554e+00
386,3.12500000000000000e-01,8.12500000000000000e-01,1.00216483215366936e+00,-1.77918493253942489e-01,1.01783561592594385e+00,9.69393720369054712e+00
387,4.37500000000000000e-01,8.12500000000000000e-01,9.81460487611529153e-01,-9.38708655563009892e-02,9.85939363319545015e-01,8.78950908646370799e+00
388,5.62500000000000000e-01,8.12500000000000000e-01,9.51235284120857671e-01,-6.00515592849323737e-02,9.53128929121889956e-01,9.24538875134944327e+00
389,6.87500000000000000e-01,8.12500000000000000e-01,9.40800110982574211e-01,-2.81173847502420374e-02,9.41220184733634557e-01,8.43391304529623653e+00
390,8.12500000000000000e-01,8.12500000000000000e-01,9.21440295094463235e-01,-1.57536161881081244e-02,9.21574952918520762e-01,8.86717550326066650e+00
391,9.37500000000000000e-01,8.12500000000000000e-01,9.21180428424034248e-01,-6.82303851268274610e-03,9.21205696663906282e-01,8.14694976295496964e+00
392,1.06250000000000000e+00,8.12500000000000000e-01,9.09460817669956345e-01,-3.62612003317341804e-03,9.09468046510376604e-01,8.51969313386635285e+00
393,1.18750000000000000e+00,8.12500000000000000e-01,9.13763871425315344e-01,-1.49324469718917674e-03,9.13765091531683504e-01,7.87855149960264267e+00
394,1.31250000000000000e+00,8.12500000000000000e-01,9.05546282282669313e-01,-8.08387742061400646e-04,9.05546643109401250e-01,8.18299102088061225e+00
395,1.43750000000000000e+00,8.12500000000000000e-01,9.11158773368566988e-01,-3.22675360059435958e-04,9.11158830504264827e-01,7.61310751245029582e+00
396,1.56250000000000000e+00,8.12500000000000000e-01,9.04527864970353979e-01,-1.99625806442273326e-04,9.04527886998675923e-01,7.85133825428870136e+00
397,1.68750000000000000e+00,8.12500000000000000e-01,9.10149490638853642e-01,-7.25521390954890933e-05,9.10149493530583498e-01,7.34624719976104323e+00
398,1.81250000000000000e+00,8.12500000000000000e-01,9.04439039278808088e-01,-6.40854345544748224e-05,9.04439041549244593e-01,7.52339003443678145e+00
399,1.93750000000000000e+00,8.12500000000000000e-01,9.09625549753342866e-01,-1.32659805208648471e-05,9.09625549850078374e-01,7.07669874075097471e+00
400,2.06250000000000000e+00,8.12500000000000000e-01,9.04632043709792666e-01,-2.94555954165982433e-05,9.04632044189342399e-01,7.19884759828789988e+00
401,2.18750000000000000e+00,8.12500000000000000e-01,9.09248637812423044e-01,3.77054302620601382e-06,9.09248637820241012e-01,6.80407035341356714e+00
402,2.31250000000000000e+00,8.12500000000000000e-01,9.04904366802310456e-01,-1.85187263626189828e-05,9.04904366991801878e-01,6.87761153468706077e+00
403,2.43750000000000000e+00,8.12500000000000000e-01,9.08924062424666279e-01,9.35245519404461547e-06,9.08924062472782679e-01,6.52828488572064281e+00
404,2.56250000000000000e+00,8.12500000000000000e-01,9.05190399218598007e-01,-1.43038983647341810e-05,9.05190399331613826e-01,6.55956836302932800e+00
405,2.68750000000000000e+00,8.12500000000000000e-01,9.08628584401346417e-01,1.09096260751019620e-05,9.08628584466840694e-01,6.24941973885620161e+00
406,2.81250000000000000e+00,8.12500000000000000e-01,9.05466033593822162e-01,-1.23014356231017539e-05,9.05466033677384208e-01,6.24455072908429898e+00
407,2.93750000000000000e+00,8.12500000000000000e-01,9.08358567557188690e-01,1.08035304452236135e-05,9.08358567621434410e-01,5.96764743609344617e+00
408,3.06250000000000000e+00,8.12500000000000000e-01,9.05720721930030837e-01,-1.09518944363249056e-05,9.05720721996245537e-01,5.93233647212575654e+00
409,3.18750000000000000e+00,8.12500000000000000e-01,9.08115238930640167e-01,1.00124737833454062e-05,9.08115238985836681e-01,5.68320317038869938e+00
410,3.31250000000000000e+00,8.12500000000000000e-01,9.05949420515445136e-01,-9.74010887303539203e-06,9.05949420567804364e-01,5.62266330390431968e+00
411,3.43750000000000000e+00,8.12500000000000000e-01,9.07900129481522433e-01,8.94524859166657269e-06,9.07900129525589739e-01,5.39636107782216001e+00
412,3.56250000000000000e+00,8.12500000000000000e-01,9.06149945160924619e-01,-8.53684968700557907e-06,9.06149945201137452e-01,5.31524355755607836e+00
413,3.68750000000000000e+00,8.12500000000000000e-01,9.07713815754260467e-01,7.78354662830155246e-06,9.07713815787631995e-01,5.10741468783396257e+00
414,3.81250000000000000e+00,8.12500000000000000e-01,9.06321968775222531e-01,-7.34199187943714274e-06,9.06321968804960743e-01,5.00977980819436919e+00
415,3.93750000000000000e+00,8.12500000000000000e-01,9.07555718470637762e-01,6.62138066605174587e-06,9.07555718494791996e-01,4.81666063116617238e+00
416,4.06250000000000000e+00,8.12500000000000000e-01,9.06466498707086066e-01,-6.18925195702196047e-06,9.06466498728215830e-01,4.70597882717902927e+00
417,4.18750000000000000e+00,8.12500000000000000e-01,9.07424252646918506e-01,5.51547864054446810e-06,9.07424252663680542e-01,4.52438554108218316e+00
418,4.31250000000000000e+00,8.12500000000000000e-01,9.06585495315998635e-01,-5.11367498618817467e-06,9.06585495330420654e-01,4.40356281129971894e+00
419,4.43750000000000000e+00,8.12500000000000000e-01,9.07317089169881186e-01,4.50204740292029966e-06,9.07317089181050696e-01,4.23085621703343140e+00
420,4.56250000000000000e+00,8.12500000000000000e-01,9.06681544452647925e-01,-4.14168825064653265e-06,9.06681544462107469e-01,4.10227752531473477e+00
421,4.68750000000000000e+00,8.12500000000000000e-01,9.07231434406744475e-01,3.60266438412716232e-06,9.07231434413897642e-01,3.93631298526342333e+00
422,4.81250000000000000e+00,8.12500000000000000e-01,9.06757570941508217e-01,-3.28902186583710762e-06,9.06757570947473224e-01,3.80189740772390472e+00
423,4.93750000000000000e+00,8.12500000000000000e-01,9.07164285921963853e-01,2.82724472445258266e-06,9.07164285926369440e-01,3.64096599507731611e+00
424,5.06250000000000000e+00,8.12500000000000000e-01,9.06816598469817325e-01,-2.56146123931486889e-06,9.06816598473434987e-01,3.50222795332016990e+00
425,5.18750000000000000e+00,8.12500000000000000e-01,9.07112644312365157e-01,2.17643989432684091e-06,9.07112644314976069e-01,3.34499402552271574e+00
426,5.31250000000000000e+00,8.12500000000000000e-01,9.06861561787334347e-01,-1.95666158921623369e-06,9.06861561789445214e-01,3.20310584433978329e+00
427,5.43750000000000000e+00,8.12500000000000000e-01,9.07073673153066640e-01,1.64397152129476596e-06,9.07073673154556337e-01,3.04854527831426214e+00
428,5.56250000000000000e+00,8.12500000000000000e-01,9.06895172702819385e-01,-1.46629944804613911e-06,9.06895172704004771e-01,2.90439737389151453e+00
429,5.68750000000000000e+00,8.12500000000000000e-01,9.07044806828489536e-01,1.21886978466167373e-06,9.07044806829308436e-01,2.75173960259746364e+00
430,5.81250000000000000e+00,8.12500000000000000e-01,9.06919836558924275e-01,-1.07819076805987959e-06,9.06919836559565207e-01,2.60599570726580909e+00
431,5.93750000000000000e+00,8.12500000000000000e-01,9.07023811199149876e-01,8.87483629312821641e-07,9.07023811199583974e-01,2.45467162484473445e+00
432,6.06250000000000000e+00,8.12500000000000000e-01,9.06937612224639755e-01,-7.78158505303436905e-07,9.06937612224973599e-01,2.30781747705102802e+00
433,6.18750000000000000e+00,8.12500000000000000e-01,9.07008805097611948e-01,6.35159413495943951e-07,9.07008805097834325e-01,2.15741432598820770e+00
434,6.31250000000000000e+00,8.12500000000000000e-01,9.06950206569020589e-01,-5.51535440340908265e-07,9.06950206569188344e-01,2.00979912596131483e+00
435,6.43750000000000000e+00,8.12500000000000000e-01,9.06998251941249500e-01,4.47526078366141319e-07,9.06998251941359968e-01,1.86002269977728130e+00
436,6.56250000000000000e+00,8.12500000000000000e-01,9.06958993945696013e-01,-3.84297571486352127e-07,9.06958993945777392e-01,1.71189331466913619e+00
437,6.68750000000000000e+00,8.12500000000000000e-01,9.06990930872058176e-01,3.11339507930741871e-07,9.06990930872111578e-01,1.56253722469859357e+00
438,6.81250000000000000e+00,8.12500000000000000e-01,9.06965052162400753e-01,-2.63911694010896910e-07,9.06965052162439167e-01,1.41406561486466376e+00
439,6.93750000000000000e+00,8.12500000000000000e-01,9.06985895901729622e-01,2.14893368863610125e-07,9.06985895901755046e-01,1.26498697350624556e+00
440,7.06250000000000000e+00,8.12500000000000000e-01,9.06969207657730703e-01,-1.80019094355969900e-07,9.06969207657748577e-01,1.11629162115697000e+00
441,7.18750000000000000e+00,8.12500000000000000e-01,9.06982429168131987e-01,1.47996291954405114e-07,9.06982429168144089e-01,9.67392262213448983e-01
442,7.31250000000000000e+00,8.12500000000000000e-01,9.06972083535836693e-01,-1.25517348568835924e-07,9.06972083535845353e-01,8.18554547781654041e-01
443,7.43750000000000000e+00,8.12500000000000000e-01,9.06979991816774689e-01,1.00806857585402080e-07,9.06979991816780351e-01,6.69766800155758846e-01
444,7.56250000000000000e+00,8.12500000000000000e-01,9.06974145382743679e-01,-1.00181026085467150e-07,9.06974145382749231e-01,5.20843327619845642e-01
445,7.68750000000000000e+00,8.12500000000000000e-01,9.06978174475339127e-01,6.15953441661437197e-08,9.06978174475341126e-01,3.72119343091202703e-01
446,7.81250000000000000e+00,8.12500000000000000e-01,9.06975746753880929e-01,-1.09153239473280617e-07,9.06975746753887480e-01,2.23151202344398225e-01
447,7.93750000000000000e+00,8.12500000000000000e-01,9.06976708553945188e-01,7.63440341588785286e-08,9.06976708553948407e-01,7.44549446357820333e-02
448,6.25000000000000000e-02,9.37500000000000000e-01,8.20457680510921827e-01,-1.68182114345442890e-01,8.37517778375519328e-01,1.25856645088781391e+01
449,1.87500000000000000e-01,9.37500000000000000e-01,7.28395179360648903e-01,-1.02734987676808429e-01,7.35604523510279940e-01,9.38840425054929817e+00
450,3.12500000000000000e-01,9.37500000000000000e-01,5.21322168355623949e-01,-9.03226166723789664e-02,5.29088818915647741e-01,1.00649546854891625e+01
451,4.37500000000000000e-01,9.37500000000000000e-01,4.60082165740799243e-01,-3.76905837568963994e-02,4.61623417231708355e-01,8.68203435403990653e+00
452,5.62500000000000000e-01,9.37500000000000000e-01,3.89856742585306504e-01,-2.31562035701704007e-02,3.90543838132173249e-01,9.25990940531685425e+00
453,6.87500000000000000e-01,9.37500000000000000e-01,3.76755160192635608e-01,-7.40730275736070296e-03,3.76827969856163569e-01,8.36736204345136159e+00
454,8.12500000000000000e-01,9.37500000000000000e-01,3.54473014138103948e-01,-3.98082764797269995e-03,3.54495366317975014e-01,8.85104700836676273e+00
455,9.37500000000000000e-01,9.37500000000000000e-01,3.56859653774364405e-01,-6.27344119695194785e-04,3.56860205196101621e-01,8.12025922995726290e+00
456,1.06250000000000000e+00,9.37500000000000000e-01,3.47201945507746523e-01,-3.15720014704019977e-04,3.47202089054043372e-01,8.51133993883665418e+00
457,1.18750000000000000e+00,9.37500000000000000e-01,3.52722145333732529e-01,2.24348615925298720e-04,3.52722216682097023e-01,7.86945226463825964e+00
458,1.31250000000000000e+00,9.37500000000000000e-01,3.46143060846263340e-01,9.78628458187343531e-05,3.46143074680335838e-01,8.18004141279165076e+00
459,1.43750000000000000e+00,9.37500000000000000e-01,3.51789353520526538e-01,1.56319223045515250e-04,3.51789388251109003e-01,7.61014053906447696e+00
460,1.56250000000000000e+00,9.37500000000000000e-01,3.46209107572151065e-01,5.96697132652028694e-05,3.46209112714237988e-01,7.85047971757546126e+00
461,1.68750000000000000e+00,9.37500000000000000e-01,3.51409025358460303e-01,6.78712720057134458e-05,3.51409031912801817e-01,7.34521301535417148e+00
462,1.81250000000000000e+00,9.37500000000000000e-01,3.46450627432038749e-01,1.70751397537617298e-05,3.46450627852820769e-01,7.52322662238741469e+00
463,1.93750000000000000e+00,9.37500000000000000e-01,3.51112102276401716e-01,2.96786633753171545e-05,3.51112103530734798e-01,7.07625389071312316e+00
464,2.06250000000000000e+00,9.37500000000000000e-01,3.46718613789078312e-01,-1.06726163936504071e-06,3.46718613790720942e-01,7.19891160516079331e+00
465,2.18750000000000000e+00,9.37500000000000000e-01,3.50830301275896539e-01,1.63537061263266415e-05,3.50830301657054755e-01,6.80380874325907481e+00
466,2.31250000000000000e+00,9.37500000000000000e-01,3.46987885285615139e-01,-7.15158415104237966e-06,3.46987885359313908e-01,6.87774768793590674e+00
467,2.43750000000000000e+00,9.37500000000000000e-01,3.50559323325621397e-01,1.18223232401502186e-05,3.50559323524970434e-01,6.52808634410073640e+00
468,2.56250000000000000e+00,9.37500000000000000e-01,3.47248986496902612e-01,-8.75910177377660988e-06,3.47248986607373578e-01,6.55972271316949929e+00
469,2.68750000000000000e+00,9.37500000000000000e-01,3.50303106839756018e-01,9.96522986261562102e-06,3.50303106981498691e-01,6.24924937315063644e+00
470,2.81250000000000000e+00,9.37500000000000000e-01,3.47495038870783368e-01,-8.75846407539627028e-06,3.47495038981160020e-01,6.24470229061924531e+00
471,2.93750000000000000e+00,9.37500000000000000e-01,3.50065880477486213e-01,8.82431878990053136e-06,3.50065880588706135e-01,5.96749580159831705e+00
472,3.06250000000000000e+00,9.37500000000000000e-01,3.47720977965504607e-01,-8.17575819856488110e-06,3.47720978061620500e-01,5.93247699977061149e+00
473,3.18750000000000000e+00,9.37500000000000000e-01,3.49850969219154095e-01,7.83567366074127745e-06,3.49850969306902571e-01,5.68306829618949649e+00
474,3.31250000000000000e+00,9.37500000000000000e-01,3.47923588469916056e-01,-7.35586092985490802e-06,3.47923588547675522e-01,5.62278927012560903e+00
475,3.43750000000000000e+00,9.37500000000000000e-01,3.49660461959099111e-01,6.86713777098522920e-06,3.49660462026532504e-01,5.39624280590215832e+00
476,3.56250000000000000e+00,9.37500000000000000e-01,3.48101286486317218e-01,-6.44263348921257709e-06,3.48101286545937083e-01,5.31535359553723286e+00
477,3.68750000000000000e+00,9.37500000000000000e-01,3.49495150159719714e-01,5.90965223942711764e-06,3.49495150209683192e-01,5.10731289741568872e+00
478,3.81250000000000000e+00,9.37500000000000000e-01,3.48253854702304355e-01,-5.51375766355975229e-06,3.48253854745952884e-01,5.00987377695781433e+00
479,3.93750000000000000e+00,9.37500000000000000e-01,3.49354656149137077e-01,4.98628179785578020e-06,3.49354656184721279e-01,4.81657475894772258e+00
480,4.06250000000000000e+00,9.37500000000000000e-01,3.48382172161152526e-01,-4.61858180478860777e-06,3.48382172191767314e-01,4.70605738414309194e+00
481,4.18750000000000000e+00,9.37500000000000000e-01,3.49237658805194695e-01,4.12370912556406462e-06,3.49237658829540554e-01,4.52431454448388237e+00
482,4.31250000000000000e+00,9.37500000000000000e-01,3.48487939566045568e-01,-3.78981009582503254e-06,3.48487939586652695e-01,4.40362714912205622e+00
483,4.43750000000000000e+00,9.37500000000000000e-01,3.49142153487715157e-01,3.34299212348632897e-06,3.49142153503719521e-01,4.23079868298326289e+00
484,4.56250000000000000e+00,9.37500000000000000e-01,3.48573410643625237e-01,-3.04784767381630714e-06,3.48573410656950078e-01,4.10232917010074249e+00
485,4.68750000000000000e+00,9.37500000000000000e-01,3.49065708285514475e-01,2.65710003555530269e-06,3.49065708295627442e-01,3.93626727505699270e+00
486,4.81250000000000000e+00,9.37500000000000000e-01,3.48641145554800969e-01,-2.40315730873437106e-06,3.48641145563083343e-01,3.80193805250209405e+00
487,4.93750000000000000e+00,9.37500000000000000e-01,3.49005693538887329e-01,2.07111687509058242e-06,3.49005693545032691e-01,3.64093038259208335e+00
488,5.06250000000000000e+00,9.37500000000000000e-01,3.48693800163675571e-01,-1.85820100324313656e-06,3.48693800168626777e-01,3.50225932311582833e+00
489,5.18750000000000000e+00,9.37500000000000000e-01,3.48959471300390400e-01,1.58353584595801022e-06,3.48959471303983360e-01,3.34496681166565102e+00
490,5.31250000000000000e+00,9.37500000000000000e-01,3.48733959523873760e-01,-1.40934042143300704e-06,3.48733959526721538e-01,3.20312959346771375e+00
491,5.43750000000000000e+00,9.37500000000000000e-01,3.48924538820520214e-01,1.18793891525646243e-06,3.48924538822542429e-01,3.04852487585788845e+00
492,5.56250000000000000e+00,9.37500000000000000e-01,3.48764018097256101e-01,-1.04868403504445781e-06,3.48764018098832729e-01,2.90441501490082876e+00
493,5.68750000000000000e+00,9.37500000000000000e-01,3.48898626016479252e-01,8.74697738750702766e-07,3.48898626017575708e-01,2.75172459139010384e+00
494,5.81250000000000000e+00,9.37500000000000000e-01,3.48786104314855072e-01,-7.65772529052119866e-07,3.48786104315695733e-01,2.60600856873874287e+00
495,5.93750000000000000e+00,9.37500000000000000e-01,3.48879751184019815e-01,6.32496556588097073e-07,3.48879751184593134e-01,2.45466078064712656e+00
496,6.06250000000000000e+00,9.37500000000000000e-01,3.48802043623968328e-01,-5.49001678124551541e-07,3.48802043624400371e-01,2.30782668566892735e+00
497,6.18750000000000000e+00,9.37500000000000000e-01,3.48866241877361039e-01,4.49577004340288622e-07,3.48866241877650696e-01,2.15740662788141391e+00
498,6.31250000000000000e+00,9.37500000000000000e-01,3.48813352209693339e-01,-3.86726841799454628e-07,3.48813352209907723e-01,2.00980560733546954e+00
499,6.43750000000000000e+00,9.37500000000000000e-01,3.48856729058465320e-01,3.14663783562140190e-07,3.48856729058607207e-01,1.86001732170530709e+00
500,6.56250000000000000e+00,9.37500000000000000e-01,3.48821253081496530e-01,-2.68059374144368016e-07,3.48821253081599558e-01,1.71189780745962561e+00
501,6.68750000000000000e+00,9.37500000000000000e-01,3.48850122743465552e-01,2.17555460665017709e-07,3.48850122743533386e-01,1.56253351660374751e+00
502,6.81250000000000000e+00,9.37500000000000000e-01,3.48826706962345079e-01,-1.83414781370412277e-07,3.48826706962393318e-01,1.41406869334261476e+00
503,6.93750000000000000e+00,9.37500000000000000e-01,3.48845576603996899e-01,1.49410050287110190e-07,3.48845576604028929e-01,1.26498443663066573e+00
504,7.06250000000000000e+00,9.37500000000000000e-01,3.48830451535002917e-01,-1.24874773053289816e-07,3.48830451535025288e-01,1.11629372206643040e+00
505,7.18750000000000000e+00,9.37500000000000000e-01,3.48842446956706687e-01,1.02763079711717727e-07,3.48842446956721841e-01,9.67390521664948988e-01
506,7.31250000000000000e+00,9.37500000000000000e-01,3.48833043330659176e-01,-8.66359321661423897e-08,3.48833043330669945e-01,8.18555999036110427e-01
507,7.43750000000000000e+00,9.37500000000000000e-01,3.48840248705856115e-01,7.08762315016077461e-08,3.48840248705863332e-01,6.69765578316946053e-01
508,7.56250000000000000e+00,9.37500000000000000e-01,3.48834896456530874e-01,-6.66679623513304263e-08,3.48834896456537258e-01,5.20844384644390646e-01
509,7.68750000000000000e+00,9.37500000000000000e-01,3.48838606441857102e-01,4.60095393209847186e-08,3.48838606441860155e-01,3.72118450087446706e-01
510,7.81250000000000000e+00,9.37500000000000000e-01,3.48836316219148956e-01,-6.54653534946369541e-08,3.48836316219155118e-01,2.23152137782301890e-01
511,7.93750000000000000e+00,9.37500000000000000e-01,3.48837248087601193e-01,5.00163126076589841e-08,3.48837248087604801e-01,7.44543145044793964e-02
